x,y,Dist_400,N_400,N_r800,R_count_group_400,R_count_group_r800,T_count_group_400,T_count_group_r800
50,50,725.8388976,400,466,0.1243421053,0.1266094421,49.73684211,59
50,150,680.1702573,400,522,0.1165789474,0.1245210728,46.63157895,65
50,250,610.2458521,400,581,0.1137,0.1222030981,45.48,71
50,350,580.02463,400,657,0.1211607143,0.1202435312,48.46428571,79
50,450,531.9221526,400,706,0.1207352941,0.1147308782,48.29411765,81
50,550,519.9469469,400,756,0.118362069,0.1137566138,47.34482759,86
50,650,505.6820006,400,809,0.1110714286,0.1124845488,44.42857143,91
50,750,506.4292529,400,831,0.1122058824,0.1131167268,44.88235294,94
50,850,503.20402,400,854,0.1091071429,0.112412178,43.64285714,96
50,950,506.0350073,400,858,0.108125,0.1188811189,43.25,102
50,1050,508.1830379,400,853,0.0920625,0.123094959,36.825,105
50,1150,505.5689864,400,868,0.0828,0.1209677419,33.12,105
50,1250,506.9882021,400,854,0.09101851852,0.1194379391,36.40740741,102
50,1350,507.8176719,400,841,0.1018181818,0.1224732461,40.72727273,103
50,1450,514.6248242,400,849,0.1083064516,0.1236749117,43.32258065,105
50,1550,514.6502355,400,838,0.1066216216,0.1264916468,42.64864865,106
50,1650,514.4778907,400,835,0.1065625,0.1209580838,42.625,101
50,1750,513.4553181,400,820,0.1096212121,0.1158536585,43.84848485,95
50,1850,513.5659646,400,823,0.1215625,0.1287970838,48.625,106
50,1950,522.8129047,400,825,0.125,0.1309090909,50,108
50,2050,534.5224838,400,824,0.1335714286,0.1286407767,53.42857143,106
50,2150,530.0943312,400,828,0.13525,0.1292270531,54.1,107
50,2250,529.405582,400,828,0.1251351351,0.1268115942,50.05405405,105
50,2350,525.9911279,400,812,0.1208333333,0.1330049261,48.33333333,108
50,2450,529.1502622,400,824,0.125,0.140776699,50,116
50,2550,517.5491695,400,812,0.1227380952,0.1342364532,49.0952381,109
50,2650,529.5795931,400,816,0.1384090909,0.1335784314,55.36363636,109
50,2750,520.8166664,400,813,0.1325,0.1340713407,53,109
50,2850,529.1502622,400,806,0.1183333333,0.1339950372,47.33333333,108
50,2950,523.8744549,400,815,0.1199074074,0.1398773006,47.96296296,114
50,3050,528.8243304,400,823,0.1248275862,0.1360874848,49.93103448,112
50,3150,531.2796481,400,825,0.1137096774,0.1333333333,45.48387097,110
50,3250,529.1502622,400,832,0.115,0.1394230769,46,116
50,3350,535.4126135,400,801,0.1241666667,0.1373283396,49.66666667,110
50,3450,530.1708037,400,767,0.1180405405,0.1303780965,47.21621622,100
50,3550,567.0436152,400,709,0.1240384615,0.1339915374,49.61538462,95
50,3650,600.3471218,400,643,0.1276041667,0.1353032659,51.04166667,87
50,3750,634.2099197,400,571,0.1211111111,0.1348511384,48.44444444,77
50,3850,698.4108947,400,512,0.1197222222,0.130859375,47.88888889,67
50,3950,727.5202501,400,452,0.1173214286,0.1261061947,46.92857143,57
150,50,683.4784979,400,514,0.1271428571,0.1206225681,50.85714286,62
150,150,606.6300355,400,585,0.124,0.1264957265,49.6,74
150,250,552.2680509,400,657,0.11625,0.1248097412,46.5,82
150,350,504.2675027,400,726,0.1139285714,0.1212121212,45.57142857,88
150,450,467.218025,400,780,0.1227439024,0.1179487179,49.09756098,92
150,550,466.5750826,400,852,0.1213461538,0.1255868545,48.53846154,107
150,650,448.352995,400,916,0.1177040816,0.1222707424,47.08163265,112
150,750,444.3189787,400,957,0.1143548387,0.1222570533,45.74193548,117
150,850,448.2288377,400,964,0.1127272727,0.1203319502,45.09090909,116
150,950,457.2645942,400,983,0.1052272727,0.1220752798,42.09090909,120
150,1050,463.5661949,400,988,0.09446808511,0.1255060729,37.78723404,124
150,1150,456.5758847,400,988,0.08634615385,0.1295546559,34.53846154,128
150,1250,449.3585171,400,976,0.09788461538,0.1239754098,39.15384615,121
150,1350,463.6809248,400,962,0.10175,0.1195426195,40.7,115
150,1450,464.3543905,400,964,0.1075,0.122406639,43,118
150,1550,469.8454182,400,960,0.1108018868,0.125,44.32075472,120
150,1650,465.8554246,400,962,0.1109574468,0.1268191268,44.38297872,122
150,1750,466.2048249,400,972,0.1137755102,0.1296296296,45.51020408,126
150,1850,473.5881273,400,940,0.1273571429,0.129787234,50.94285714,122
150,1950,479.99183,400,939,0.1281372549,0.1341853035,51.25490196,126
150,2050,484.68612,400,941,0.1332142857,0.1339001063,53.28571429,126
150,2150,489.3087746,400,951,0.1373557692,0.134595163,54.94230769,128
150,2250,486.3521991,400,942,0.1352884615,0.1316348195,54.11538462,124
150,2350,478.7135539,400,945,0.1260416667,0.1407407407,50.41666667,133
150,2450,480.7619738,400,931,0.1277830189,0.1364124597,51.11320755,127
150,2550,482.2428222,400,937,0.1272674419,0.1355389541,50.90697674,127
150,2650,473.2863826,400,946,0.1372,0.1416490486,54.88,134
150,2750,472.2287581,400,937,0.13555,0.1334044824,54.22,125
150,2850,481.384222,400,926,0.1308653846,0.1382289417,52.34615385,128
150,2950,472.9998029,400,928,0.1269915254,0.1379310345,50.79661017,128
150,3050,474.7597555,400,936,0.1201587302,0.1388888889,48.06349206,130
150,3150,484.4521417,400,940,0.1179081633,0.1414893617,47.16326531,133
150,3250,487.5646606,400,947,0.1219298246,0.141499472,48.77192982,134
150,3350,482.7377283,400,916,0.1265178571,0.1386462882,50.60714286,127
150,3450,491.7501213,400,857,0.133,0.1423570595,53.2,122
150,3550,495.9838707,400,796,0.1234,0.1444723618,49.36,115
150,3650,512.0763832,400,727,0.1236111111,0.1444291609,49.44444444,105
150,3750,572.5188012,400,655,0.1223611111,0.1435114504,48.94444444,94
150,3850,607.9927404,400,575,0.1173275862,0.1304347826,46.93103448,75
150,3950,693.3752453,400,502,0.1219230769,0.1294820717,48.76923077,65
250,50,614.1661013,400,570,0.1268,0.1298245614,50.72,74
250,150,556.7764363,400,647,0.1283333333,0.1329211747,51.33333333,86
250,250,494.9747468,400,730,0.12325,0.1273972603,49.3,93
250,350,439.0071443,400,808,0.1138636364,0.1237623762,45.54545455,100
250,450,420.3173404,400,886,0.1241666667,0.1286681716,49.66666667,114
250,550,419.9567077,400,955,0.1263636364,0.1298429319,50.54545455,124
250,650,410.9089362,400,1018,0.1207692308,0.1306483301,48.30769231,133
250,750,414.9966533,400,1061,0.1111111111,0.1272384543,44.44444444,135
250,850,412.3105626,400,1066,0.105,0.126641651,42,135
250,950,418.3300133,400,1100,0.10375,0.1290909091,41.5,142
250,1050,420.3173404,400,1093,0.1125,0.131747484,45,144
250,1150,409.6561751,400,1098,0.09195454545,0.135701275,36.78181818,149
250,1250,409.9941928,400,1113,0.1038095238,0.1320754717,41.52380952,147
250,1350,420.0340122,400,1106,0.1016071429,0.1311030741,40.64285714,145
250,1450,416.1224516,400,1103,0.1175,0.1332728921,47,147
250,1550,425.6759331,400,1103,0.1137,0.1350861287,45.48,149
250,1650,418.7894643,400,1083,0.1215384615,0.1311172669,48.61538462,142
250,1750,420.7835828,400,1087,0.1213235294,0.132474701,48.52941176,144
250,1850,431.8564576,400,1073,0.1374375,0.1351351351,54.975,145
250,1950,431.1074791,400,1067,0.1273170732,0.1330834114,50.92682927,142
250,2050,437.6706017,400,1097,0.1319444444,0.1321786691,52.77777778,145
250,2150,436.1998054,400,1081,0.1376351351,0.1378353377,55.05405405,149
250,2250,432.0493799,400,1082,0.1408333333,0.1404805915,56.33333333,152
250,2350,430.3486958,400,1066,0.1264,0.1510318949,50.56,161
250,2450,431.8918988,400,1050,0.1315816327,0.1457142857,52.63265306,153
250,2550,430.6971093,400,1054,0.126625,0.1423149905,50.65,150
250,2650,426.3087267,400,1053,0.1369565217,0.1405508072,54.7826087,148
250,2750,426.4510114,400,1063,0.1411627907,0.1401693321,56.46511628,149
250,2850,429.4699576,400,1038,0.1363888889,0.1396917148,54.55555556,145
250,2950,420.3173404,400,1059,0.1258333333,0.1425873466,50.33333333,151
250,3050,423.6744033,400,1063,0.124625,0.1439322672,49.85,153
250,3150,430.4793839,400,1078,0.1183203125,0.1493506494,47.328125,161
250,3250,428.6882141,400,1063,0.1262735849,0.1476952023,50.50943396,157
250,3350,428.2572303,400,1014,0.1367021277,0.1429980276,54.68085106,145
250,3450,432.8607409,400,953,0.1292105263,0.1427072403,51.68421053,136
250,3550,430.3166436,400,886,0.1320258621,0.1433408578,52.81034483,127
250,3650,445.292841,400,816,0.1264285714,0.1470588235,50.57142857,120
250,3750,503.2248942,400,728,0.1282352941,0.1497252747,51.29411765,109
250,3850,565.6854249,400,647,0.13,0.1391035549,52,90
250,3950,621.9927652,400,574,0.12203125,0.1358885017,48.8125,78
350,50,578.5644667,400,631,0.1267105263,0.1362916006,50.68421053,86
350,150,504.8252023,400,717,0.1272727273,0.1422594142,50.90909091,102
350,250,438.9381126,400,818,0.1279166667,0.1393643032,51.16666667,114
350,350,409.169103,400,896,0.1192741935,0.1361607143,47.70967742,122
350,450,403.5171458,400,978,0.1192391304,0.1431492843,47.69565217,140
350,550,403.9801975,400,1060,0.1239,0.1367924528,49.56,145
350,650,402.2663071,400,1134,0.1254545455,0.1331569665,50.18181818,151
350,750,403.227718,400,1189,0.1133333333,0.1312026913,45.33333333,156
350,850,403.706234,400,1207,0.1029787234,0.1358740679,41.19148936,164
350,950,405.3882369,400,1214,0.1143396226,0.1375617792,45.73584906,167
350,1050,406.3883797,400,1215,0.1076515152,0.1407407407,43.06060606,171
350,1150,402.2437072,400,1219,0.11155,0.1419196062,44.62,173
350,1250,401.386486,400,1226,0.1122222222,0.1370309951,44.88888889,168
350,1350,402.2663071,400,1219,0.1165909091,0.1378178835,46.63636364,168
350,1450,402.5486984,400,1226,0.1080113636,0.1362153344,43.20454545,167
350,1550,405.139397,400,1233,0.1201724138,0.1394971614,48.06896552,172
350,1650,406.0857796,400,1208,0.1261320755,0.1374172185,50.45283019,166
350,1750,407.7677155,400,1215,0.1328431373,0.1341563786,53.1372549,163
350,1850,409.1068577,400,1218,0.1267105263,0.1379310345,50.68421053,168
350,1950,409.4472601,400,1198,0.1358823529,0.132721202,54.35294118,159
350,2050,410.6904755,400,1218,0.1438333333,0.1354679803,57.53333333,165
350,2150,411.5674369,400,1207,0.138622449,0.1458160729,55.44897959,176
350,2250,408.1666326,400,1211,0.13825,0.1436829067,55.3,174
350,2350,409.1068577,400,1213,0.1378947368,0.1467436109,55.15789474,178
350,2450,409.6068576,400,1185,0.1330555556,0.1502109705,53.22222222,178
350,2550,408.4219762,400,1164,0.1319148936,0.1546391753,52.76595745,180
350,2650,407.0499419,400,1177,0.1413362069,0.1495327103,56.53448276,176
350,2750,404.547323,400,1181,0.1470731707,0.1456392887,58.82926829,172
350,2850,407.1175271,400,1173,0.1404255319,0.1432225064,56.17021277,168
350,2950,407.6763422,400,1175,0.13645,0.1480851064,54.58,174
350,3050,405.7513356,400,1202,0.1407926829,0.1480865225,56.31707317,178
350,3150,405.6800108,400,1183,0.1350847458,0.1513102282,54.03389831,179
350,3250,405.3617913,400,1180,0.1372159091,0.1516949153,54.88636364,179
350,3350,408.5450904,400,1131,0.1405454545,0.1476569408,56.21818182,167
350,3450,410.4039139,400,1058,0.1360784314,0.145557656,54.43137255,154
350,3550,407.537675,400,980,0.1381521739,0.1489795918,55.26086957,146
350,3650,414.1720193,400,916,0.1386538462,0.1451965066,55.46153846,133
350,3750,438.6499665,400,811,0.1352586207,0.1491985203,54.10344828,121
350,3850,506.3877679,400,713,0.1396428571,0.1402524544,55.85714286,100
350,3950,594.0177968,400,647,0.1407142857,0.1375579598,56.28571429,89
450,50,542.896714,400,686,0.1215789474,0.1370262391,48.63157895,94
450,150,471.5298777,400,791,0.1228191489,0.1491782554,49.12765957,118
450,250,423.6088342,400,873,0.1148611111,0.1454753723,45.94444444,127
450,350,403.3712103,400,994,0.1140625,0.1428571429,45.625,142
450,450,400.818834,400,1082,0.1169672131,0.1451016636,46.78688525,157
450,550,402.4050504,400,1166,0.120877193,0.1432246998,48.35087719,167
450,650,402.6992261,400,1233,0.119875,0.1427412814,47.95,176
450,750,402.047001,400,1298,0.119141791,0.1432973806,47.65671642,186
450,850,396.0329598,400,1331,0.1261842105,0.139744553,50.47368421,186
450,950,401.8075103,400,1337,0.1147101449,0.1398653702,45.88405797,187
450,1050,403.6690698,400,1313,0.1266346154,0.1408987053,50.65384615,185
450,1150,403.6373086,400,1307,0.1243846154,0.1446059679,49.75384615,189
450,1250,402.2198676,400,1323,0.1240068493,0.1390778534,49.60273973,184
450,1350,400,400,1317,0.1175,0.1412300683,47,186
450,1450,395.4284213,400,1330,0.1290909091,0.1413533835,51.63636364,188
450,1550,403.9280811,400,1330,0.1213157895,0.1458646617,48.52631579,194
450,1650,402.6507911,400,1323,0.1276595745,0.1405895692,51.06382979,186
450,1750,403.9576936,400,1345,0.1295454545,0.1375464684,51.81818182,185
450,1850,404.2951217,400,1333,0.1426818182,0.1402850713,57.07272727,187
450,1950,405.0358676,400,1321,0.1496621622,0.1430734292,59.86486486,189
450,2050,405.1935564,400,1325,0.1552272727,0.1449056604,62.09090909,192
450,2150,407.3913867,400,1312,0.1404032258,0.1425304878,56.16129032,187
450,2250,405.9087395,400,1340,0.1383333333,0.1440298507,55.33333333,193
450,2350,403.5317061,400,1323,0.1399662162,0.148904006,55.98648649,197
450,2450,403.4167796,400,1279,0.1298039216,0.1555903049,51.92156863,199
450,2550,405.3488526,400,1294,0.1428846154,0.1545595054,57.15384615,200
450,2650,401.753967,400,1312,0.1395703125,0.1554878049,55.828125,204
450,2750,396.7726949,400,1303,0.1468571429,0.1534919417,58.74285714,200
450,2850,402.9190365,400,1294,0.156015625,0.1553323029,62.40625,201
450,2950,405.6058789,400,1297,0.1587903226,0.1572860447,63.51612903,204
450,3050,397.7207792,400,1294,0.1495454545,0.1506955178,59.81818182,195
450,3150,402.0779361,400,1309,0.1554166667,0.1566080978,62.16666667,205
450,3250,401.273483,400,1310,0.1515306122,0.1564885496,60.6122449,205
450,3350,404.8617585,400,1241,0.1597826087,0.149073328,63.91304348,185
450,3450,403.1128874,400,1166,0.155,0.1526586621,62,178
450,3550,403.6127176,400,1075,0.1415322581,0.1544186047,56.61290323,166
450,3650,406.3328475,400,1010,0.1464361702,0.1534653465,58.57446809,155
450,3750,428.7885832,400,893,0.1499122807,0.1590145577,59.96491228,142
450,3850,486.781801,400,796,0.1479347826,0.1507537688,59.17391304,120
450,3950,563.7882074,400,691,0.1471428571,0.1389290883,58.85714286,96
550,50,519.9158586,400,747,0.131796875,0.1526104418,52.71875,114
550,150,467.9743583,400,854,0.1251,0.1522248244,50.04,130
550,250,420.3173404,400,968,0.1216666667,0.1497933884,48.66666667,145
550,350,406.3386655,400,1078,0.1201111111,0.1437847866,48.04444444,155
550,450,404.2740407,400,1185,0.116875,0.1476793249,46.75,175
550,550,403.2952502,400,1272,0.1259558824,0.1462264151,50.38235294,186
550,650,403.227718,400,1367,0.1283333333,0.1492318947,51.33333333,204
550,750,403.2851211,400,1415,0.1360763889,0.1491166078,54.43055556,211
550,850,401.3613199,400,1432,0.1419090909,0.1452513966,56.76363636,208
550,950,400.9603855,400,1435,0.1392307692,0.1442508711,55.69230769,207
550,1050,395.8114029,400,1415,0.1336111111,0.1491166078,53.44444444,211
550,1150,402.7250923,400,1408,0.1340625,0.1427556818,53.625,201
550,1250,400.4308025,400,1417,0.1282758621,0.1432604093,51.31034483,203
550,1350,400,400,1398,0.125,0.143776824,50,201
550,1450,403.585624,400,1436,0.1418220339,0.1427576602,56.72881356,205
550,1550,404.5968736,400,1432,0.1329452055,0.1466480447,53.17808219,210
550,1650,403.8664484,400,1438,0.1413851351,0.1467315716,56.55405405,211
550,1750,403.6127176,400,1435,0.1372580645,0.1456445993,54.90322581,209
550,1850,400.818834,400,1441,0.1604918033,0.146426093,64.19672131,211
550,1950,404.4672422,400,1418,0.159375,0.143864598,63.75,204
550,2050,405.5770625,400,1419,0.1523550725,0.1451726568,60.94202899,206
550,2150,404.3621792,400,1425,0.1522807018,0.1452631579,60.9122807,207
550,2250,404.0702009,400,1429,0.1448636364,0.1483554934,57.94545455,212
550,2350,403.2653603,400,1422,0.1377459016,0.1511954993,55.09836066,215
550,2450,403.2653603,400,1404,0.1453688525,0.155982906,58.14754098,219
550,2550,402.7681991,400,1416,0.135,0.1581920904,54,224
550,2650,401.2661121,400,1424,0.1400362319,0.1615168539,56.01449275,230
550,2750,402.1130628,400,1416,0.1533898305,0.1617231638,61.3559322,229
550,2850,401.9184762,400,1414,0.1651923077,0.1612446959,66.07692308,228
550,2950,401.700929,400,1405,0.1680681818,0.159430605,67.22727273,224
550,3050,402.9061098,400,1432,0.1708333333,0.1592178771,68.33333333,228
550,3150,403.4775305,400,1417,0.1623897059,0.1545518701,64.95588235,219
550,3250,402.7250923,400,1405,0.166015625,0.1572953737,66.40625,221
550,3350,402.0779361,400,1356,0.1808333333,0.1563421829,72.33333333,212
550,3450,402.8742885,400,1271,0.1721153846,0.1589299764,68.84615385,202
550,3550,403.8746762,400,1165,0.1570081967,0.1579399142,62.80327869,184
550,3650,407.2513457,400,1068,0.1623170732,0.1610486891,64.92682927,172
550,3750,428.8384766,400,985,0.1619512195,0.1685279188,64.7804878,166
550,3850,489.5126571,400,859,0.1603301887,0.1606519208,64.13207547,138
550,3950,524.8655742,400,760,0.1575806452,0.1513157895,63.03225806,115
650,50,509.9019514,400,801,0.1375,0.1510611735,55,121
650,150,465.1658955,400,906,0.1381465517,0.1490066225,55.25862069,135
650,250,417.1330723,400,1022,0.14,0.1526418787,56,156
650,350,406.8561354,400,1150,0.1360638298,0.1530434783,54.42553191,176
650,450,404.1451884,400,1257,0.1291666667,0.1503579952,51.66666667,189
650,550,403.1128874,400,1362,0.130625,0.1512481645,52.25,206
650,650,404.3876998,400,1454,0.1454411765,0.1519944979,58.17647059,221
650,750,405.2391269,400,1504,0.1616015625,0.1569148936,64.640625,236
650,850,402.4478671,400,1527,0.1499107143,0.1565160445,59.96428571,239
650,950,402.3739081,400,1534,0.1486904762,0.1512385919,59.47619048,232
650,1050,403.1128874,400,1516,0.145625,0.1484168865,58.25,225
650,1150,401.4466593,400,1497,0.1534782609,0.1456245825,61.39130435,218
650,1250,400.1711962,400,1488,0.1603767123,0.1465053763,64.15068493,218
650,1350,402.3265672,400,1479,0.1607666667,0.1467207573,64.30666667,217
650,1450,401.9022564,400,1497,0.1522881356,0.1482965932,60.91525424,222
650,1550,403.7325848,400,1513,0.151,0.1473892928,60.4,223
650,1650,405.0462937,400,1506,0.148671875,0.1520584329,59.46875,229
650,1750,400.6043821,400,1504,0.1562096774,0.1469414894,62.48387097,221
650,1850,402.9740186,400,1527,0.1628731343,0.1473477407,65.14925373,225
650,1950,403.0189108,400,1527,0.1529545455,0.1532416503,61.18181818,234
650,2050,403.4273456,400,1512,0.1491304348,0.1554232804,59.65217391,235
650,2150,401.1649702,400,1507,0.1528,0.1519575315,61.12,229
650,2250,403.3066451,400,1501,0.1534765625,0.1512325117,61.390625,227
650,2350,403.5057638,400,1504,0.159471831,0.1575797872,63.78873239,237
650,2450,401.9688388,400,1503,0.1643421053,0.1576846307,65.73684211,237
650,2550,402.0110735,400,1515,0.1411290323,0.1623762376,56.4516129,246
650,2650,403.2014739,400,1522,0.1377142857,0.1636005256,55.08571429,249
650,2750,394.8999189,400,1512,0.1514864865,0.164021164,60.59459459,248
650,2850,404.1451884,400,1511,0.17,0.1621442753,68,245
650,2950,401.4260295,400,1517,0.1665,0.1621621622,66.6,246
650,3050,397.9678107,400,1517,0.1812837838,0.159525379,72.51351351,242
650,3150,402.6833075,400,1517,0.1816538462,0.1588661833,72.66153846,241
650,3250,401.8104191,400,1487,0.1818548387,0.1654337592,72.74193548,246
650,3350,390.7466274,400,1441,0.1800609756,0.1665510062,72.02439024,240
650,3450,402.5282419,400,1362,0.1701086957,0.1644640235,68.04347826,224
650,3550,402.9888336,400,1251,0.1692,0.1622701839,67.68,203
650,3650,406.4298035,400,1154,0.1580555556,0.1663778163,63.22222222,192
650,3750,425.8680974,400,1033,0.1538636364,0.1684414327,61.54545455,174
650,3850,477.3726169,400,922,0.1572596154,0.1637744035,62.90384615,151
650,3950,524.4044241,400,820,0.1575,0.1634146341,63,134
750,50,515.7518783,400,826,0.1455,0.1513317191,58.2,125
750,150,459.8136268,400,950,0.1505,0.1547368421,60.2,147
750,250,421.3074887,400,1074,0.14625,0.1582867784,58.5,170
750,350,405.6663868,400,1196,0.1466304348,0.1588628763,58.65217391,190
750,450,403.4391626,400,1305,0.1575986842,0.1555555556,63.03947368,203
750,550,403.3642308,400,1427,0.1556081081,0.1576734408,62.24324324,225
750,650,405.4772061,400,1501,0.1535294118,0.1578947368,61.41176471,237
750,750,405.8691042,400,1550,0.1541891892,0.1606451613,61.67567568,249
750,850,405.4979302,400,1571,0.1719285714,0.1616804583,68.77142857,254
750,950,403.3066451,400,1579,0.156640625,0.1557948068,62.65625,246
750,1050,400.9080602,400,1576,0.1687727273,0.154822335,67.50909091,244
750,1150,401.057923,400,1567,0.1766949153,0.1557115507,70.6779661,244
750,1250,401.9184762,400,1544,0.1838461538,0.1515544041,73.53846154,234
750,1350,402.7448197,400,1568,0.176059322,0.15625,70.42372881,245
750,1450,393.7003937,400,1548,0.16375,0.1543927649,65.5,239
750,1550,400.9603855,400,1554,0.1525,0.1531531532,61,238
750,1650,403.1591664,400,1556,0.1594402985,0.1561696658,63.7761194,243
750,1750,402.003909,400,1570,0.1686160714,0.1573248408,67.44642857,247
750,1850,401.6510045,400,1560,0.1561397059,0.1557692308,62.45588235,243
750,1950,399.0119376,400,1562,0.1497368421,0.1594110115,59.89473684,249
750,2050,400.3245437,400,1560,0.1480194805,0.1596153846,59.20779221,249
750,2150,401.8894767,400,1553,0.1484090909,0.1603348358,59.36363636,249
750,2250,388.8141852,400,1551,0.1638235294,0.1669890393,65.52941176,259
750,2350,400.1922615,400,1568,0.1803076923,0.1645408163,72.12307692,258
750,2450,400,400,1564,0.155,0.165601023,62,259
750,2550,399.0613988,400,1593,0.1695625,0.1650973007,67.825,263
750,2650,402.4922359,400,1604,0.1595,0.1633416459,63.8,262
750,2750,404.6603514,400,1598,0.1565625,0.1708385482,62.625,273
750,2850,403.0704075,400,1593,0.1836643836,0.1632140615,73.46575342,260
750,2950,400.7239825,400,1607,0.1815942029,0.1642812694,72.63768116,264
750,3050,401.1014248,400,1595,0.1739705882,0.1692789969,69.58823529,270
750,3150,402.0779361,400,1577,0.1904166667,0.170577045,76.16666667,269
750,3250,400.1865237,400,1549,0.1830970149,0.1704325371,73.23880597,264
750,3350,392.4283374,400,1505,0.1875,0.1740863787,75,262
750,3450,400.5064362,400,1417,0.1836148649,0.1721947777,73.44594595,244
750,3550,390.2025942,400,1298,0.1766935484,0.1741140216,70.67741935,226
750,3650,404.9691346,400,1197,0.1525,0.1670843776,61,200
750,3750,426.6543077,400,1089,0.146059322,0.1698806244,58.42372881,185
750,3850,471.0942842,400,963,0.1584649123,0.1713395639,63.38596491,165
750,3950,516.1671933,400,843,0.15875,0.1696322657,63.5,143
850,50,519.9158586,400,842,0.162578125,0.1543942993,65.03125,130
850,150,465.7942526,400,963,0.1643303571,0.1557632399,65.73214286,150
850,250,418.3300133,400,1095,0.16875,0.1552511416,67.5,170
850,350,404.6946723,400,1224,0.1735,0.1568627451,69.4,192
850,450,400.5133692,400,1316,0.1735273973,0.1626139818,69.4109589,214
850,550,401.0403139,400,1430,0.1620833333,0.1636363636,64.83333333,234
850,650,404.8319267,400,1508,0.1741666667,0.1651193634,69.66666667,249
850,750,405.4453908,400,1559,0.1762719298,0.1667735728,70.50877193,260
850,850,404.1987424,400,1579,0.1701623377,0.1640278657,68.06493506,259
850,950,404.2188233,400,1583,0.1759375,0.1617182565,70.375,256
850,1050,404.0862708,400,1590,0.1823214286,0.1685534591,72.92857143,268
850,1150,401.497198,400,1569,0.189,0.17208413,75.6,270
850,1250,400.6690833,400,1555,0.1914732143,0.168488746,76.58928571,262
850,1350,397.7880015,400,1570,0.1867647059,0.1687898089,74.70588235,265
850,1450,394.9683532,400,1567,0.1776666667,0.1608168475,71.06666667,252
850,1550,381.8238778,400,1589,0.1653947368,0.1611076149,66.15789474,256
850,1650,400.9047738,400,1581,0.1555797101,0.1606578115,62.23188406,254
850,1750,402.2851393,400,1573,0.151875,0.1633820725,60.75,257
850,1850,386.8014796,400,1576,0.1548076923,0.1656091371,61.92307692,261
850,1950,391.4406806,400,1567,0.1552419355,0.1716656031,62.09677419,269
850,2050,393.2116283,400,1572,0.1566025641,0.1711195929,62.64102564,269
850,2150,388.4701931,400,1568,0.1652272727,0.1721938776,66.09090909,270
850,2250,385.8200913,400,1562,0.1550714286,0.166453265,62.02857143,260
850,2350,389.2794132,400,1570,0.1721794872,0.1687898089,68.87179487,265
850,2450,382.0176697,400,1610,0.17078125,0.1739130435,68.3125,280
850,2550,401.781746,400,1618,0.1682142857,0.1786155748,67.28571429,289
850,2650,403.4572812,400,1634,0.1647222222,0.170746634,65.88888889,279
850,2750,403.4775305,400,1641,0.1729779412,0.1779402803,69.19117647,292
850,2850,403.1542302,400,1625,0.182,0.1796923077,72.8,292
850,2950,402.4572412,400,1619,0.195915493,0.1735639284,78.36619718,281
850,3050,392.4283374,400,1611,0.1875,0.1762880199,75,284
850,3150,388.9933026,400,1601,0.1849342105,0.1773891318,73.97368421,284
850,3250,396.2322551,400,1583,0.1815,0.176879343,72.6,280
850,3350,374.8332963,400,1513,0.191875,0.181097158,76.75,274
850,3450,371.4835124,400,1406,0.1901666667,0.1813655761,76.06666667,255
850,3550,391.8819064,400,1313,0.1723214286,0.1805026657,68.92857143,237
850,3650,403.3343172,400,1208,0.1680357143,0.1796357616,67.21428571,217
850,3750,424.2640687,400,1082,0.17,0.1802218115,68,195
850,3850,469.4362261,400,963,0.1806481481,0.1765316719,72.25925926,170
850,3950,512.5692858,400,853,0.1775,0.1793669402,71,153
950,50,509.9019514,400,847,0.1725,0.160566706,69,136
950,150,460.0077639,400,973,0.1663839286,0.1562178828,66.55357143,152
950,250,417.0288281,400,1096,0.1689130435,0.1569343066,67.56521739,172
950,350,395.2847075,400,1213,0.179375,0.1665292663,71.75,202
950,450,403.8151392,400,1327,0.1751666667,0.1725697061,70.06666667,229
950,550,401.8340307,400,1446,0.1851470588,0.1749654219,74.05882353,253
950,650,400.8918629,400,1514,0.1757142857,0.1756935271,70.28571429,266
950,750,403.4273456,400,1563,0.1889492754,0.1746641075,75.57971014,273
950,850,404.1987424,400,1585,0.1826298701,0.1722397476,73.05194805,273
950,950,402.9437136,400,1585,0.1982727273,0.1753943218,79.30909091,278
950,1050,405.8287443,400,1588,0.2005681818,0.1763224181,80.22727273,280
950,1150,401.781746,400,1585,0.2046428571,0.1791798107,81.85714286,284
950,1250,402.0439581,400,1566,0.1820081967,0.1794380587,72.80327869,281
950,1350,400.7239825,400,1574,0.1936594203,0.1797966963,77.46376812,283
950,1450,400,400,1585,0.16,0.1791798107,64,284
950,1550,386.8946885,400,1588,0.165703125,0.1744332494,66.28125,277
950,1650,390.969491,400,1561,0.1621428571,0.1723254324,64.85714286,269
950,1750,387.2983346,400,1559,0.1641666667,0.1751122514,65.66666667,273
950,1850,400.3423193,400,1594,0.1658219178,0.1744040151,66.32876712,278
950,1950,394.4467458,400,1571,0.1674264706,0.1763208148,66.97058824,277
950,2050,397.1049077,400,1591,0.1642307692,0.179132621,65.69230769,285
950,2150,372.7182836,400,1586,0.1537162162,0.1796973518,61.48648649,285
950,2250,364.8334528,400,1585,0.1543103448,0.1760252366,61.72413793,279
950,2350,371.0987547,400,1581,0.1669285714,0.1701454775,66.77142857,269
950,2450,381.4234798,400,1612,0.1752419355,0.1767990074,70.09677419,285
950,2550,400,400,1623,0.185,0.1842267406,74,299
950,2650,403.9576936,400,1635,0.18375,0.1828746177,73.5,299
950,2750,400,400,1649,0.18,0.1873862947,72,309
950,2850,402.786348,400,1643,0.1872697368,0.1923311016,74.90789474,316
950,2950,397.7207792,400,1643,0.2042424242,0.1898965307,81.6969697,312
950,3050,383.3054616,400,1629,0.1980128205,0.1884591774,79.20512821,307
950,3150,393.1226966,400,1611,0.1736363636,0.1880819367,69.45454545,303
950,3250,380.7886553,400,1585,0.1925,0.1873817035,77,297
950,3350,368.0414996,400,1513,0.2006818182,0.191011236,80.27272727,289
950,3450,376.8288736,400,1416,0.1965,0.1927966102,78.6,273
950,3550,384.4639125,400,1303,0.1834375,0.1872601688,73.375,244
950,3650,402.0779361,400,1216,0.1854166667,0.1875,74.16666667,228
950,3750,418.644429,400,1084,0.1942105263,0.1854243542,77.68421053,201
950,3850,470.0096711,400,976,0.1910909091,0.193647541,76.43636364,189
950,3950,523.9110217,400,855,0.1899137931,0.1847953216,75.96551724,158
1050,50,508.6351123,400,868,0.1774193548,0.16359447,70.96774194,142
1050,150,456.07017,400,990,0.1857,0.1707070707,74.28,169
1050,250,412.1014271,400,1130,0.1796982759,0.1778761062,71.87931034,201
1050,350,405.4121044,400,1224,0.1715384615,0.1772875817,68.61538462,217
1050,450,401.9483798,400,1310,0.190625,0.1786259542,76.25,234
1050,550,400,400,1436,0.1925,0.180362117,77,259
1050,650,387.7145608,400,1510,0.1960483871,0.1841059603,78.41935484,278
1050,750,394.6064948,400,1563,0.1914285714,0.1836212412,76.57142857,287
1050,850,401.4318634,400,1562,0.2112295082,0.1792573624,84.49180328,280
1050,950,404.0807469,400,1562,0.2030859375,0.1818181818,81.234375,284
1050,1050,402.047001,400,1579,0.2044776119,0.1855604813,81.79104478,293
1050,1150,402.7250923,400,1588,0.201875,0.1889168766,80.75,300
1050,1250,403.3755873,400,1587,0.1881355932,0.1858853182,75.25423729,295
1050,1350,404.8690145,400,1576,0.1738175676,0.1846446701,69.52702703,291
1050,1450,401.4556846,400,1581,0.1754166667,0.1910183428,70.16666667,302
1050,1550,401.8613409,400,1560,0.1723507463,0.1884615385,68.94029851,294
1050,1650,391.6818022,400,1576,0.1600609756,0.1878172589,64.02439024,296
1050,1750,377.7926319,400,1570,0.1624242424,0.1815286624,64.96969697,285
1050,1850,389.3102876,400,1577,0.158984375,0.1807228916,63.59375,285
1050,1950,379.9313439,400,1594,0.1647826087,0.1819322459,65.91304348,290
1050,2050,363.3180425,400,1590,0.169,0.1823899371,67.6,290
1050,2150,374.6262505,400,1612,0.1734482759,0.1774193548,69.37931034,286
1050,2250,365.3238816,400,1584,0.1620192308,0.1767676768,64.80769231,280
1050,2350,374.1657387,400,1600,0.1766666667,0.18,70.66666667,288
1050,2450,385.8200913,400,1595,0.176,0.187460815,70.4,299
1050,2550,383.4410346,400,1616,0.1795945946,0.1881188119,71.83783784,304
1050,2650,400.535356,400,1618,0.1787857143,0.1934487021,71.51428571,313
1050,2750,400.8552501,400,1629,0.1825684932,0.1921424187,73.02739726,313
1050,2850,393.5189231,400,1650,0.2032142857,0.2018181818,81.28571429,333
1050,2950,400.312378,400,1645,0.2035,0.1945288754,81.4,320
1050,3050,397.7207792,400,1627,0.1940909091,0.1997541487,77.63636364,325
1050,3150,391.964748,400,1605,0.2023484848,0.1981308411,80.93939394,318
1050,3250,377.964473,400,1585,0.2110714286,0.1987381703,84.42857143,315
1050,3350,375.9672211,400,1510,0.1972297297,0.1960264901,78.89189189,296
1050,3450,385.8200913,400,1404,0.2100714286,0.193019943,84.02857143,271
1050,3550,392.2322703,400,1317,0.1978846154,0.1958997722,79.15384615,258
1050,3650,402.8543988,400,1212,0.1920833333,0.2004950495,76.83333333,243
1050,3750,416.3331999,400,1098,0.1916666667,0.1976320583,76.66666667,217
1050,3850,469.5655474,400,981,0.1862704918,0.1997961264,74.50819672,196
1050,3950,526.1891295,400,859,0.1865625,0.1897555297,74.625,163
1150,50,505.835512,400,869,0.1783695652,0.1841196778,71.34782609,160
1150,150,455.420034,400,985,0.1847222222,0.1827411168,73.88888889,180
1150,250,411.0960958,400,1126,0.18325,0.1811722913,73.3,204
1150,350,404.7020926,400,1223,0.1810135135,0.1872444808,72.40540541,229
1150,450,402.2325755,400,1317,0.1881343284,0.1913439636,75.25373134,252
1150,550,393.2116283,400,1423,0.1782051282,0.1939564301,71.28205128,276
1150,650,381.9454843,400,1496,0.1866176471,0.192513369,74.64705882,288
1150,750,401.2134372,400,1544,0.2113888889,0.1917098446,84.55555556,296
1150,850,400.2082791,400,1561,0.228125,0.1934657271,91.25,302
1150,950,400.8215248,400,1578,0.213125,0.1894803549,85.25,299
1150,1050,401.6096645,400,1585,0.2210483871,0.1886435331,88.41935484,299
1150,1150,404.0862708,400,1583,0.1997857143,0.1926721415,79.91428571,305
1150,1250,404.0807469,400,1559,0.1915234375,0.1930724824,76.609375,301
1150,1350,404.7256069,400,1554,0.1839084507,0.1924066924,73.56338028,299
1150,1450,403.7325848,400,1566,0.1765,0.1947637292,70.6,305
1150,1550,401.9022564,400,1573,0.1795762712,0.1926255563,71.83050847,303
1150,1650,400.3674783,400,1586,0.1883088235,0.1929382093,75.32352941,306
1150,1750,400.8918629,400,1590,0.1696428571,0.1918238994,67.85714286,305
1150,1850,397.573284,400,1602,0.1668548387,0.1891385768,66.74193548,303
1150,1950,400.1865237,400,1597,0.1827985075,0.1834690044,73.11940299,293
1150,2050,393.9051794,400,1585,0.190483871,0.1823343849,76.19354839,289
1150,2150,390.2890998,400,1627,0.1923837209,0.1856177013,76.95348837,302
1150,2250,384.7076812,400,1605,0.1905,0.1869158879,76.2,300
1150,2350,376.3863264,400,1588,0.1843055556,0.1889168766,73.72222222,300
1150,2450,367.0651742,400,1611,0.1860526316,0.1930477964,74.42105263,311
1150,2550,377.7463536,400,1614,0.1852884615,0.2038413879,74.11538462,329
1150,2650,376.6193108,400,1623,0.1859210526,0.2002464572,74.36842105,325
1150,2750,386.3039855,400,1667,0.1917307692,0.2051589682,76.69230769,342
1150,2850,385.3951372,400,1656,0.1871323529,0.2035024155,74.85294118,337
1150,2950,385.8200913,400,1630,0.1835,0.2006134969,73.4,327
1150,3050,379.2705549,400,1625,0.1955769231,0.2067692308,78.23076923,336
1150,3150,391.7109904,400,1619,0.213984375,0.2025941939,85.59375,328
1150,3250,367.9464844,400,1598,0.2110897436,0.1996245307,84.43589744,319
1150,3350,369.6845502,400,1538,0.2127777778,0.2087126138,85.11111111,321
1150,3450,380.1913394,400,1439,0.2186363636,0.2029186935,87.45454545,292
1150,3550,400.1688833,400,1327,0.210472973,0.2049736247,84.18918919,272
1150,3650,402.6077784,400,1239,0.2016860465,0.2050040355,80.6744186,254
1150,3750,421.4487485,400,1115,0.1901190476,0.2062780269,76.04761905,230
1150,3850,475.6797099,400,998,0.1894491525,0.2014028056,75.77966102,201
1150,3950,527.967802,400,851,0.1853125,0.2009400705,74.125,171
1250,50,506.7117097,400,868,0.1810135135,0.1866359447,72.40540541,162
1250,150,455.6611884,400,979,0.1763135593,0.1899897855,70.52542373,186
1250,250,412.3105626,400,1094,0.17,0.1873857404,68,205
1250,350,400.9248567,400,1212,0.1916666667,0.1922442244,76.66666667,233
1250,450,389.8717738,400,1298,0.1816666667,0.1972265023,72.66666667,256
1250,550,387.7145608,400,1424,0.1868548387,0.2008426966,74.74193548,286
1250,650,385.4496447,400,1498,0.1927380952,0.2049399199,77.0952381,307
1250,750,394.7937043,400,1534,0.2225862069,0.2014341591,89.03448276,309
1250,850,400,400,1554,0.22,0.2001287001,88,311
1250,950,401.1887099,400,1564,0.2220238095,0.1982097187,88.80952381,310
1250,1050,402.6578365,400,1581,0.2374666667,0.1986084756,94.98666667,314
1250,1150,401.6096645,400,1566,0.2260483871,0.1985951469,90.41935484,311
1250,1250,403.6597286,400,1582,0.2027941176,0.1978508217,81.11764706,313
1250,1350,403.9191564,400,1579,0.207739726,0.1956934769,83.09589041,309
1250,1450,403.5261247,400,1570,0.2035,0.1955414013,81.4,307
1250,1550,402.2198676,400,1585,0.1971232877,0.2012618297,78.84931507,319
1250,1650,404.4164086,400,1591,0.1771052632,0.1998742929,70.84210526,318
1250,1750,400.1811184,400,1594,0.1655434783,0.1988707654,66.2173913,317
1250,1850,398.9569735,400,1607,0.1845138889,0.1960174238,73.80555556,315
1250,1950,400.6573546,400,1619,0.1864473684,0.1896232242,74.57894737,307
1250,2050,403.7522421,400,1613,0.2075396825,0.1934283943,83.01587302,312
1250,2150,391.8819064,400,1630,0.2123214286,0.1950920245,84.92857143,318
1250,2250,391.5780041,400,1616,0.2172222222,0.1949257426,86.88888889,315
1250,2350,388.5871846,400,1618,0.20725,0.2008652658,82.9,325
1250,2450,374.5172331,400,1630,0.2084210526,0.2030674847,83.36842105,331
1250,2550,375.277675,400,1611,0.2054166667,0.208566108,82.16666667,336
1250,2650,388.5871846,400,1644,0.19875,0.2128953771,79.5,350
1250,2750,374.4499512,400,1654,0.1893085106,0.2116082225,75.72340426,350
1250,2850,366.9979564,400,1641,0.196015625,0.2078001219,78.40625,341
1250,2950,381.6440408,400,1638,0.1952173913,0.2087912088,78.08695652,342
1250,3050,370.8099244,400,1643,0.203125,0.2111990262,81.25,347
1250,3150,369.5436375,400,1608,0.217109375,0.2114427861,86.84375,340
1250,3250,358.0627811,400,1604,0.218358209,0.2119700748,87.34328358,340
1250,3350,364.6916506,400,1549,0.20725,0.2136862492,82.9,331
1250,3450,386.9293033,400,1457,0.2123571429,0.2086479067,84.94285714,304
1250,3550,397.7880015,400,1351,0.2113235294,0.2116950407,84.52941176,286
1250,3650,403.8505145,400,1249,0.1969642857,0.2121697358,78.78571429,265
1250,3750,428.0949733,400,1144,0.1928061224,0.2132867133,77.12244898,244
1250,3850,481.8120558,400,1004,0.1935714286,0.2091633466,77.42857143,210
1250,3950,525.786661,400,869,0.200483871,0.2071346375,80.19354839,180
1350,50,506.3485844,400,860,0.1927777778,0.1930232558,77.11111111,166
1350,150,444.4783185,400,985,0.1894512195,0.2,75.7804878,197
1350,250,410.9903204,400,1091,0.1872826087,0.1989000917,74.91304348,217
1350,350,387.7145608,400,1214,0.1802419355,0.2059308072,72.09677419,250
1350,450,380.2832952,400,1305,0.1834615385,0.2061302682,73.38461538,269
1350,550,378.4177586,400,1391,0.1891,0.2056074766,75.64,286
1350,650,359.4289766,400,1488,0.1892567568,0.2056451613,75.7027027,306
1350,750,389.3584467,400,1532,0.209,0.2062663185,83.6,316
1350,850,398.7047996,400,1577,0.2198275862,0.2086239696,87.93103448,329
1350,950,402.8202464,400,1579,0.2250943396,0.2070930969,90.03773585,327
1350,1050,404.5005435,400,1591,0.2365517241,0.2023884349,94.62068966,322
1350,1150,403.6500134,400,1588,0.2399666667,0.2078085642,95.98666667,330
1350,1250,401.3438963,400,1579,0.2276153846,0.2032932236,91.04615385,321
1350,1350,402.4180643,400,1599,0.222761194,0.2020012508,89.10447761,323
1350,1450,400.5947959,400,1597,0.2192857143,0.2028804008,87.71428571,324
1350,1550,401.720438,400,1592,0.1973275862,0.2060301508,78.93103448,328
1350,1650,403.0059467,400,1588,0.1810344828,0.2027707809,72.4137931,322
1350,1750,401.6791678,400,1598,0.1826923077,0.2058823529,73.07692308,329
1350,1850,403.2476852,400,1608,0.1833695652,0.2039800995,73.34782609,328
1350,1950,402.911482,400,1618,0.2006818182,0.2027194067,80.27272727,328
1350,2050,401.6039271,400,1639,0.1961071429,0.2025625381,78.44285714,332
1350,2150,402.7681991,400,1632,0.2152777778,0.2046568627,86.11111111,334
1350,2250,383.5920452,400,1643,0.2114285714,0.2051125989,84.57142857,337
1350,2350,381.3509819,400,1651,0.2052857143,0.2059357965,82.11428571,340
1350,2450,394.8532524,400,1652,0.205,0.2118644068,82,350
1350,2550,371.1360067,400,1634,0.2213709677,0.2154222766,88.5483871,352
1350,2650,369.7972417,400,1652,0.2136875,0.2167070218,85.475,358
1350,2750,380.7886553,400,1642,0.21,0.2131546894,84,350
1350,2850,383.4057903,400,1636,0.19925,0.2139364303,79.7,350
1350,2950,369.1205765,400,1673,0.2216666667,0.2145845786,88.66666667,359
1350,3050,375.8324095,400,1629,0.2340625,0.2203806016,93.625,359
1350,3150,373.4013543,400,1620,0.2214285714,0.2234567901,88.57142857,362
1350,3250,378.4177586,400,1621,0.2369,0.2202344232,94.76,357
1350,3350,365.988208,400,1552,0.2304605263,0.2171391753,92.18421053,337
1350,3450,398.9569735,400,1466,0.221875,0.2162346521,88.75,317
1350,3550,401.5594601,400,1363,0.213125,0.2171680117,85.25,296
1350,3650,406.8561354,400,1258,0.205212766,0.2138314785,82.08510638,269
1350,3750,426.5686162,400,1150,0.2059313725,0.2147826087,82.37254902,247
1350,3850,470.8482911,400,1020,0.2044339623,0.2215686275,81.77358491,226
1350,3950,518.7397316,400,874,0.2003030303,0.2128146453,80.12121212,186
1450,50,506.0919208,400,856,0.2026612903,0.214953271,81.06451613,184
1450,150,440.2380309,400,972,0.2045833333,0.2160493827,81.83333333,210
1450,250,407.2456956,400,1093,0.1979716981,0.2113449222,79.18867925,231
1450,350,400,400,1210,0.19,0.2132231405,76,258
1450,450,393.7003937,400,1313,0.2025,0.220106626,81,289
1450,550,380.7886553,400,1417,0.2075,0.2152434721,83,305
1450,650,372.9489363,400,1506,0.1985606061,0.2158034529,79.42424242,325
1450,750,392.4283374,400,1578,0.213,0.2135614702,85.2,337
1450,850,401.9483798,400,1592,0.219296875,0.209798995,87.71875,334
1450,950,404.7338926,400,1601,0.2308333333,0.2117426608,92.33333333,339
1450,1050,405.3562945,400,1586,0.2364705882,0.210592686,94.58823529,334
1450,1150,404.0836325,400,1601,0.2331343284,0.2142410993,93.25373134,343
1450,1250,403.0290714,400,1574,0.2409459459,0.2109275731,96.37837838,332
1450,1350,402.2090898,400,1572,0.2316455696,0.2118320611,92.65822785,333
1450,1450,399.0843178,400,1571,0.2145731707,0.2132399745,85.82926829,335
1450,1550,402.2663071,400,1594,0.2009090909,0.2139272271,80.36363636,341
1450,1650,402.7304071,400,1594,0.2001712329,0.2114178168,80.06849315,337
1450,1750,405.1258868,400,1612,0.1978174603,0.2158808933,79.12698413,348
1450,1850,401.9022564,400,1635,0.1953389831,0.2116207951,78.13559322,346
1450,1950,402.3826098,400,1626,0.2072794118,0.2078720787,82.91176471,338
1450,2050,402.6321846,400,1659,0.2064788732,0.2103676914,82.5915493,349
1450,2150,401.0949925,400,1670,0.2196929825,0.2113772455,87.87719298,353
1450,2250,400.9364039,400,1664,0.2103125,0.2157451923,84.125,359
1450,2350,400.9856278,400,1676,0.21375,0.2142004773,85.5,359
1450,2450,376.4403234,400,1643,0.2092073171,0.2215459525,83.68292683,364
1450,2550,382.1929206,400,1636,0.2166964286,0.2182151589,86.67857143,357
1450,2650,389.1382421,400,1651,0.215,0.2180496669,86,360
1450,2750,385.1406669,400,1667,0.22625,0.2189562088,90.5,365
1450,2850,388.4701931,400,1654,0.2376515152,0.2237001209,95.06060606,370
1450,2950,382.1603219,400,1661,0.2281976744,0.2275737508,91.27906977,378
1450,3050,384.0572874,400,1630,0.2352083333,0.2294478528,94.08333333,374
1450,3150,385.2390049,400,1605,0.236875,0.2274143302,94.75,365
1450,3250,390.0067476,400,1615,0.2217105263,0.2321981424,88.68421053,375
1450,3350,380.7886553,400,1573,0.22375,0.2275905912,89.5,358
1450,3450,400.861142,400,1484,0.236637931,0.2311320755,94.65517241,343
1450,3550,402.0779361,400,1365,0.2220833333,0.2241758242,88.83333333,306
1450,3650,406.7610422,400,1265,0.2252272727,0.2260869565,90.09090909,286
1450,3750,416.3331999,400,1135,0.2266666667,0.2211453744,90.66666667,251
1450,3850,463.1588594,400,1005,0.2144354839,0.223880597,85.77419355,225
1450,3950,509.1062651,400,882,0.1991891892,0.2188208617,79.67567568,193
1550,50,505.3051883,400,870,0.1881666667,0.2218390805,75.26666667,193
1550,150,452.4240268,400,995,0.18875,0.2291457286,75.5,228
1550,250,410.7919181,400,1113,0.1921875,0.2300089847,76.875,256
1550,350,400.2272082,400,1233,0.2005,0.2278994323,80.2,281
1550,450,400,400,1334,0.2,0.2353823088,80,314
1550,550,390.8033684,400,1424,0.2126515152,0.2282303371,85.06060606,325
1550,650,389.9472061,400,1532,0.2128676471,0.2304177546,85.14705882,353
1550,750,402.4595436,400,1596,0.2334210526,0.2280701754,93.36842105,364
1550,850,403.4335394,400,1618,0.2430172414,0.2237330037,97.20689655,362
1550,950,401.3370511,400,1618,0.2307142857,0.2218788628,92.28571429,359
1550,1050,405.6887148,400,1609,0.2308333333,0.218147918,92.33333333,351
1550,1150,404.7633053,400,1595,0.234,0.2163009404,93.6,345
1550,1250,403.0679448,400,1587,0.2279710145,0.220541903,91.1884058,350
1550,1350,400.9080602,400,1544,0.2295,0.2169689119,91.8,335
1550,1450,398.5550826,400,1586,0.2067307692,0.2194199243,82.69230769,348
1550,1550,388.1043674,400,1589,0.19875,0.2202643172,79.5,350
1550,1650,393.7003937,400,1595,0.2133333333,0.2238244514,85.33333333,357
1550,1750,401.4397167,400,1607,0.2059615385,0.2258867455,82.38461538,363
1550,1850,404.3876998,400,1629,0.2173529412,0.2222222222,86.94117647,362
1550,1950,402.2960418,400,1638,0.2178289474,0.221001221,87.13157895,362
1550,2050,403.1849942,400,1641,0.2252906977,0.2181596587,90.11627907,358
1550,2150,401.2134372,400,1664,0.2179166667,0.2199519231,87.16666667,366
1550,2250,404.3774558,400,1667,0.2233450704,0.2213557289,89.33802817,369
1550,2350,389.3942822,400,1659,0.2259302326,0.2248342375,90.37209302,373
1550,2450,379.8495943,400,1656,0.2257142857,0.2240338164,90.28571429,371
1550,2550,379.2705549,400,1649,0.2282692308,0.2213462705,91.30769231,365
1550,2650,394.3348831,400,1657,0.2455,0.222088111,98.2,368
1550,2750,384.7076812,400,1664,0.2285,0.2271634615,91.4,378
1550,2850,395.8114029,400,1665,0.2466666667,0.2312312312,98.66666667,385
1550,2950,378.7456612,400,1657,0.2364655172,0.2341581171,94.5862069,388
1550,3050,371.7281509,400,1642,0.2377272727,0.2326431181,95.09090909,382
1550,3150,382.5750075,400,1633,0.2270454545,0.2345376607,90.81818182,383
1550,3250,396.6773767,400,1618,0.2241176471,0.2354758962,89.64705882,381
1550,3350,386.8946885,400,1590,0.23890625,0.2339622642,95.5625,372
1550,3450,400.6938427,400,1491,0.2426388889,0.2374245473,97.05555556,354
1550,3550,401.5122927,400,1387,0.2557575758,0.2379235761,102.3030303,330
1550,3650,403.1128874,400,1272,0.24875,0.2389937107,99.5,304
1550,3750,423.5268587,400,1142,0.229375,0.2390542907,91.75,273
1550,3850,461.7740726,400,1009,0.2238970588,0.2378592666,89.55882353,240
1550,3950,509.0359978,400,870,0.2184558824,0.2287356322,87.38235294,199
1650,50,509.371632,400,878,0.1985135135,0.2334851936,79.40540541,205
1650,150,460.3311437,400,1018,0.2013095238,0.2465618861,80.52380952,251
1650,250,416.9486225,400,1138,0.1928846154,0.2425307557,77.15384615,276
1650,350,403.6419568,400,1250,0.1965853659,0.244,78.63414634,305
1650,450,400.6488244,400,1350,0.1972077922,0.2392592593,78.88311688,323
1650,550,401.6856375,400,1447,0.2100675676,0.2404975812,84.02702703,348
1650,650,402.6833075,400,1532,0.2371923077,0.2362924282,94.87692308,362
1650,750,402.9818435,400,1592,0.2439788732,0.2349246231,97.5915493,374
1650,850,404.3988891,400,1597,0.2459230769,0.2316844083,98.36923077,370
1650,950,403.9191564,400,1636,0.2451027397,0.2304400978,98.04109589,377
1650,1050,401.9792303,400,1598,0.2422619048,0.2271589487,96.9047619,363
1650,1150,402.7448197,400,1590,0.2343644068,0.227672956,93.74576271,362
1650,1250,401.5355143,400,1569,0.2283461538,0.2288081581,91.33846154,359
1650,1350,393.5189231,400,1543,0.2195,0.226830849,87.8,350
1650,1450,394.7937043,400,1583,0.2029310345,0.2318382817,81.17241379,367
1650,1550,392.8413475,400,1567,0.2062162162,0.2310146777,82.48648649,362
1650,1650,400.1735735,400,1583,0.2129861111,0.2267845862,85.19444444,359
1650,1750,400,400,1599,0.2175,0.2313946216,87,370
1650,1850,403.1621045,400,1602,0.2345238095,0.22721598,93.80952381,364
1650,1950,403.1128874,400,1637,0.2325,0.2241905925,93,367
1650,2050,400,400,1644,0.2225,0.2311435523,89,380
1650,2150,398.9271326,400,1645,0.2369285714,0.232218845,94.77142857,382
1650,2250,400.3163306,400,1649,0.2432594937,0.2346876895,97.30379747,387
1650,2350,382.4264635,400,1661,0.2410416667,0.2347983143,96.41666667,390
1650,2450,394.4053189,400,1642,0.2634259259,0.2271619976,105.3703704,373
1650,2550,359.984779,400,1657,0.2518150685,0.2269161135,100.7260274,376
1650,2650,368.7817783,400,1654,0.2385,0.2357920193,95.4,390
1650,2750,383.5920452,400,1654,0.2475,0.2339782346,99,387
1650,2850,376.5875487,400,1669,0.2384090909,0.2408627921,95.36363636,402
1650,2950,382.9708431,400,1648,0.2425,0.2427184466,97,400
1650,3050,395.0784182,400,1649,0.2440217391,0.2389326865,97.60869565,394
1650,3150,387.5984496,400,1656,0.2418604651,0.2427536232,96.74418605,402
1650,3250,387.9772104,400,1628,0.2521052632,0.2371007371,100.8421053,386
1650,3350,401.5877579,400,1582,0.2494545455,0.2420986094,99.78181818,383
1650,3450,401.8104191,400,1503,0.2483064516,0.2435129741,99.32258065,366
1650,3550,389.6385271,400,1391,0.2690909091,0.245147376,107.6363636,341
1650,3650,401.3275841,400,1276,0.2439893617,0.2484326019,97.59574468,317
1650,3750,411.5145955,400,1142,0.235204918,0.2486865149,94.08196721,284
1650,3850,456.140895,400,1009,0.2293548387,0.2467789891,91.74193548,249
1650,3950,506.4105182,400,892,0.2339516129,0.2544843049,93.58064516,227
1750,50,510.881591,400,871,0.223,0.2548794489,89.2,222
1750,150,462.2874403,400,1013,0.2123387097,0.2615992103,84.93548387,265
1750,250,420.3173404,400,1124,0.2183333333,0.2473309609,87.33333333,278
1750,350,405.2434111,400,1257,0.2012222222,0.2490055688,80.48888889,313
1750,450,402.7681991,400,1357,0.2111111111,0.2439204127,84.44444444,331
1750,550,402.1899511,400,1451,0.2133445946,0.2460372157,85.33783784,357
1750,650,402.1998333,400,1549,0.2295588235,0.2459651388,91.82352941,381
1750,750,404.4928403,400,1596,0.2478614458,0.2412280702,99.14457831,385
1750,850,401.6510045,400,1597,0.2486397059,0.2360676268,99.45588235,377
1750,950,403.2068422,400,1604,0.2508712121,0.2362842893,100.3484848,379
1750,1050,402.9004432,400,1598,0.2491438356,0.2352941176,99.65753425,376
1750,1150,393.2465602,400,1575,0.2425892857,0.2431746032,97.03571429,383
1750,1250,389.6385271,400,1568,0.2272727273,0.2442602041,90.90909091,383
1750,1350,400.551091,400,1526,0.2216544118,0.2411533421,88.66176471,368
1750,1450,378.7456612,400,1518,0.2203448276,0.2371541502,88.13793103,360
1750,1550,391.5780041,400,1543,0.2033333333,0.2417368762,81.33333333,373
1750,1650,388.4701931,400,1532,0.2196969697,0.2395561358,87.87878788,367
1750,1750,400.5677789,400,1592,0.2342045455,0.239321608,93.68181818,381
1750,1850,400.5133692,400,1575,0.2369520548,0.2349206349,94.78082192,370
1750,1950,403.0726144,400,1605,0.2423701299,0.231152648,96.94805195,371
1750,2050,403.0372494,400,1628,0.2416463415,0.2371007371,96.65853659,386
1750,2150,397.3123996,400,1659,0.2492857143,0.2380952381,99.71428571,395
1750,2250,388.2901374,400,1645,0.2673076923,0.2401215805,106.9230769,395
1750,2350,380.7886553,400,1629,0.25125,0.2363413137,100.5,385
1750,2450,356.59804,400,1621,0.2582432432,0.2350400987,103.2972973,381
1750,2550,354.7886695,400,1625,0.25528125,0.2436923077,102.1125,396
1750,2650,360,400,1631,0.2518333333,0.2415695892,100.7333333,394
1750,2750,378.4643895,400,1635,0.2366176471,0.2409785933,94.64705882,394
1750,2850,402.0219168,400,1653,0.2281756757,0.2468239564,91.27027027,408
1750,2950,392.1646382,400,1647,0.2338793103,0.2471159684,93.55172414,407
1750,3050,377.4917218,400,1678,0.2583333333,0.2520858164,103.3333333,423
1750,3150,400.8004811,400,1644,0.2611858974,0.2506082725,104.474359,412
1750,3250,401.2305017,400,1621,0.2591549296,0.2455274522,103.6619718,398
1750,3350,400.551091,400,1567,0.2766544118,0.2501595405,110.6617647,392
1750,3450,400.1893491,400,1494,0.265719697,0.2563587684,106.2878788,383
1750,3550,392.9058411,400,1373,0.24234375,0.2549162418,96.9375,350
1750,3650,396.5762566,400,1261,0.2463636364,0.2545598731,98.54545455,321
1750,3750,408.6777996,400,1138,0.2405701754,0.255711775,96.22807018,291
1750,3850,446.535485,400,1022,0.2368181818,0.2544031311,94.72727273,260
1750,3950,506.5199897,400,894,0.233984375,0.2583892617,93.59375,231
1850,50,509.4932123,400,872,0.2515625,0.253440367,100.625,221
1850,150,454.5368781,400,1006,0.2456132075,0.2574552684,98.24528302,259
1850,250,415.4895654,400,1136,0.2306578947,0.2544014085,92.26315789,289
1850,350,401.386486,400,1259,0.2338888889,0.253375695,93.55555556,319
1850,450,401.3038451,400,1362,0.2344402985,0.2643171806,93.7761194,360
1850,550,401.9950248,400,1457,0.2367,0.2587508579,94.68,377
1850,650,400.1983635,400,1553,0.2405952381,0.2530585963,96.23809524,393
1850,750,400.9317506,400,1588,0.2344776119,0.2455919395,93.79104478,390
1850,850,404.4528274,400,1587,0.248619403,0.2438563327,99.44776119,387
1850,950,402.7250923,400,1587,0.24984375,0.2444864524,99.9375,388
1850,1050,392.8413475,400,1578,0.2487162162,0.2503168568,99.48648649,395
1850,1150,391.7109904,400,1555,0.240625,0.2475884244,96.25,385
1850,1250,398.6584646,400,1557,0.2420535714,0.2472703918,96.82142857,385
1850,1350,386.3750953,400,1508,0.2371428571,0.25,94.85714286,377
1850,1450,386.8946885,400,1492,0.218984375,0.254691689,87.59375,380
1850,1550,383.4057903,400,1523,0.231,0.2475377544,92.4,377
1850,1650,396.1016937,400,1527,0.2331896552,0.2534381139,93.27586207,387
1850,1750,400.9728429,400,1565,0.2337012987,0.2549520767,93.48051948,399
1850,1850,400,400,1593,0.2425,0.2441933459,97,389
1850,1950,401.8400302,400,1568,0.2273770492,0.2480867347,90.95081967,389
1850,2050,396.1016937,400,1611,0.2529310345,0.2439478585,101.1724138,393
1850,2150,361.8136135,400,1616,0.2583333333,0.2413366337,103.3333333,390
1850,2250,382.9708431,400,1616,0.2572222222,0.2512376238,102.8888889,406
1850,2350,377.4917218,400,1605,0.251875,0.2479750779,100.75,398
1850,2450,355.8366455,400,1611,0.2660211268,0.2489137182,106.4084507,401
1850,2550,358.4947957,400,1609,0.2527777778,0.2461155998,101.1111111,396
1850,2650,360.5551275,400,1638,0.26,0.2490842491,104,408
1850,2750,391.8819064,400,1647,0.2373214286,0.2483302975,94.92857143,409
1850,2850,400,400,1651,0.245,0.2562083586,98,423
1850,2950,392.0726084,400,1658,0.2502906977,0.2557297949,100.1162791,424
1850,3050,398.7884879,400,1660,0.262016129,0.2548192771,104.8064516,423
1850,3150,400.1811184,400,1645,0.2732971014,0.2522796353,109.3188406,415
1850,3250,400.3844307,400,1632,0.2813076923,0.2549019608,112.5230769,416
1850,3350,400.3203845,400,1573,0.2840384615,0.2581055308,113.6153846,406
1850,3450,378.2108913,400,1460,0.2777173913,0.2616438356,111.0869565,382
1850,3550,379.6283012,400,1350,0.2580882353,0.2592592593,103.2352941,350
1850,3650,375.3785968,400,1262,0.2513636364,0.2630744849,100.5454545,332
1850,3750,407.5557568,400,1131,0.2484322034,0.2661361627,99.37288136,301
1850,3850,450,400,1021,0.242625,0.2713026445,97.05,277
1850,3950,503.5981643,400,907,0.2442361111,0.2646085998,97.69444444,240
1950,50,505.3994177,400,870,0.2815,0.267816092,112.6,233
1950,150,447.2135955,400,1000,0.27,0.262,108,262
1950,250,409.9258661,400,1144,0.273627451,0.2622377622,109.4509804,300
1950,350,400.2403124,400,1266,0.2583173077,0.2654028436,103.3269231,336
1950,450,396.4687882,400,1377,0.289921875,0.2687000726,115.96875,370
1950,550,391.5780041,400,1468,0.2716666667,0.2656675749,108.6666667,390
1950,650,395.5636336,400,1548,0.2644117647,0.2635658915,105.7647059,408
1950,750,402.5653034,400,1601,0.2502205882,0.2592129919,100.0882353,415
1950,850,400.4461797,400,1598,0.2583928571,0.2584480601,103.3571429,413
1950,950,401.2847016,400,1567,0.2359191176,0.2571793235,94.36764706,403
1950,1050,404.2740407,400,1567,0.237890625,0.2667517549,95.15625,418
1950,1150,400,400,1549,0.2375,0.2621045836,95,406
1950,1250,391.3844889,400,1544,0.24625,0.2558290155,98.5,395
1950,1350,401.4897631,400,1521,0.2344776119,0.2603550296,93.79104478,396
1950,1450,400.7136491,400,1519,0.2356428571,0.2606978275,94.25714286,396
1950,1550,381.9454843,400,1514,0.2394117647,0.2602377807,95.76470588,394
1950,1650,393.7003937,400,1551,0.2341666667,0.2566086396,93.66666667,398
1950,1750,393.9889246,400,1576,0.2402272727,0.2557106599,96.09090909,403
1950,1850,403.276058,400,1581,0.2423684211,0.2561669829,96.94736842,405
1950,1950,402.2663071,400,1598,0.2627272727,0.2553191489,105.0909091,408
1950,2050,385.6812155,400,1603,0.2553125,0.2595134124,102.125,416
1950,2150,380.7886553,400,1568,0.2575,0.2608418367,103,409
1950,2250,364.9080634,400,1589,0.2436842105,0.258653241,97.47368421,411
1950,2350,360.5551275,400,1582,0.245,0.2541087231,98,402
1950,2450,358.4689666,400,1599,0.26075,0.2526579112,104.3,404
1950,2550,366.1842557,400,1616,0.2565909091,0.254950495,102.6363636,412
1950,2650,365.3238816,400,1626,0.2555769231,0.2576875769,102.2307692,419
1950,2750,400.8813819,400,1604,0.2626470588,0.2618453865,105.0588235,420
1950,2850,401.2661121,400,1652,0.2423188406,0.2627118644,96.92753623,434
1950,2950,401.7086793,400,1673,0.2579794521,0.2624028691,103.1917808,439
1950,3050,395.0349751,400,1664,0.2688815789,0.2596153846,107.5526316,432
1950,3150,401.9184762,400,1642,0.2705769231,0.2570036541,108.2307692,422
1950,3250,398.8264033,400,1622,0.289296875,0.2552404439,115.71875,414
1950,3350,391.2504608,400,1560,0.2992307692,0.2602564103,119.6923077,406
1950,3450,358.3874418,400,1470,0.2876623377,0.2632653061,115.0649351,387
1950,3550,357.7708764,400,1365,0.2871666667,0.2666666667,114.8666667,364
1950,3650,358.8175024,400,1243,0.2798958333,0.2719227675,111.9583333,338
1950,3750,406.421667,400,1103,0.2720089286,0.277425204,108.8035714,306
1950,3850,435.8898944,400,1010,0.27,0.2831683168,108,286
1950,3950,498.2425253,400,900,0.2758333333,0.2788888889,110.3333333,251
2050,50,502.8490259,400,873,0.2982142857,0.2806414662,119.2857143,245
2050,150,447.2135955,400,1000,0.305,0.272,122,272
2050,250,408.1753825,400,1145,0.303125,0.2628820961,121.25,301
2050,350,391.3844889,400,1256,0.3196590909,0.2707006369,127.8636364,340
2050,450,378.9938834,400,1366,0.3063636364,0.2752562225,122.5454545,376
2050,550,400.7036065,400,1484,0.2851760563,0.2783018868,114.0704225,413
2050,650,395.5636336,400,1544,0.2842647059,0.2694300518,113.7058824,416
2050,750,401.675595,400,1592,0.2610447761,0.2770100503,104.4179104,441
2050,850,399.0843178,400,1590,0.2445121951,0.2742138365,97.80487805,436
2050,950,400.635089,400,1585,0.2736440678,0.2687697161,109.4576271,426
2050,1050,402.9818435,400,1577,0.2361619718,0.2771084337,94.46478873,437
2050,1150,402.4922359,400,1568,0.2335,0.2723214286,93.4,427
2050,1250,402.9740186,400,1537,0.2426492537,0.2654521796,97.05970149,408
2050,1350,402.7304071,400,1540,0.2431506849,0.2662337662,97.26027397,410
2050,1450,393.8480406,400,1536,0.2735465116,0.259765625,109.4186047,399
2050,1550,402.2663071,400,1553,0.2568181818,0.2601416613,102.7272727,404
2050,1650,401.8706259,400,1546,0.247,0.265847348,98.8,411
2050,1750,406.7610422,400,1558,0.2536363636,0.2650834403,101.4545455,413
2050,1850,405.2391269,400,1599,0.263203125,0.2601626016,105.28125,416
2050,1950,401.9022564,400,1592,0.2761016949,0.2625628141,110.440678,418
2050,2050,379.2705549,400,1591,0.2617307692,0.2671275927,104.6923077,425
2050,2150,371.1360067,400,1585,0.2838709677,0.2662460568,113.5483871,422
2050,2250,359.8610843,400,1577,0.2620416667,0.2663284718,104.8166667,420
2050,2350,359.8245186,400,1585,0.266754386,0.2624605678,106.7017544,416
2050,2450,353.1709639,400,1594,0.262972973,0.2616060226,105.1891892,417
2050,2550,384.4639125,400,1610,0.261875,0.2596273292,104.75,418
2050,2650,365.4167645,400,1606,0.2386764706,0.2602739726,95.47058824,418
2050,2750,392.4283374,400,1634,0.2615,0.2619339045,104.6,428
2050,2850,401.6271254,400,1655,0.2543478261,0.2712990937,101.7391304,449
2050,2950,404.0836325,400,1657,0.244738806,0.2691611346,97.89552239,446
2050,3050,403.9389393,400,1651,0.2499166667,0.269533616,99.96666667,445
2050,3150,400.6245125,400,1644,0.274625,0.2639902676,109.85,434
2050,3250,400.5204947,400,1619,0.2802083333,0.2588017295,112.0833333,419
2050,3350,385.9370006,400,1567,0.2957894737,0.2616464582,118.3157895,410
2050,3450,363.3180425,400,1452,0.2963333333,0.2692837466,118.5333333,391
2050,3550,352.4862768,400,1363,0.2937671233,0.2714600147,117.5068493,370
2050,3650,356.5709707,400,1273,0.2954761905,0.2749410841,118.1904762,350
2050,3750,404.7221269,400,1130,0.2921,0.2876106195,116.84,325
2050,3850,435.8898944,400,1009,0.29125,0.2834489594,116.5,286
2050,3950,498.3305463,400,894,0.28375,0.288590604,113.5,258
2150,50,502.4937811,400,904,0.30625,0.2898230088,122.5,262
2150,150,446.4142855,400,1022,0.3164285714,0.2818003914,126.5714286,288
2150,250,410.5745104,400,1140,0.3282142857,0.2850877193,131.2857143,325
2150,350,400.6812381,400,1267,0.3269090909,0.2809786898,130.7636364,356
2150,450,395.51052,400,1342,0.2973214286,0.2816691505,118.9285714,378
2150,550,400,400,1443,0.2975,0.2862092862,119,413
2150,650,401.364859,400,1525,0.2712890625,0.2832786885,108.515625,432
2150,750,388.5871846,400,1568,0.2985,0.2850765306,119.4,447
2150,850,396.3543543,400,1578,0.2753225806,0.2870722433,110.1290323,453
2150,950,394.6064948,400,1583,0.2546428571,0.2830069488,101.8571429,448
2150,1050,402.2116278,400,1563,0.260483871,0.2815099168,104.1935484,440
2150,1150,404.2150795,400,1561,0.251059322,0.2837924407,100.4237288,443
2150,1250,404.5005435,400,1561,0.2444827586,0.2722613709,97.79310345,425
2150,1350,404.6827349,400,1543,0.2700724638,0.2709008425,108.0289855,418
2150,1450,403.0290714,400,1533,0.264527027,0.2681017613,105.8108108,411
2150,1550,401.5594601,400,1549,0.2815625,0.2704970949,112.625,419
2150,1650,407.6197323,400,1579,0.2819230769,0.2704243192,112.7692308,427
2150,1750,411.5274459,400,1576,0.2775806452,0.2791878173,111.0322581,440
2150,1850,408.0707526,400,1587,0.2895652174,0.2709514808,115.826087,430
2150,1950,404.4749683,400,1571,0.2874,0.2711648631,114.96,426
2150,2050,400.7684925,400,1566,0.3029230769,0.2701149425,121.1692308,423
2150,2150,376.0699023,400,1584,0.2929761905,0.2765151515,117.1904762,438
2150,2250,364.558947,400,1588,0.2819354839,0.2726700252,112.7741935,433
2150,2350,353.8899479,400,1579,0.2757539683,0.2729575681,110.3015873,431
2150,2450,356.3705936,400,1595,0.2655,0.2714733542,106.2,433
2150,2550,379.2705549,400,1617,0.2701923077,0.270253556,108.0769231,437
2150,2650,370.5033431,400,1626,0.2741666667,0.2607626076,109.6666667,424
2150,2750,400.3331946,400,1653,0.251,0.2679975802,100.4,443
2150,2850,403.7141001,400,1658,0.2489179104,0.2720144753,99.56716418,451
2150,2950,401.700929,400,1647,0.2494318182,0.276867031,99.77272727,456
2150,3050,402.3010736,400,1670,0.2467307692,0.2724550898,98.69230769,455
2150,3150,401.4556846,400,1639,0.2640833333,0.2763880415,105.6333333,453
2150,3250,401.4318634,400,1607,0.2818032787,0.2706907281,112.7213115,435
2150,3350,391.7109904,400,1564,0.313125,0.2755754476,125.25,431
2150,3450,373.3296131,400,1486,0.32453125,0.2786002692,129.8125,414
2150,3550,354.6472161,400,1381,0.3215140845,0.2780593773,128.6056338,384
2150,3650,356.9713874,400,1263,0.3113571429,0.2763262074,124.5428571,349
2150,3750,402.8742885,400,1132,0.3030769231,0.2862190813,121.2307692,324
2150,3850,423.6744033,400,1020,0.29125,0.2892156863,116.5,295
2150,3950,486.8972844,400,906,0.2894827586,0.2958057395,115.7931034,268
2250,50,501.2106555,400,896,0.3246212121,0.3080357143,129.8484848,276
2250,150,447.2135955,400,1016,0.325,0.2952755906,130,300
2250,250,408.2482905,400,1141,0.3333333333,0.2927256792,133.3333333,334
2250,350,387.2983346,400,1251,0.3366666667,0.2861710631,134.6666667,358
2250,450,400,400,1334,0.325,0.2923538231,130,390
2250,550,396.5762566,400,1436,0.3047727273,0.2917827298,121.9090909,419
2250,650,384.248694,400,1514,0.3047058824,0.2820343461,121.8823529,427
2250,750,382.9708431,400,1561,0.2936111111,0.2927610506,117.4444444,457
2250,850,400.3245437,400,1581,0.2964935065,0.2972802024,118.5974026,470
2250,950,389.9472061,400,1557,0.2765441176,0.2954399486,110.6176471,460
2250,1050,401.0549469,400,1546,0.2692253521,0.2956015524,107.6901408,457
2250,1150,403.227718,400,1535,0.2740740741,0.2912052117,109.6296296,447
2250,1250,406.8381022,400,1520,0.2854310345,0.2848684211,114.1724138,433
2250,1350,405.9342418,400,1530,0.2889130435,0.2797385621,115.5652174,428
2250,1450,407.4732909,400,1532,0.2836206897,0.2832898172,113.4482759,434
2250,1550,407.1624369,400,1553,0.2916796875,0.2820347714,116.671875,438
2250,1650,408.7190747,400,1570,0.2962820513,0.2859872611,118.5128205,449
2250,1750,407.2111191,400,1572,0.3110074627,0.2805343511,124.4029851,441
2250,1850,410.255846,400,1592,0.3073591549,0.2795226131,122.943662,445
2250,1950,406.63511,400,1581,0.2980985915,0.2764073371,119.2394366,437
2250,2050,402.0439581,400,1585,0.2994672131,0.2731861199,119.7868852,433
2250,2150,393.0314036,400,1578,0.2994736842,0.2782002535,119.7894737,439
2250,2250,369.2744729,400,1577,0.2863636364,0.2745719721,114.5454545,433
2250,2350,367.2039075,400,1595,0.282016129,0.2721003135,112.8064516,434
2250,2450,400,400,1607,0.2875,0.2769135034,115,445
2250,2550,377.964473,400,1590,0.2782142857,0.2729559748,111.2857143,434
2250,2650,374.1657387,400,1609,0.2616666667,0.2703542573,104.6666667,435
2250,2750,403.4101214,400,1632,0.2628082192,0.2745098039,105.1232877,448
2250,2850,401.3235678,400,1632,0.2397727273,0.2800245098,95.90909091,457
2250,2950,402.5890238,400,1632,0.237987013,0.2837009804,95.19480519,463
2250,3050,403.1565593,400,1645,0.2576056338,0.2820668693,103.0422535,464
2250,3150,404.4396476,400,1637,0.2578571429,0.2816127062,103.1428571,461
2250,3250,401.736736,400,1631,0.2833544304,0.2869405273,113.3417722,468
2250,3350,401.8051374,400,1556,0.3304276316,0.2853470437,132.1710526,444
2250,3450,400.166632,400,1475,0.3333666667,0.2847457627,133.3466667,420
2250,3550,375.2332608,400,1367,0.3372,0.2831016825,134.88,387
2250,3650,365.1483717,400,1267,0.3166666667,0.2833464878,126.6666667,359
2250,3750,403.0543762,400,1130,0.3023113208,0.2805309735,120.9245283,317
2250,3850,427.0280332,400,1014,0.3001470588,0.2938856016,120.0588235,298
2250,3950,482.7804088,400,894,0.2988076923,0.2997762864,119.5230769,268
2350,50,505.6820006,400,880,0.3353571429,0.3102272727,134.1428571,273
2350,150,448.0471724,400,974,0.3282462687,0.3039014374,131.2985075,296
2350,250,407.1476769,400,1090,0.3330769231,0.3018348624,133.2307692,329
2350,350,385.4496447,400,1205,0.3536904762,0.3020746888,141.4761905,364
2350,450,369.2744729,400,1281,0.3533333333,0.3044496487,141.3333333,390
2350,550,374.5831016,400,1386,0.312734375,0.303030303,125.09375,420
2350,650,360.5551275,400,1467,0.31,0.2958418541,124,434
2350,750,370.3280399,400,1509,0.3022619048,0.3021868787,120.9047619,456
2350,850,380.7886553,400,1517,0.2975,0.3038892551,119,461
2350,950,400.5947959,400,1489,0.2897619048,0.3015446608,115.9047619,449
2350,1050,402.6321846,400,1484,0.2846478873,0.3025606469,113.8591549,449
2350,1150,403.3755873,400,1486,0.2926694915,0.2974427995,117.0677966,442
2350,1250,404.3988891,400,1466,0.3065,0.2974079127,122.6,436
2350,1350,407.715445,400,1484,0.3117753623,0.2897574124,124.7101449,430
2350,1450,408.774723,400,1485,0.3108870968,0.2808080808,124.3548387,417
2350,1550,410.8814055,400,1482,0.2902941176,0.2908232119,116.1176471,431
2350,1650,407.8592972,400,1521,0.2978968254,0.288625904,119.1587302,439
2350,1750,407.4309757,400,1526,0.3075,0.2883355177,123,440
2350,1850,408.6369134,400,1539,0.3021825397,0.2878492528,120.8730159,443
2350,1950,407.7125313,400,1537,0.3143032787,0.2797657775,125.7213115,430
2350,2050,403.1542302,400,1536,0.3114,0.28515625,124.56,438
2350,2150,396.4962829,400,1535,0.2869767442,0.2827361564,114.7906977,434
2350,2250,387.2983346,400,1546,0.3,0.2794307891,120,432
2350,2350,384.4187532,400,1552,0.2923148148,0.2738402062,116.9259259,425
2350,2450,384.3075691,400,1554,0.2881410256,0.2792792793,115.2564103,434
2350,2550,400.1505741,400,1559,0.2781626506,0.2726106479,111.2650602,425
2350,2650,396.0329598,400,1562,0.2578947368,0.2791293214,103.1578947,436
2350,2750,401.4215247,400,1582,0.2623417722,0.2768647282,104.9367089,438
2350,2850,404.6603514,400,1556,0.2596875,0.2879177378,103.875,448
2350,2950,405.2391269,400,1596,0.2454296875,0.2926065163,98.171875,467
2350,3050,403.212903,400,1611,0.2422580645,0.2905027933,96.90322581,468
2350,3150,403.319559,400,1587,0.2718333333,0.2930056711,108.7333333,465
2350,3250,401.675595,400,1572,0.3002238806,0.286259542,120.0895522,450
2350,3350,395.0349751,400,1515,0.3235526316,0.2884488449,129.4210526,437
2350,3450,400.1922615,400,1435,0.3307692308,0.2871080139,132.3076923,412
2350,3550,388.1043674,400,1323,0.328125,0.2819349962,131.25,373
2350,3650,393.7003937,400,1228,0.3266666667,0.2890879479,130.6666667,355
2350,3750,404.3513324,400,1107,0.320875,0.2935862692,128.35,325
2350,3850,420.7136794,400,998,0.3145,0.3016032064,125.8,301
2350,3950,488.3252384,400,877,0.3096153846,0.3101482326,123.8461538,272
2450,50,505.2663829,400,859,0.3633823529,0.3154831199,145.3529412,271
2450,150,441.5880433,400,961,0.3675,0.3163371488,147,304
2450,250,408.0816245,400,1078,0.3569897959,0.3153988868,142.7959184,340
2450,350,359.4868137,400,1173,0.3633333333,0.3094629156,145.3333333,363
2450,450,358.4689666,400,1245,0.352125,0.3140562249,140.85,391
2450,550,377.964473,400,1333,0.3407142857,0.3098274569,136.2857143,413
2450,650,359.5749124,400,1426,0.3259705882,0.3148667602,130.3882353,449
2450,750,371.3418059,400,1465,0.3159210526,0.3058020478,126.3684211,448
2450,850,402.1426986,400,1477,0.31359375,0.307379824,125.4375,454
2450,950,404.222991,400,1452,0.2961320755,0.3037190083,118.4528302,441
2450,1050,402.5778999,400,1441,0.2932758621,0.3081193616,117.3103448,444
2450,1150,406.7144781,400,1456,0.3117708333,0.3042582418,124.7083333,443
2450,1250,403.585624,400,1441,0.3190254237,0.2977099237,127.6101695,429
2450,1350,405.0089605,400,1434,0.3201612903,0.29986053,128.0645161,430
2450,1450,410.8186094,400,1437,0.3122807018,0.2971468337,124.9122807,427
2450,1550,411.703777,400,1454,0.315375,0.2943603851,126.15,428
2450,1650,411.6718161,400,1474,0.2957894737,0.2991858887,118.3157895,441
2450,1750,409.0326299,400,1483,0.3010576923,0.3027646662,120.4230769,449
2450,1850,404.9691346,400,1510,0.311,0.2993377483,124.4,452
2450,1950,406.2885951,400,1523,0.3018661972,0.2948128693,120.7464789,449
2450,2050,404.6300659,400,1510,0.3096078431,0.2947019868,123.8431373,445
2450,2150,403.6127176,400,1522,0.2975,0.2904073587,119,442
2450,2250,404.5573713,400,1535,0.30625,0.2866449511,122.5,440
2450,2350,386.9584501,400,1542,0.2955921053,0.2853437095,118.2368421,440
2450,2450,386.1229197,400,1534,0.3006818182,0.2809647979,120.2727273,431
2450,2550,400.551091,400,1506,0.2844852941,0.2788844622,113.7941176,420
2450,2650,400.3470716,400,1526,0.2661111111,0.2850589777,106.4444444,435
2450,2750,400.7684925,400,1550,0.2655769231,0.2851612903,106.2307692,442
2450,2850,403.2653603,400,1540,0.2597131148,0.2941558442,103.8852459,453
2450,2950,406.2019202,400,1545,0.25125,0.2964401294,100.5,458
2450,3050,406.4004064,400,1554,0.259516129,0.2908622909,103.8064516,452
2450,3150,394.9683532,400,1563,0.2813333333,0.2949456174,112.5333333,461
2450,3250,398.9851992,400,1555,0.2964864865,0.291318328,118.5945946,453
2450,3350,400.9987531,400,1494,0.309,0.2871485944,123.6,429
2450,3450,401.2134372,400,1397,0.3213888889,0.2848962062,128.5555556,398
2450,3550,387.7145608,400,1316,0.3311290323,0.2895136778,132.4516129,381
2450,3650,379.2705549,400,1232,0.3405769231,0.2922077922,136.2307692,360
2450,3750,401.8573898,400,1097,0.3419680851,0.2971741112,136.787234,326
2450,3850,426.4014327,400,989,0.3379545455,0.3023255814,135.1818182,299
2450,3950,485.0712501,400,871,0.3242647059,0.3168771527,129.7058824,276
2550,50,501.4265364,400,838,0.3792857143,0.330548926,151.7142857,277
2550,150,437.6244412,400,927,0.3772727273,0.3182308522,150.9090909,295
2550,250,406.2019202,400,1052,0.375,0.316539924,150,333
2550,350,373.6881817,400,1154,0.3513392857,0.3240901213,140.5357143,374
2550,450,369.2096823,400,1254,0.3577631579,0.3213716108,143.1052632,403
2550,550,383.5920452,400,1336,0.345,0.3203592814,138,428
2550,650,391.4715826,400,1428,0.341625,0.3158263305,136.65,451
2550,750,401.4215247,400,1477,0.3396202532,0.3195666892,135.8481013,472
2550,850,404.0775774,400,1473,0.3181147541,0.3177189409,127.2459016,468
2550,950,406.3942052,400,1446,0.2944140625,0.3118948824,117.765625,451
2550,1050,407.9215611,400,1436,0.3125,0.3105849582,125,446
2550,1150,404.6856704,400,1451,0.3297540984,0.3080634045,131.9016393,447
2550,1250,407.8084015,400,1427,0.3308846154,0.3034337772,132.3538462,433
2550,1350,408.5773903,400,1429,0.3335483871,0.3058082575,133.4193548,437
2550,1450,408.2482905,400,1428,0.3225,0.3088235294,129,441
2550,1550,409.0326299,400,1430,0.3245192308,0.3132867133,129.8076923,448
2550,1650,409.1803654,400,1452,0.3188571429,0.3140495868,127.5428571,456
2550,1750,407.1933836,400,1452,0.3161290323,0.314738292,126.4516129,457
2550,1850,406.2818419,400,1492,0.3218181818,0.3150134048,128.7272727,470
2550,1950,405.0665962,400,1504,0.3002960526,0.3098404255,120.1184211,466
2550,2050,405.9417845,400,1510,0.2966549296,0.3052980132,118.6619718,461
2550,2150,404.6162203,400,1511,0.307,0.307081403,122.8,464
2550,2250,401.9184762,400,1528,0.3278846154,0.2990837696,131.1538462,457
2550,2350,400.1811184,400,1529,0.2960144928,0.2962720733,118.4057971,453
2550,2450,401.5594601,400,1514,0.2940625,0.2906208719,117.625,440
2550,2550,399.1468174,400,1502,0.296875,0.2869507324,118.75,431
2550,2650,395.2847075,400,1516,0.286875,0.2889182058,114.75,438
2550,2750,400.3569836,400,1514,0.2611428571,0.2992073976,104.4571429,453
2550,2850,402.6427848,400,1508,0.2681060606,0.2984084881,107.2424242,450
2550,2950,405.1590381,400,1518,0.2636923077,0.2964426877,105.4769231,450
2550,3050,404.1451884,400,1529,0.2675,0.2943100065,107,450
2550,3150,402.003909,400,1528,0.2772321429,0.2951570681,110.8928571,451
2550,3250,401.1202262,400,1528,0.2846794872,0.2958115183,113.8717949,452
2550,3350,388.7626058,400,1482,0.3021590909,0.298245614,120.8636364,442
2550,3450,385.3070703,400,1405,0.3113461538,0.2975088968,124.5384615,418
2550,3550,375.0268808,400,1333,0.3363709677,0.2933233308,134.5483871,391
2550,3650,363.4129408,400,1220,0.355862069,0.2950819672,142.3448276,360
2550,3750,407.5557568,400,1107,0.3359322034,0.3017163505,134.3728814,334
2550,3850,437.6973239,400,1002,0.3305263158,0.3093812375,132.2105263,310
2550,3950,501.9960159,400,874,0.326,0.3112128146,130.4,272
2650,50,509.5749863,400,819,0.3639166667,0.3418803419,145.5666667,280
2650,150,466.2048249,400,945,0.3699489796,0.3354497354,147.9795918,317
2650,250,412.3105626,400,1047,0.36,0.3285577841,144,344
2650,350,385.9370006,400,1173,0.3472368421,0.3307757886,138.8947368,388
2650,450,384.9860851,400,1243,0.3422321429,0.3258246179,136.8928571,405
2650,550,402.4922359,400,1356,0.3145,0.3259587021,125.8,442
2650,650,402.5778999,400,1421,0.3473275862,0.3279380718,138.9310345,466
2650,750,404.8486619,400,1487,0.3250609756,0.3301950235,130.0243902,491
2650,850,408.1206929,400,1504,0.31203125,0.3291223404,124.8125,495
2650,950,412.0284479,400,1481,0.321627907,0.3247805537,128.6511628,481
2650,1050,413.6078198,400,1473,0.321875,0.3238289206,128.75,477
2650,1150,410.0042052,400,1458,0.3345689655,0.3161865569,133.8275862,461
2650,1250,414.0900726,400,1446,0.3436764706,0.3125864454,137.4705882,452
2650,1350,415.7609203,400,1446,0.3328571429,0.3105117566,133.1428571,449
2650,1450,413.348694,400,1455,0.3313571429,0.3161512027,132.5428571,460
2650,1550,412.3105626,400,1445,0.3325,0.323183391,133,467
2650,1650,408.3315979,400,1430,0.3293877551,0.3265734266,131.755102,467
2650,1750,407.9930555,400,1468,0.3352604167,0.3249318801,134.1041667,477
2650,1850,412.6381832,400,1479,0.3208783784,0.3245436105,128.3513514,480
2650,1950,409.4712037,400,1482,0.3100833333,0.318488529,124.0333333,472
2650,2050,409.5729483,400,1499,0.2888125,0.3215476985,115.525,482
2650,2150,404.8007366,400,1514,0.3114204545,0.321664465,124.5681818,487
2650,2250,398.6584646,400,1511,0.3117857143,0.3150231635,124.7142857,476
2650,2350,392.4283374,400,1528,0.313,0.3017015707,125.2,461
2650,2450,397.1049077,400,1525,0.3061538462,0.297704918,122.4615385,454
2650,2550,401.5925743,400,1520,0.3013297872,0.2980263158,120.5319149,453
2650,2650,398.6086914,400,1532,0.2962962963,0.2983028721,118.5185185,457
2650,2750,400,400,1502,0.285,0.3029294274,114,455
2650,2850,404.5657788,400,1487,0.2639285714,0.2999327505,105.5714286,446
2650,2950,403.3397164,400,1495,0.2757317073,0.3003344482,110.2926829,449
2650,3050,403.2369031,400,1511,0.2791,0.3037723362,111.64,459
2650,3150,405.0699108,400,1513,0.2807653061,0.304031725,112.3061224,460
2650,3250,405.2159918,400,1509,0.28575,0.3108018555,114.3,469
2650,3350,401.9483798,400,1456,0.314140625,0.301510989,125.65625,439
2650,3450,391.1521443,400,1391,0.3218333333,0.3033788641,128.7333333,422
2650,3550,388.2901374,400,1332,0.3238461538,0.3078078078,129.5384615,410
2650,3650,384.9860851,400,1231,0.3446428571,0.3070674249,137.8571429,378
2650,3750,415.1541174,400,1111,0.3447058824,0.3060306031,137.8823529,340
2650,3850,472.9526515,400,991,0.3422368421,0.3138244198,136.8947368,311
2650,3950,518.0090089,400,877,0.3258333333,0.30672748,130.3333333,269
2750,50,520.9139577,400,818,0.3557432432,0.3643031785,142.2972973,298
2750,150,485.5041562,400,934,0.3575,0.3543897216,143,331
2750,250,433.9738855,400,1046,0.3477083333,0.3470363289,139.0833333,363
2750,350,407.7376608,400,1176,0.340625,0.3392857143,136.25,399
2750,450,407.3879138,400,1271,0.3388157895,0.3383162864,135.5263158,430
2750,550,409.2191558,400,1342,0.3310714286,0.3405365127,132.4285714,457
2750,650,410.4610345,400,1432,0.3142934783,0.3414804469,125.7173913,489
2750,750,409.8780306,400,1480,0.318,0.3371621622,127.2,499
2750,850,410.7919181,400,1498,0.3275,0.3331108144,131,499
2750,950,413.8236339,400,1477,0.330625,0.3290453622,132.25,486
2750,1050,427.2533845,400,1476,0.3332272727,0.337398374,133.2909091,498
2750,1150,424.8838851,400,1455,0.3594078947,0.3305841924,143.7631579,481
2750,1250,425.8864994,400,1432,0.3587931034,0.3289106145,143.5172414,471
2750,1350,427.7849927,400,1417,0.343625,0.3246294989,137.45,460
2750,1450,425.0116712,400,1419,0.3566666667,0.3312191684,142.6666667,470
2750,1550,421.9004622,400,1438,0.334,0.3386648122,133.6,487
2750,1650,410.8600372,400,1420,0.3579477612,0.3316901408,143.1791045,471
2750,1750,412.132189,400,1432,0.3317647059,0.3275139665,132.7058824,469
2750,1850,410.2844542,400,1449,0.3154166667,0.33126294,126.1666667,480
2750,1950,410.6228332,400,1454,0.3170138889,0.3349381018,126.8055556,487
2750,2050,410.7057892,400,1481,0.3153773585,0.3308575287,126.1509434,490
2750,2150,405.7157418,400,1481,0.2912828947,0.3301823093,116.5131579,489
2750,2250,404.8147725,400,1499,0.30171875,0.3195463642,120.6875,479
2750,2350,405.1748594,400,1491,0.315625,0.3125419182,126.25,466
2750,2450,406.7876479,400,1496,0.3124404762,0.310828877,124.9761905,465
2750,2550,407.8084015,400,1472,0.3058846154,0.3057065217,122.3538462,450
2750,2650,406.3028024,400,1480,0.3067622951,0.3054054054,122.704918,452
2750,2750,406.6750735,400,1481,0.29,0.3051991897,116,452
2750,2850,407.3193967,400,1466,0.2910227273,0.3076398363,116.4090909,451
2750,2950,403.8746762,400,1484,0.272295082,0.3119946092,108.9180328,463
2750,3050,406.1127137,400,1503,0.2708333333,0.3093812375,108.3333333,465
2750,3150,409.686633,400,1494,0.2894117647,0.3159303882,115.7647059,472
2750,3250,408.1316314,400,1505,0.2962142857,0.311627907,118.4857143,469
2750,3350,406.0153751,400,1440,0.3028787879,0.3111111111,121.1515152,448
2750,3450,404.5790535,400,1390,0.3215789474,0.3122302158,128.6315789,434
2750,3550,404.6162203,400,1309,0.3188571429,0.3139801375,127.5428571,411
2750,3650,406.5147442,400,1209,0.3345762712,0.3143093466,133.8305085,380
2750,3750,428.9522118,400,1102,0.3465,0.3148820327,138.6,347
2750,3850,476.8850541,400,982,0.3366935484,0.3177189409,134.6774194,312
2750,3950,529.1502622,400,875,0.3341666667,0.3177142857,133.6666667,278
2850,50,535.023364,400,804,0.36125,0.3656716418,144.5,294
2850,150,492.6543751,400,930,0.3534375,0.3634408602,141.375,338
2850,250,435.8898944,400,1047,0.33875,0.3524355301,135.5,369
2850,350,417.6005794,400,1173,0.3431707317,0.3572037511,137.2682927,419
2850,450,411.4586803,400,1258,0.3481140351,0.3577106518,139.245614,450
2850,550,411.0025267,400,1364,0.3429230769,0.3519061584,137.1692308,480
2850,650,412.9837231,400,1444,0.3416666667,0.3448753463,136.6666667,498
2850,750,414.1438778,400,1473,0.3259090909,0.3421588595,130.3636364,504
2850,850,412.7953488,400,1498,0.3188,0.3431241656,127.52,514
2850,950,414.0393356,400,1467,0.3314285714,0.3421949557,132.5714286,502
2850,1050,424.7548312,400,1466,0.340625,0.3383356071,136.25,496
2850,1150,429.9501632,400,1433,0.35275,0.3363572924,141.1,482
2850,1250,422.5358983,400,1434,0.3520121951,0.3347280335,140.804878,480
2850,1350,420.757694,400,1416,0.3583333333,0.3396892655,143.3333333,481
2850,1450,417.4095941,400,1423,0.3598076923,0.3429374561,143.9230769,488
2850,1550,411.6170203,400,1406,0.3443571429,0.3506401138,137.7428571,493
2850,1650,414.3961124,400,1406,0.3413793103,0.3406827881,136.5517241,479
2850,1750,410.6459996,400,1424,0.3367808219,0.3412921348,134.7123288,486
2850,1850,410.9354262,400,1441,0.3387735849,0.3379597502,135.509434,487
2850,1950,408.4115571,400,1478,0.3259,0.3403247632,130.36,503
2850,2050,408.0912417,400,1479,0.3207692308,0.3407707911,128.3076923,504
2850,2150,407.0327698,400,1472,0.3108108108,0.3403532609,124.3243243,501
2850,2250,407.4605458,400,1492,0.2971385542,0.3378016086,118.8554217,504
2850,2350,406.3138062,400,1487,0.3015454545,0.3254875588,120.6181818,484
2850,2450,408.4257512,400,1487,0.3325724638,0.3254875588,133.0289855,484
2850,2550,410.3811624,400,1488,0.3349603175,0.3172043011,133.984127,472
2850,2650,412.1372864,400,1467,0.31925,0.3197000682,127.7,469
2850,2750,410.6748667,400,1463,0.3229326923,0.3198906357,129.1730769,468
2850,2850,406.7610422,400,1467,0.2968181818,0.3149284254,118.7272727,462
2850,2950,407.6062526,400,1507,0.2739642857,0.3218314532,109.5857143,485
2850,3050,409.5025124,400,1501,0.2821153846,0.3211192538,112.8461538,482
2850,3150,409.3897898,400,1509,0.2897,0.3267064281,115.88,493
2850,3250,409.4472601,400,1497,0.2989705882,0.3246492986,119.5882353,486
2850,3350,410.5174663,400,1467,0.3029918033,0.3210633947,121.1967213,471
2850,3450,409.4372832,400,1398,0.3133333333,0.3247496423,125.3333333,454
2850,3550,405.6270865,400,1302,0.3315,0.3225806452,132.6,420
2850,3650,406.8048624,400,1225,0.3380882353,0.32,135.2352941,392
2850,3750,424.7448214,400,1106,0.3234693878,0.3254972875,129.3877551,360
2850,3850,472.7889717,400,975,0.3269117647,0.3312820513,130.7647059,323
2850,3950,509.9019514,400,887,0.335,0.3269447576,134,290
2950,50,539.7261786,400,819,0.3658695652,0.358974359,146.3478261,294
2950,150,484.2592717,400,946,0.3548591549,0.3594080338,141.943662,340
2950,250,439.0428461,400,1060,0.344612069,0.3528301887,137.8448276,374
2950,350,420.2129786,400,1184,0.3464473684,0.3606418919,138.5789474,427
2950,450,415.0731433,400,1268,0.3695714286,0.3541009464,147.8285714,449
2950,550,411.4113018,400,1352,0.3441666667,0.3535502959,137.6666667,478
2950,650,414.9640008,400,1440,0.3496341463,0.3569444444,139.8536585,514
2950,750,415.4171741,400,1447,0.3383571429,0.3545266068,135.3428571,513
2950,850,424.2640687,400,1475,0.3275,0.3491525424,131,515
2950,950,420.7136794,400,1490,0.3195,0.355704698,127.8,530
2950,1050,425.0760581,400,1436,0.3411206897,0.3454038997,136.4482759,496
2950,1150,427.3440661,400,1449,0.3559016393,0.3416149068,142.3606557,495
2950,1250,424.0132475,400,1425,0.3468617021,0.3396491228,138.7446809,484
2950,1350,424.5782221,400,1443,0.3410333333,0.3471933472,136.4133333,501
2950,1450,414.9548168,400,1438,0.353515625,0.3532684284,141.40625,508
2950,1550,416.583325,400,1422,0.3600520833,0.3565400844,144.0208333,507
2950,1650,411.5274459,400,1411,0.355,0.351523742,142,496
2950,1750,409.6492402,400,1411,0.350390625,0.3486888731,140.15625,492
2950,1850,409.1068577,400,1456,0.3476315789,0.3523351648,139.0526316,513
2950,1950,409.9457959,400,1472,0.3341666667,0.355298913,133.6666667,523
2950,2050,406.5637928,400,1456,0.3208823529,0.353021978,128.3529412,514
2950,2150,409.8780306,400,1466,0.3235,0.3472032742,129.4,509
2950,2250,407.8043009,400,1478,0.3141847826,0.3470906631,125.673913,513
2950,2350,406.8048624,400,1481,0.3258333333,0.3436866982,130.3333333,509
2950,2450,409.2158686,400,1480,0.3235169492,0.3344594595,129.4067797,495
2950,2550,412.7015637,400,1496,0.3409677419,0.3308823529,136.3870968,495
2950,2650,414.6510387,400,1473,0.3438709677,0.3326544467,137.5483871,490
2950,2750,413.7074403,400,1469,0.3231730769,0.336963921,129.2692308,495
2950,2850,411.6235686,400,1472,0.3175943396,0.3301630435,127.0377358,486
2950,2950,414.5095678,400,1497,0.2975,0.3239812959,119,485
2950,3050,417.1330723,400,1496,0.3095,0.3302139037,123.8,494
2950,3150,420.4452325,400,1509,0.3035483871,0.337972167,121.4193548,510
2950,3250,412.7015637,400,1525,0.2980645161,0.3331147541,119.2258065,508
2950,3350,409.5025124,400,1493,0.2953846154,0.3328868051,118.1538462,497
2950,3450,409.8780306,400,1395,0.317,0.3290322581,126.8,459
2950,3550,406.8608046,400,1301,0.3429464286,0.3320522675,137.1785714,432
2950,3650,407.9930555,400,1219,0.314375,0.3371616079,125.75,411
2950,3750,421.3074887,400,1110,0.308125,0.3423423423,123.25,380
2950,3850,457.1831071,400,984,0.3094672131,0.331300813,123.7868852,326
2950,3950,507.3374659,400,883,0.3159782609,0.3397508494,126.3913043,300
3150,50,560.7534614,400,824,0.3819444444,0.3616504854,152.7777778,298
3150,150,501.1098793,400,950,0.3911111111,0.3621052632,156.4444444,344
3150,250,445.0443979,400,1070,0.3874193548,0.3560747664,154.9677419,381
3150,350,421.7567876,400,1168,0.3800757576,0.3518835616,152.030303,411
3150,450,414.1032256,400,1276,0.3615740741,0.3581504702,144.6296296,457
3150,550,409.7301403,400,1362,0.3728030303,0.3546255507,149.1212121,483
3150,650,416.6666667,400,1442,0.3498611111,0.3578363384,139.9444444,516
3150,750,415.6921938,400,1466,0.3345,0.360845839,133.8,529
3150,850,419.2927994,400,1472,0.334516129,0.363451087,133.8064516,535
3150,950,417.9783276,400,1461,0.3464705882,0.372347707,138.5882353,544
3150,1050,421.1096453,400,1473,0.3581666667,0.3727087576,143.2666667,549
3150,1150,418.1238886,400,1464,0.3544827586,0.3640710383,141.7931034,533
3150,1250,417.0288281,400,1461,0.3632608696,0.3675564682,145.3043478,537
3150,1350,424.5959139,400,1439,0.3808098592,0.362751911,152.3239437,522
3150,1450,419.9567077,400,1442,0.3959090909,0.3703190014,158.3636364,534
3150,1550,415.9326869,400,1431,0.38725,0.3703703704,154.9,530
3150,1650,410.8933357,400,1433,0.375625,0.3628750872,150.25,520
3150,1750,409.7859543,400,1443,0.3735849057,0.3652113652,149.4339623,527
3150,1850,407.7733068,400,1442,0.3709883721,0.3696255201,148.3953488,533
3150,1950,407.9930555,400,1462,0.36640625,0.3755129959,146.5625,549
3150,2050,412.0072815,400,1474,0.3544375,0.3710990502,141.775,547
3150,2150,410.1961355,400,1485,0.3508695652,0.3723905724,140.3478261,553
3150,2250,409.633983,400,1500,0.35455,0.3633333333,141.82,545
3150,2350,409.6068576,400,1467,0.3644444444,0.3626448534,145.7777778,532
3150,2450,410.9089362,400,1467,0.3755769231,0.3551465576,150.2307692,521
3150,2550,410.1877232,400,1471,0.3603968254,0.3528212101,144.1587302,519
3150,2650,409.7763618,400,1484,0.3676041667,0.3530997305,147.0416667,524
3150,2750,411.1861793,400,1482,0.3610648148,0.3529014845,144.4259259,523
3150,2850,424.8248939,400,1502,0.3664880952,0.3488681758,146.5952381,524
3150,2950,424.9006243,400,1498,0.3595945946,0.3477970628,143.8378378,521
3150,3050,423.6088342,400,1528,0.3384722222,0.3494764398,135.3888889,534
3150,3150,417.2559935,400,1530,0.3328846154,0.354248366,133.1538462,542
3150,3250,414.6618435,400,1520,0.3488888889,0.3559210526,139.5555556,541
3150,3350,407.4821059,400,1475,0.3281770833,0.3525423729,131.2708333,520
3150,3450,406.6750735,400,1401,0.3238461538,0.3490364026,129.5384615,489
3150,3550,405.139397,400,1301,0.3156896552,0.3474250576,126.2758621,452
3150,3650,405.6420276,400,1189,0.3295454545,0.3507148865,131.8181818,417
3150,3750,417.6654695,400,1087,0.3388888889,0.346826127,135.5555556,377
3150,3850,446.693277,400,986,0.3313953488,0.3529411765,132.5581395,348
3150,3950,501.9011475,400,868,0.3267857143,0.3513824885,130.7142857,305
3250,50,557.6737397,400,833,0.3845,0.356542617,153.8,297
3250,150,501.1525179,400,971,0.3871153846,0.3614830072,154.8461538,351
3250,250,444.4949466,400,1074,0.3860606061,0.3547486034,154.4242424,381
3250,350,418.3300133,400,1181,0.3775,0.3598645216,151,425
3250,450,410.7919181,400,1276,0.375625,0.3667711599,150.25,468
3250,550,408.4023174,400,1357,0.3631603774,0.3640383198,145.2641509,494
3250,650,406.4298035,400,1430,0.3597222222,0.3664335664,143.8888889,524
3250,750,410.019441,400,1496,0.3291666667,0.3676470588,131.6666667,550
3250,850,408.5203653,400,1488,0.3244444444,0.375672043,129.7777778,559
3250,950,408.5814185,400,1484,0.350255102,0.3908355795,140.1020408,580
3250,1050,411.9191903,400,1493,0.3608064516,0.3811118553,144.3225806,569
3250,1150,413.0029401,400,1459,0.3618571429,0.372172721,144.7428571,543
3250,1250,412.3105626,400,1461,0.3675,0.3661875428,147,535
3250,1350,416.1378758,400,1466,0.3918902439,0.3744884038,156.7560976,549
3250,1450,415.2577806,400,1472,0.4041463415,0.3743206522,161.6585366,551
3250,1550,410.5174663,400,1455,0.4100409836,0.3738831615,164.0163934,544
3250,1650,408.7407069,400,1461,0.4094827586,0.3668720055,163.7931034,536
3250,1750,407.6848005,400,1471,0.3944827586,0.3664174031,157.7931034,539
3250,1850,408.3225107,400,1458,0.3769545455,0.3744855967,150.7818182,546
3250,1950,406.5637928,400,1465,0.3705882353,0.3822525597,148.2352941,560
3250,2050,407.0499419,400,1499,0.3644827586,0.3775850567,145.7931034,566
3250,2150,409.3548932,400,1489,0.3655,0.3700470114,146.2,551
3250,2250,406.5147442,400,1490,0.3700847458,0.3718120805,148.0338983,554
3250,2350,407.7636404,400,1493,0.373220339,0.3643670462,149.2881356,544
3250,2450,408.1206929,400,1498,0.394375,0.3664886515,157.75,549
3250,2550,411.4586803,400,1477,0.4036403509,0.3771157752,161.4561404,557
3250,2650,411.2547079,400,1462,0.39,0.3693570451,156,540
3250,2750,411.0025267,400,1491,0.3882692308,0.3608316566,155.3076923,538
3250,2850,415.4171741,400,1514,0.3797142857,0.3626155878,151.8857143,549
3250,2950,417.9128651,400,1520,0.3909302326,0.3611842105,156.372093,549
3250,3050,420.5907176,400,1533,0.3764655172,0.3555120678,150.5862069,545
3250,3150,411.9589117,400,1552,0.3436231884,0.3640463918,137.4492754,565
3250,3250,408.1206929,400,1522,0.3428125,0.3666228647,137.125,558
3250,3350,407.2865735,400,1477,0.3572058824,0.36492891,142.8823529,539
3250,3450,403.4273456,400,1378,0.3501449275,0.3599419448,140.057971,496
3250,3550,402.5602992,400,1283,0.336369863,0.3569758379,134.5479452,458
3250,3650,404.30377,400,1195,0.3256730769,0.3573221757,130.2692308,427
3250,3750,411.8526939,400,1085,0.3306132075,0.3594470046,132.245283,390
3250,3850,446.5920336,400,978,0.3267361111,0.3609406953,130.6944444,353
3250,3950,503.1607414,400,873,0.3309756098,0.3562428408,132.3902439,311
3350,50,541.0427642,400,826,0.3931818182,0.3644067797,157.2727273,301
3350,150,500,400,938,0.3875,0.368869936,155,346
3350,250,434.01854,400,1056,0.3881976744,0.3731060606,155.2790698,394
3350,350,409.7222723,400,1183,0.387393617,0.3744716822,154.9574468,443
3350,450,406.7468967,400,1280,0.3708227848,0.37109375,148.3291139,475
3350,550,406.4618895,400,1357,0.3573591549,0.375092115,142.943662,509
3350,650,402.7887858,400,1429,0.3567537313,0.3771868439,142.7014925,539
3350,750,402.9888336,400,1482,0.3518,0.3758434548,140.72,557
3350,850,402.807052,400,1480,0.3477112676,0.3831081081,139.084507,567
3350,950,404.5515688,400,1493,0.3499647887,0.3871399866,139.9859155,578
3350,1050,405.9417845,400,1468,0.3548239437,0.3835149864,141.9295775,563
3350,1150,408.3940674,400,1453,0.3647321429,0.3854094976,145.8928571,560
3350,1250,410.8330364,400,1467,0.3827702703,0.3803680982,153.1081081,558
3350,1350,410.496605,400,1469,0.3924253731,0.3812117086,156.9701493,560
3350,1450,408.193118,400,1478,0.3996621622,0.3788903924,159.8648649,560
3350,1550,409.317705,400,1509,0.4140163934,0.3757455268,165.6065574,567
3350,1650,408.3994655,400,1470,0.410308642,0.3761904762,164.1234568,553
3350,1750,406.2818419,400,1465,0.4117207792,0.3740614334,164.6883117,548
3350,1850,404.5890603,400,1475,0.3915,0.3789830508,156.6,559
3350,1950,406.4694223,400,1490,0.3773913043,0.3899328859,150.9565217,581
3350,2050,406.9253436,400,1484,0.3674264706,0.3874663073,146.9705882,575
3350,2150,405.7556915,400,1492,0.3772826087,0.3873994638,150.9130435,578
3350,2250,408.3799622,400,1485,0.3906451613,0.3818181818,156.2580645,567
3350,2350,406.8667356,400,1522,0.4018243243,0.3804204993,160.7297297,579
3350,2450,406.6120182,400,1493,0.4021666667,0.3724045546,160.8666667,556
3350,2550,409.4472601,400,1472,0.4082352941,0.3858695652,163.2941176,568
3350,2650,411.7233647,400,1465,0.4100806452,0.3822525597,164.0322581,560
3350,2750,411.9254055,400,1485,0.3984920635,0.3744107744,159.3968254,556
3350,2850,411.0784685,400,1503,0.3994202899,0.371922821,159.7681159,559
3350,2950,409.4584839,400,1509,0.3978515625,0.3744201458,159.140625,565
3350,3050,411.654539,400,1535,0.3904054054,0.3765472313,156.1621622,578
3350,3150,410.0997661,400,1535,0.3518181818,0.3778501629,140.7272727,580
3350,3250,406.1072234,400,1518,0.3518076923,0.3741765481,140.7230769,568
3350,3350,403.0059467,400,1466,0.3627586207,0.3703956344,145.1034483,543
3350,3450,400.8324671,400,1372,0.3666666667,0.3695335277,146.6666667,507
3350,3550,392.6748635,400,1267,0.3621774194,0.3701657459,144.8709677,469
3350,3650,396.2322551,400,1173,0.346,0.368286445,138.4,432
3350,3750,409.4283563,400,1069,0.3353947368,0.3704396632,134.1578947,396
3350,3850,446.0032723,400,974,0.3336486486,0.3747433265,133.4594595,365
3350,3950,508.1685686,400,868,0.3335294118,0.3721198157,133.4117647,323
3450,50,542.4810727,400,826,0.4010714286,0.3740920097,160.4285714,309
3450,150,497.8677941,400,950,0.3832978723,0.3726315789,153.3191489,354
3450,250,428.1744193,400,1077,0.3808333333,0.3816155989,152.3333333,411
3450,350,402.8126916,400,1196,0.3837096774,0.3804347826,153.483871,455
3450,450,390.1566637,400,1286,0.3734259259,0.3856920684,149.3703704,496
3450,550,359.5974761,400,1375,0.3533333333,0.3869090909,141.3333333,532
3450,650,383.8068424,400,1441,0.3694230769,0.386537127,147.7692308,557
3450,750,359.2526966,400,1489,0.360390625,0.3868368032,144.15625,576
3450,850,365.9413115,400,1480,0.3498913043,0.3918918919,139.9565217,580
3450,950,374.746291,400,1517,0.3544565217,0.3889255109,141.7826087,590
3450,1050,400.2658691,400,1501,0.3558510638,0.3877415057,142.3404255,582
3450,1150,402.6355481,400,1506,0.3736057692,0.3864541833,149.4423077,582
3450,1250,406.4694223,400,1492,0.3970652174,0.3887399464,158.826087,580
3450,1350,402.7681991,400,1516,0.4030555556,0.3898416887,161.2222222,591
3450,1450,405.517502,400,1493,0.3955555556,0.387809779,158.2222222,579
3450,1550,406.0517809,400,1521,0.4132317073,0.382642998,165.2926829,582
3450,1650,404.9691346,400,1507,0.419,0.3908427339,167.6,589
3450,1750,404.1451884,400,1482,0.4116666667,0.3913630229,164.6666667,580
3450,1850,400.2550207,400,1507,0.4180612245,0.3948241539,167.2244898,595
3450,1950,401.1347541,400,1472,0.3813636364,0.4042119565,152.5454545,595
3450,2050,402.2259493,400,1507,0.384375,0.402786994,153.75,607
3450,2150,402.7448197,400,1510,0.3871186441,0.4026490066,154.8474576,608
3450,2250,406.0857796,400,1533,0.4119811321,0.3985649054,164.7924528,611
3450,2350,405.1987741,400,1543,0.4148837209,0.3907971484,165.9534884,603
3450,2450,405.3983548,400,1543,0.4173913043,0.3907971484,166.9565217,603
3450,2550,408.529744,400,1523,0.4181896552,0.3906762968,167.2758621,595
3450,2650,409.2676386,400,1486,0.414375,0.3862718708,165.75,574
3450,2750,406.6520056,400,1506,0.4104878049,0.3884462151,164.195122,585
3450,2850,403.5556255,400,1512,0.4171428571,0.3849206349,166.8571429,582
3450,2950,405.9651368,400,1519,0.4052403846,0.3831468071,162.0961538,582
3450,3050,407.0499419,400,1511,0.384137931,0.3917935142,153.6551724,592
3450,3150,405.1013982,400,1512,0.3836160714,0.3882275132,153.4464286,587
3450,3250,403.9801975,400,1537,0.3735,0.3819128172,149.4,587
3450,3350,374.1657387,400,1466,0.3675,0.3819918145,147,560
3450,3450,360.5551275,400,1376,0.3725,0.3779069767,149,520
3450,3550,353.3323506,400,1271,0.3767578125,0.3815892998,150.703125,485
3450,3650,345.3313356,400,1187,0.3577985075,0.3765796125,143.119403,447
3450,3750,397.4921383,400,1079,0.3566666667,0.3855421687,142.6666667,416
3450,3850,436.3145315,400,976,0.3481481481,0.3842213115,139.2592593,375
3450,3950,504.3924709,400,880,0.3482352941,0.3795454545,139.2941176,334
3550,50,522.0153254,400,836,0.3933333333,0.3815789474,157.3333333,319
3550,150,462.7814459,400,960,0.389125,0.3791666667,155.65,364
3550,250,412.8374772,400,1069,0.3810869565,0.3854069224,152.4347826,412
3550,350,366.2484553,400,1199,0.3827586207,0.3928273561,153.1034483,471
3550,450,368.519269,400,1285,0.3748387097,0.386770428,149.9354839,497
3550,550,359.2526966,400,1374,0.363125,0.384279476,145.25,528
3550,650,359.4289766,400,1449,0.3926351351,0.3878536922,157.0540541,562
3550,750,357.3406046,400,1490,0.3698076923,0.3899328859,147.9230769,581
3550,850,365.4167645,400,1520,0.3547058824,0.3914473684,141.8823529,595
3550,950,377.5985238,400,1495,0.3557258065,0.3886287625,142.2903226,581
3550,1050,396.7726949,400,1516,0.3667857143,0.3931398417,146.7142857,596
3550,1150,400.8324671,400,1504,0.3798333333,0.388962766,151.9333333,585
3550,1250,402.1371479,400,1515,0.4203571429,0.39669967,168.1428571,601
3550,1350,403.4128598,400,1524,0.4019354839,0.4022309711,160.7741935,613
3550,1450,401.5877579,400,1505,0.3960454545,0.4033222591,158.4181818,607
3550,1550,405.3521245,400,1511,0.400862069,0.4023825281,160.3448276,608
3550,1650,404.0740799,400,1500,0.4271982759,0.3986666667,170.8793103,598
3550,1750,402.5310547,400,1487,0.413203125,0.3987895091,165.28125,593
3550,1850,401.2847016,400,1497,0.4124632353,0.4041416166,164.9852941,605
3550,1950,395.51052,400,1497,0.3974404762,0.4054776219,158.9761905,607
3550,2050,400,400,1514,0.395,0.4121532365,158,624
3550,2150,402.34818,400,1527,0.3866304348,0.4106090373,154.6521739,627
3550,2250,402.7887858,400,1528,0.4131716418,0.4103403141,165.2686567,627
3550,2350,402.9652,400,1526,0.4147619048,0.4017038008,165.9047619,613
3550,2450,405.5385783,400,1535,0.4212307692,0.4006514658,168.4923077,615
3550,2550,403.0584825,400,1521,0.4197368421,0.3977646285,167.8947368,605
3550,2650,402.6992261,400,1514,0.4294166667,0.4029062087,171.7666667,610
3550,2750,401.248053,400,1483,0.429,0.4045853001,171.6,600
3550,2850,401.781746,400,1504,0.4289285714,0.3969414894,171.5714286,597
3550,2950,403.2068422,400,1520,0.3992424242,0.4,159.6969697,608
3550,3050,401.781746,400,1511,0.3871428571,0.4063534083,154.8571429,614
3550,3150,402.3147311,400,1523,0.4045714286,0.4038082731,161.8285714,615
3550,3250,401.0067975,400,1501,0.3910483871,0.3957361759,156.4193548,594
3550,3350,386.1229197,400,1438,0.3963636364,0.388038943,158.5454545,558
3550,3450,365.4167645,400,1387,0.4160294118,0.3850036049,166.4117647,534
3550,3550,357.7708764,400,1267,0.4033333333,0.3883188635,161.3333333,492
3550,3650,347.3461539,400,1171,0.3728571429,0.3868488471,149.1428571,453
3550,3750,400.2716469,400,1062,0.3733152174,0.3851224105,149.326087,409
3550,3850,421.4261501,400,961,0.3702,0.3922996878,148.08,377
3550,3950,492.9186038,400,864,0.3644140625,0.3888888889,145.765625,336
3650,50,513.9714648,400,851,0.4059722222,0.3971797885,162.3888889,338
3650,150,454.8588261,400,962,0.4025862069,0.3846153846,161.0344828,370
3650,250,408.3940674,400,1073,0.4023214286,0.4007455732,160.9285714,430
3650,350,401.7505554,400,1198,0.3855701754,0.3956594324,154.2280702,474
3650,450,377.0439791,400,1292,0.3696621622,0.3885448916,147.8648649,502
3650,550,362.7969427,400,1390,0.3721621622,0.3942446043,148.8648649,548
3650,650,360.5551275,400,1485,0.4,0.3851851852,160,572
3650,750,366.1339291,400,1526,0.3933783784,0.3925294889,157.3513514,599
3650,850,366.0601044,400,1548,0.3905,0.3888888889,156.2,602
3650,950,381.8238778,400,1516,0.4084210526,0.3944591029,163.3684211,598
3650,1050,400.4931171,400,1540,0.4127631579,0.3922077922,165.1052632,604
3650,1150,402.807052,400,1516,0.4254577465,0.3997361478,170.1830986,606
3650,1250,400.5677789,400,1527,0.4222727273,0.4014407335,168.9090909,613
3650,1350,403.6690698,400,1526,0.4159294872,0.4069462647,166.3717949,621
3650,1450,405.2472728,400,1514,0.3989084507,0.4180977543,159.5633803,633
3650,1550,405.8598554,400,1532,0.4079166667,0.4125326371,163.1666667,632
3650,1650,404.7791421,400,1504,0.4182692308,0.4115691489,167.3076923,619
3650,1750,402.0169736,400,1514,0.4267279412,0.4141347424,170.6911765,627
3650,1850,402.6124367,400,1514,0.4156048387,0.4095112285,166.2419355,620
3650,1950,401.4897631,400,1499,0.3985447761,0.4162775183,159.4179104,624
3650,2050,401.2134372,400,1512,0.3900347222,0.4226190476,156.0138889,639
3650,2150,403.2014739,400,1536,0.4035714286,0.41796875,161.4285714,642
3650,2250,404.547323,400,1523,0.4158536585,0.411687459,166.3414634,627
3650,2350,404.4830743,400,1525,0.4189344262,0.406557377,167.5737705,620
3650,2450,402.7479142,400,1527,0.4179411765,0.4047151277,167.1764706,618
3650,2550,400.8465618,400,1499,0.446059322,0.4102735157,178.4237288,615
3650,2650,401.3675254,400,1502,0.4396232877,0.4114513981,175.8493151,618
3650,2750,400,400,1511,0.415,0.4096624752,166,619
3650,2850,401.8104191,400,1499,0.4219354839,0.40760507,168.7741935,611
3650,2950,402.1426986,400,1501,0.41953125,0.4123917388,167.8125,619
3650,3050,401.4897631,400,1490,0.420261194,0.4174496644,168.1044776,622
3650,3150,401.753967,400,1513,0.4119921875,0.4190350297,164.796875,634
3650,3250,386.4645375,400,1506,0.4066935484,0.4083665339,162.6774194,615
3650,3350,393.7003937,400,1453,0.4295833333,0.3971094288,171.8333333,577
3650,3450,382.3007274,400,1373,0.4344230769,0.3947560087,173.7692308,542
3650,3550,363.868108,400,1270,0.4161,0.3881889764,166.44,493
3650,3650,363.6237372,400,1185,0.3972222222,0.3898734177,158.8888889,462
3650,3750,406.8851872,400,1080,0.3888888889,0.3935185185,155.5555556,425
3650,3850,433.4682651,400,945,0.3867763158,0.3915343915,154.7105263,370
3650,3950,497.9123082,400,868,0.3890625,0.383640553,155.625,333
3750,50,507.937004,400,852,0.407,0.3931924883,162.8,335
3750,150,452.6914815,400,973,0.4061619718,0.3905447071,162.4647887,380
3750,250,408.900966,400,1089,0.4028,0.404040404,161.12,440
3750,350,380.058475,400,1219,0.3932407407,0.4003281378,157.2962963,488
3750,450,388.6914986,400,1315,0.3838513514,0.3984790875,153.5405405,524
3750,550,372.7182836,400,1431,0.3768918919,0.3997204752,150.7567568,572
3750,650,368.5833129,400,1505,0.3882926829,0.3946843854,155.3170732,594
3750,750,369.2744729,400,1587,0.4018939394,0.4007561437,160.7575758,636
3750,850,366.2876829,400,1580,0.4005555556,0.3981012658,160.2222222,629
3750,950,386.1229197,400,1579,0.4106818182,0.3983533882,164.2727273,629
3750,1050,398.0722779,400,1574,0.4154487179,0.3996188056,166.1794872,629
3750,1150,401.0067975,400,1566,0.4348387097,0.4093231162,173.9354839,641
3750,1250,401.5381386,400,1556,0.4255136986,0.4087403599,170.2054795,636
3750,1350,402.7681991,400,1546,0.4138888889,0.4172056921,165.5555556,645
3750,1450,405.0358676,400,1542,0.4034459459,0.4169909209,161.3783784,643
3750,1550,401.8187817,400,1551,0.42296875,0.4223081883,169.1875,655
3750,1650,403.5556255,400,1531,0.4217857143,0.4219464402,168.7142857,646
3750,1750,404.1451884,400,1523,0.4308333333,0.4182534471,172.3333333,637
3750,1850,400,400,1518,0.42,0.4156785244,168,631
3750,1950,397.3123996,400,1520,0.395,0.4296052632,158,653
3750,2050,403.6373086,400,1521,0.4058846154,0.4293228139,162.3538462,653
3750,2150,400,400,1551,0.4275,0.4319793681,171,670
3750,2250,401.6913395,400,1529,0.4108474576,0.4244604317,164.3389831,649
3750,2350,403.192389,400,1531,0.4117307692,0.4167210973,164.6923077,638
3750,2450,401.5813811,400,1526,0.4285915493,0.4148099607,171.4366197,633
3750,2550,400,400,1513,0.44,0.424322538,176,642
3750,2650,394.6064948,400,1504,0.4492857143,0.4135638298,179.7142857,622
3750,2750,401.5122927,400,1501,0.4425757576,0.4183877415,177.030303,628
3750,2850,398.5550826,400,1499,0.4267307692,0.4182788526,170.6923077,627
3750,2950,398.8264033,400,1508,0.4165625,0.4263925729,166.625,643
3750,3050,401.386486,400,1500,0.4175,0.426,167,639
3750,3150,400,400,1498,0.42,0.4292389853,168,643
3750,3250,401.0549469,400,1516,0.4215492958,0.4135883905,168.6197183,627
3750,3350,393.2116283,400,1487,0.4307692308,0.4088769334,172.3076923,608
3750,3450,400.1688833,400,1424,0.4608783784,0.4030898876,184.3513514,574
3750,3550,400,400,1306,0.4325,0.3950995406,173,516
3750,3650,398.4971769,400,1201,0.4044,0.3905079101,161.76,469
3750,3750,407.3879138,400,1101,0.4132894737,0.3932788374,165.3157895,433
3750,3850,438.6849034,400,983,0.4108333333,0.4018311292,164.3333333,395
3750,3950,502.4265443,400,882,0.3985135135,0.3979591837,159.4054054,351
3850,50,501.6103101,400,868,0.4123387097,0.400921659,164.9354839,348
3850,150,440.5574981,400,1002,0.4044886364,0.3962075848,161.7954545,397
3850,250,407.715445,400,1124,0.3932971014,0.4048042705,157.3188406,455
3850,350,376.1257612,400,1241,0.38625,0.4093473006,154.5,508
3850,450,360.5551275,400,1368,0.385,0.4071637427,154,557
3850,550,367.2039075,400,1484,0.3890322581,0.4009433962,155.6129032,595
3850,650,364.4344934,400,1569,0.41234375,0.4002549395,164.9375,628
3850,750,382.0994635,400,1615,0.416,0.4049535604,166.4,654
3850,850,379.4733192,400,1636,0.4115,0.4052567237,164.6,663
3850,950,385.1406669,400,1643,0.4109722222,0.405356056,164.3888889,666
3850,1050,389.2794132,400,1620,0.4091025641,0.4086419753,163.6410256,662
3850,1150,394.4467458,400,1624,0.4205882353,0.4131773399,168.2352941,671
3850,1250,402.6427848,400,1624,0.4343181818,0.4205665025,173.7272727,683
3850,1350,402.2477827,400,1607,0.4089754098,0.4237710019,163.5901639,681
3850,1450,404.2682721,400,1578,0.4091044776,0.427756654,163.641791,675
3850,1550,403.4572812,400,1574,0.4018055556,0.4269377382,160.7222222,672
3850,1650,400.861142,400,1581,0.4364655172,0.4256799494,174.5862069,673
3850,1750,391.8080059,400,1550,0.442972973,0.4225806452,177.1891892,655
3850,1850,401.386486,400,1547,0.4233333333,0.4253393665,169.3333333,658
3850,1950,393.9051794,400,1557,0.4164516129,0.4335260116,166.5806452,675
3850,2050,396.2322551,400,1568,0.41475,0.4343112245,165.9,681
3850,2150,400.4030228,400,1580,0.4292741935,0.435443038,171.7096774,688
3850,2250,388.2901374,400,1587,0.4217307692,0.4366729679,168.6923077,693
3850,2350,400.1581966,400,1578,0.4310443038,0.4226869455,172.4177215,667
3850,2450,383.3054616,400,1541,0.4342948718,0.4218040234,173.7179487,650
3850,2550,389.4440482,400,1533,0.4475,0.4292237443,179,658
3850,2650,392.4283374,400,1530,0.435,0.4281045752,174,655
3850,2750,400,400,1539,0.43,0.4314489929,172,664
3850,2850,391.4406806,400,1560,0.4362096774,0.4346153846,174.483871,678
3850,2950,402.3739081,400,1543,0.4188095238,0.430330525,167.5238095,664
3850,3050,401.7270409,400,1542,0.4144230769,0.4351491569,165.7692308,671
3850,3150,400,400,1539,0.425,0.4320987654,170,665
3850,3250,394.8999189,400,1591,0.4485810811,0.4211187932,179.4324324,670
3850,3350,400.5431096,400,1537,0.4582608696,0.4137931034,183.3043478,636
3850,3450,402.047001,400,1461,0.4519402985,0.4065708419,180.7761194,594
3850,3550,404.9176871,400,1356,0.43625,0.4063421829,174.5,551
3850,3650,403.6293679,400,1253,0.4466666667,0.4070231445,178.6666667,510
3850,3750,410.7118339,400,1140,0.4390789474,0.4070175439,175.6315789,464
3850,3850,449.5694341,400,1033,0.4230633803,0.4094869313,169.2253521,423
3850,3950,503.9379807,400,906,0.4208139535,0.4028697572,168.3255814,365
3950,50,506.0608273,400,878,0.4042682927,0.410022779,161.7073171,360
3950,150,450.5386494,400,1011,0.3935820896,0.412462908,157.4328358,417
3950,250,412.3105626,400,1155,0.395,0.4138528139,158,478
3950,350,365.9413115,400,1277,0.3917391304,0.4228660924,156.6956522,540
3950,450,365.8499062,400,1395,0.3910897436,0.4243727599,156.4358974,592
3950,550,380.1088773,400,1507,0.4044827586,0.4167219642,161.7931034,628
3950,650,384.7076812,400,1587,0.415,0.4133585381,166,656
3950,750,375.9672211,400,1631,0.4263513514,0.4114040466,170.5405405,671
3950,850,378.4643895,400,1642,0.4304411765,0.4171741778,172.1764706,685
3950,950,378.4177586,400,1641,0.4285,0.4156002438,171.4,682
3950,1050,385.8200913,400,1626,0.4163571429,0.4169741697,166.5428571,678
3950,1150,382.0176697,400,1635,0.4384375,0.4171253823,175.375,682
3950,1250,400.2082791,400,1614,0.426,0.4250309789,170.4,686
3950,1350,404.402852,400,1600,0.40859375,0.43,163.4375,688
3950,1450,402.8586377,400,1577,0.4204918033,0.4350031706,168.1967213,686
3950,1550,399.0613988,400,1591,0.433875,0.438089252,173.55,697
3950,1650,401.5381386,400,1584,0.4420547945,0.4368686869,176.8219178,692
3950,1750,402.2506129,400,1545,0.4394444444,0.4355987055,175.7777778,673
3950,1850,396.2322551,400,1575,0.436,0.4349206349,174.4,685
3950,1950,402.5778999,400,1569,0.4214655172,0.43722116,168.5862069,686
3950,2050,388.9087297,400,1587,0.4227083333,0.4417139256,169.0833333,701
3950,2150,392.4283374,400,1567,0.425,0.4390555201,170,688
3950,2250,380.7886553,400,1591,0.415,0.4362036455,166,694
3950,2350,394.4740246,400,1578,0.4555487805,0.4258555133,182.2195122,672
3950,2450,385.8200913,400,1549,0.432,0.4293092318,172.8,665
3950,2550,400.9603855,400,1541,0.4332692308,0.4328358209,173.3076923,667
3950,2650,391.7109904,400,1562,0.4434375,0.4340588988,177.375,678
3950,2750,391.7109904,400,1547,0.44234375,0.4369747899,176.9375,676
3950,2850,401.5276949,400,1542,0.4351530612,0.4429312581,174.0612245,683
3950,2950,402.7250923,400,1543,0.4278125,0.4406999352,171.125,680
3950,3050,395.5636336,400,1542,0.4230882353,0.4435797665,169.2352941,684
3950,3150,400.9728429,400,1544,0.4264285714,0.4384715026,170.5714286,677
3950,3250,400.6573546,400,1580,0.4482894737,0.4303797468,179.3157895,680
3950,3350,405.4210123,400,1541,0.4610211268,0.4263465282,184.4084507,657
3950,3450,405.8991234,400,1476,0.4587704918,0.4173441734,183.5081967,616
3950,3550,405.6058789,400,1390,0.4543548387,0.4129496403,181.7419355,574
3950,3650,407.3787511,400,1274,0.4562765957,0.4167974882,182.5106383,531
3950,3750,412.3105626,400,1150,0.4325,0.4156521739,173,478
3950,3850,445.1123454,400,1038,0.41875,0.4210019268,167.5,437
3950,3950,502.9542355,400,903,0.4109259259,0.415282392,164.3703704,375
4050,50,505.6349144,400,889,0.4055833333,0.4173228346,162.2333333,371
4050,150,441.4262598,400,1012,0.4035,0.4258893281,161.4,431
4050,250,407.4732909,400,1143,0.4026724138,0.4286964129,161.0689655,490
4050,350,398.5550826,400,1275,0.4016346154,0.4337254902,160.6538462,553
4050,450,392.7222546,400,1406,0.3997115385,0.4281650071,159.8846154,602
4050,550,375.4671887,400,1501,0.4026219512,0.4250499667,161.0487805,638
4050,650,383.9815887,400,1565,0.405755814,0.4249201278,162.3023256,665
4050,750,393.1226966,400,1620,0.4334090909,0.4265432099,173.3636364,691
4050,850,378.0933026,400,1632,0.4286931818,0.431372549,171.4772727,704
4050,950,390.5124838,400,1627,0.439375,0.4290104487,175.75,698
4050,1050,389.3942822,400,1620,0.434244186,0.4302469136,173.6976744,697
4050,1150,400,400,1594,0.4275,0.4335006274,171,691
4050,1250,400.3904345,400,1636,0.414765625,0.4358190709,165.90625,713
4050,1350,400.4164499,400,1592,0.4174166667,0.4422110553,166.9666667,704
4050,1450,403.9094665,400,1562,0.4348571429,0.447503201,173.9428571,699
4050,1550,403.4659962,400,1569,0.4478481013,0.4493307839,179.1392405,705
4050,1650,400.223152,400,1584,0.4389285714,0.4419191919,175.5714286,700
4050,1750,402.6474885,400,1583,0.44375,0.4421983575,177.5,700
4050,1850,399.0119376,400,1562,0.4388157895,0.4449423816,175.5263158,695
4050,1950,401.2847016,400,1545,0.4349632353,0.4420711974,173.9852941,683
4050,2050,396.8626967,400,1551,0.4308333333,0.4397163121,172.3333333,682
4050,2150,387.9772104,400,1573,0.4331578947,0.4469167196,173.2631579,703
4050,2250,398.7047996,400,1590,0.4409482759,0.4427672956,176.3793103,704
4050,2350,400.9047738,400,1553,0.4382971014,0.4423696072,175.3188406,687
4050,2450,400.4383563,400,1555,0.4395175439,0.4398713826,175.8070175,684
4050,2550,400.5278208,400,1565,0.4260915493,0.4383386581,170.4366197,686
4050,2650,394.4467458,400,1552,0.43125,0.4387886598,172.5,681
4050,2750,400.7346195,400,1558,0.4301470588,0.4409499358,172.0588235,687
4050,2850,403.2653603,400,1558,0.4270491803,0.4473684211,170.8196721,697
4050,2950,402.8742885,400,1522,0.4325,0.444152431,173,676
4050,3050,402.4595436,400,1539,0.4352302632,0.4476933073,174.0921053,689
4050,3150,400.9080602,400,1562,0.4372272727,0.4398207426,174.8909091,687
4050,3250,404.8216855,400,1565,0.4495149254,0.4383386581,179.8059701,686
4050,3350,409.4584839,400,1527,0.46625,0.4322200393,186.5,660
4050,3450,408.2482905,400,1455,0.4658333333,0.4240549828,186.3333333,617
4050,3550,404.5625861,400,1377,0.4614556962,0.41902687,184.5822785,577
4050,3650,406.2019202,400,1278,0.44,0.4256651017,176,544
4050,3750,421.1096453,400,1146,0.4303333333,0.4319371728,172.1333333,495
4050,3850,457.8377274,400,1009,0.4165384615,0.4241823588,166.6153846,428
4050,3950,506.074215,400,893,0.415,0.4266517357,166,381
4150,50,509.9019514,400,891,0.4275,0.4354657688,171,388
4150,150,457.477556,400,1002,0.418,0.4371257485,167.2,438
4150,250,412.8155359,400,1125,0.4186458333,0.44,167.4583333,495
4150,350,401.9560019,400,1272,0.4128431373,0.4402515723,165.1372549,560
4150,450,387.7145608,400,1365,0.4212096774,0.4351648352,168.483871,594
4150,550,398.8620176,400,1468,0.4140909091,0.4373297003,165.6363636,642
4150,650,381.3509819,400,1563,0.4316428571,0.4350607806,172.6571429,680
4150,750,381.7254062,400,1627,0.445952381,0.4357713583,178.3809524,709
4150,850,376.3863264,400,1630,0.4336111111,0.4374233129,173.4444444,713
4150,950,383.465063,400,1620,0.44125,0.4487654321,176.5,727
4150,1050,397.4921383,400,1617,0.4378333333,0.4458874459,175.1333333,721
4150,1150,400,400,1616,0.4425,0.4573019802,177,739
4150,1250,396.3543543,400,1603,0.4308870968,0.4479101684,172.3548387,718
4150,1350,398.0722779,400,1577,0.4304487179,0.4584654407,172.1794872,723
4150,1450,402.9496508,400,1577,0.4470394737,0.4590995561,178.8157895,724
4150,1550,404.0775774,400,1579,0.4546721311,0.4648511716,181.8688525,734
4150,1650,403.9658473,400,1561,0.4616304348,0.4554772582,184.6521739,711
4150,1750,403.8418444,400,1582,0.4618014706,0.4456384324,184.7205882,705
4150,1850,402.9190365,400,1553,0.45890625,0.4443013522,183.5625,690
4150,1950,400,400,1559,0.4775,0.4515715202,191,704
4150,2050,401.5594601,400,1554,0.455,0.4523809524,182,703
4150,2150,391.1521443,400,1560,0.4375833333,0.4544871795,175.0333333,709
4150,2250,391.1818705,400,1549,0.445872093,0.4519044545,178.3488372,700
4150,2350,401.1145187,400,1550,0.4428571429,0.4593548387,177.1428571,712
4150,2450,402.786348,400,1560,0.4490131579,0.4538461538,179.6052632,708
4150,2550,392.2545556,400,1568,0.4517613636,0.4572704082,180.7045455,717
4150,2650,402.5282419,400,1561,0.4302173913,0.4490711083,172.0869565,701
4150,2750,401.386486,400,1576,0.4280555556,0.4517766497,171.2222222,712
4150,2850,403.5057638,400,1567,0.4411267606,0.4537332482,176.4507042,711
4150,2950,403.0189108,400,1567,0.4506060606,0.4582003829,180.2424242,718
4150,3050,404.4246803,400,1554,0.4572457627,0.453024453,182.8983051,704
4150,3150,404.4830743,400,1568,0.4616393443,0.4477040816,184.6557377,702
4150,3250,408.4426481,400,1553,0.463015873,0.4378622022,185.2063492,680
4150,3350,409.3729435,400,1518,0.4749137931,0.442687747,189.9655172,672
4150,3450,406.9952841,400,1449,0.477016129,0.4423740511,190.8064516,641
4150,3550,402.2477827,400,1353,0.4567213115,0.4345898004,182.6885246,588
4150,3650,404.2951217,400,1238,0.4375454545,0.4345718901,175.0181818,538
4150,3750,421.3074887,400,1116,0.430625,0.4318996416,172.25,482
4150,3850,462.2874403,400,999,0.4260080645,0.4314314314,170.4032258,431
4150,3950,508.8112507,400,894,0.4275,0.4407158837,171,394
4250,50,508.9443882,400,865,0.438597561,0.438150289,175.4390244,379
4250,150,458.4424626,400,990,0.435720339,0.4414141414,174.2881356,437
4250,250,415.3311931,400,1115,0.43125,0.4511210762,172.5,503
4250,350,402.3369235,400,1249,0.421875,0.4539631705,168.75,567
4250,450,394.4053189,400,1337,0.4080555556,0.4525056096,163.2222222,605
4250,550,387.2983346,400,1452,0.4216666667,0.4511019284,168.6666667,655
4250,650,393.5189231,400,1560,0.4427142857,0.4474358974,177.0857143,698
4250,750,376.0699023,400,1617,0.4446428571,0.4452690167,177.8571429,720
4250,850,375.0268808,400,1620,0.4424193548,0.4450617284,176.9677419,721
4250,950,378.8777997,400,1598,0.4471774194,0.4561952441,178.8709677,729
4250,1050,386.2641583,400,1585,0.446,0.4548895899,178.4,721
4250,1150,387.8847064,400,1588,0.4528409091,0.4571788413,181.1363636,726
4250,1250,387.2983346,400,1580,0.4441666667,0.4601265823,177.6666667,727
4250,1350,392.9942041,400,1548,0.4319444444,0.4644702842,172.7777778,719
4250,1450,401.8894767,400,1577,0.4459848485,0.4692454027,178.3939394,740
4250,1550,403.606926,400,1557,0.4517391304,0.469492614,180.6956522,731
4250,1650,405.3882369,400,1578,0.4538679245,0.4657794677,181.5471698,735
4250,1750,405.442427,400,1603,0.4750684932,0.4578914535,190.0273973,734
4250,1850,407.1089595,400,1565,0.4858606557,0.4555910543,194.3442623,713
4250,1950,404.3593618,400,1567,0.4908116883,0.4582003829,196.3246753,718
4250,2050,400.4744022,400,1554,0.4924683544,0.4633204633,196.9873418,720
4250,2150,392.0257779,400,1573,0.4540789474,0.4659885569,181.6315789,733
4250,2250,401.8475849,400,1537,0.4311111111,0.46258946,172.4444444,711
4250,2350,398.7480407,400,1544,0.4465,0.460492228,178.6,711
4250,2450,397.9678107,400,1577,0.442972973,0.4610019023,177.1891892,727
4250,2550,401.248053,400,1562,0.45125,0.4615877081,180.5,721
4250,2650,404.6603514,400,1541,0.449375,0.464633355,179.75,716
4250,2750,404.4563087,400,1538,0.4388207547,0.4590377113,175.5283019,706
4250,2850,404.042077,400,1561,0.4526875,0.4593209481,181.075,717
4250,2950,403.7559509,400,1546,0.4748584906,0.468305304,189.9433962,724
4250,3050,407.7871045,400,1546,0.46125,0.4637774903,184.5,717
4250,3150,409.1623066,400,1549,0.4631896552,0.4525500323,185.2758621,701
4250,3250,405.471059,400,1557,0.4669491525,0.445728966,186.779661,694
4250,3350,405.4318685,400,1507,0.4775,0.4538818845,191,684
4250,3450,405.8598554,400,1422,0.4754166667,0.4465541491,190.1666667,635
4250,3550,402.5258091,400,1330,0.4562162162,0.4466165414,182.4864865,594
4250,3650,402.3966661,400,1234,0.4425961538,0.4448946515,177.0384615,549
4250,3750,412.3105626,400,1116,0.425,0.4372759857,170,488
4250,3850,457.9317553,400,1008,0.4275373134,0.4384920635,171.0149254,442
4250,3950,508.9521177,400,879,0.4313709677,0.441410694,172.5483871,388
4350,50,507.6087732,400,859,0.4474166667,0.4493597206,178.9666667,386
4350,150,449.3585171,400,984,0.4474038462,0.450203252,178.9615385,443
4350,250,411.1199434,400,1097,0.4396078431,0.4557885141,175.8431373,500
4350,350,394.9683532,400,1230,0.427,0.4577235772,170.8,563
4350,450,388.1043674,400,1343,0.4359375,0.4601638124,174.375,618
4350,550,400.551091,400,1437,0.4535294118,0.4592901879,181.4117647,660
4350,650,390.5124838,400,1533,0.44375,0.4611872146,177.5,707
4350,750,380.7886553,400,1593,0.45,0.458254865,180,730
4350,850,380.7886553,400,1617,0.4425,0.4557823129,177,737
4350,950,400.7136491,400,1597,0.4452857143,0.4621164684,178.1142857,738
4350,1050,387.7591299,400,1575,0.4538392857,0.4704761905,181.5357143,741
4350,1150,397.0284359,400,1581,0.4443421053,0.4693232132,177.7368421,742
4350,1250,383.09882,400,1543,0.4432352941,0.4782890473,177.2941176,738
4350,1350,400.2082791,400,1560,0.4440416667,0.4724358974,177.6166667,737
4350,1450,400.7708622,400,1579,0.4527469136,0.4768841039,181.0987654,753
4350,1550,401.057923,400,1573,0.460720339,0.4742530197,184.2881356,746
4350,1650,404.3134771,400,1590,0.4914795918,0.4729559748,196.5918367,752
4350,1750,410.220977,400,1593,0.4949609375,0.461393597,197.984375,735
4350,1850,404.3876998,400,1577,0.5082352941,0.4698795181,203.2941176,741
4350,1950,402.7448197,400,1561,0.4970762712,0.465727098,198.8305085,727
4350,2050,401.7323598,400,1539,0.4835416667,0.4710851202,193.4166667,725
4350,2150,395.2847075,400,1539,0.4509375,0.469785575,180.375,723
4350,2250,400.8918629,400,1566,0.4407142857,0.4687100894,176.2857143,734
4350,2350,396.1016937,400,1549,0.4196551724,0.471917366,167.862069,731
4350,2450,400.9908363,400,1567,0.4553571429,0.4696873006,182.1428571,736
4350,2550,401.4803117,400,1556,0.4530084746,0.4601542416,181.2033898,716
4350,2650,403.4935161,400,1530,0.441754386,0.4660130719,176.7017544,713
4350,2750,406.2019202,400,1539,0.4525,0.4658869396,181,717
4350,2850,406.7785024,400,1563,0.45671875,0.4644913628,182.6875,726
4350,2950,407.9135235,400,1545,0.4554508197,0.4621359223,182.1803279,714
4350,3050,407.9400622,400,1551,0.4677830189,0.4590586718,187.1132075,712
4350,3150,409.0494207,400,1559,0.4782589286,0.4573444516,191.3035714,713
4350,3250,407.4309757,400,1566,0.466,0.4546615581,186.4,712
4350,3350,404.2009134,400,1497,0.4603378378,0.4535738143,184.1351351,679
4350,3450,396.2322551,400,1419,0.4565,0.4531360113,182.6,643
4350,3550,402.3826098,400,1315,0.4608823529,0.4517110266,184.3529412,594
4350,3650,401.7461885,400,1221,0.44125,0.4512694513,176.5,551
4350,3750,411.1809425,400,1094,0.4394186047,0.4515539305,175.7674419,494
4350,3850,451.9261977,400,997,0.4392372881,0.4473420261,175.6949153,446
4350,3950,507.8691116,400,883,0.425862069,0.4382785957,170.3448276,387
4450,50,509.1168825,400,857,0.4634,0.4655775963,185.36,399
4450,150,450.4271477,400,986,0.4588942308,0.4665314402,183.5576923,460
4450,250,411.7185873,400,1115,0.4529268293,0.467264574,181.1707317,521
4450,350,400,400,1227,0.465,0.4718826406,186,579
4450,450,371.6289926,400,1334,0.4528378378,0.4737631184,181.1351351,632
4450,550,400,400,1432,0.46,0.4741620112,184,679
4450,650,395.9251909,400,1540,0.4876351351,0.4733766234,195.0540541,729
4450,750,400.3966288,400,1563,0.4625396825,0.4676903391,185.015873,731
4450,850,400.4096263,400,1604,0.4698770492,0.470074813,187.9508197,754
4450,950,402.3826098,400,1603,0.4813602941,0.4716157205,192.5441176,756
4450,1050,386.9584501,400,1576,0.4696052632,0.4841370558,187.8421053,763
4450,1150,398.895534,400,1564,0.4661029412,0.4859335038,186.4411765,760
4450,1250,398.1205847,400,1555,0.45775,0.4887459807,183.1,760
4450,1350,383.5920452,400,1553,0.4628571429,0.4855119124,185.1428571,754
4450,1450,392.5944915,400,1557,0.49375,0.4823378292,197.5,751
4450,1550,404.7071519,400,1572,0.49875,0.4866412214,199.5,765
4450,1650,406.6750735,400,1592,0.5017307692,0.4773869347,200.6923077,760
4450,1750,404.3513324,400,1593,0.50875,0.4701820465,203.5,749
4450,1850,407.1089595,400,1594,0.5101639344,0.4717691343,204.0655738,752
4450,1950,405.208031,400,1568,0.5079032258,0.4725765306,203.1612903,741
4450,2050,403.7325848,400,1560,0.4955,0.4769230769,198.2,744
4450,2150,400,400,1548,0.46,0.4870801034,184,754
4450,2250,399.0119376,400,1556,0.4563157895,0.485218509,182.5263158,755
4450,2350,401.1347541,400,1516,0.4463636364,0.4868073879,178.5454545,738
4450,2450,400.4714203,400,1531,0.4478301887,0.4787720444,179.1320755,733
4450,2550,400.9753733,400,1569,0.46203125,0.4684512428,184.8125,735
4450,2650,404.3680422,400,1554,0.4673648649,0.4697554698,186.9459459,730
4450,2750,406.2839729,400,1547,0.4668333333,0.4673561732,186.7333333,723
4450,2850,408.7504411,400,1562,0.4567307692,0.4724711908,182.6923077,738
4450,2950,409.7599612,400,1548,0.45875,0.4677002584,183.5,724
4450,3050,407.8769868,400,1552,0.4788636364,0.4645618557,191.5454545,721
4450,3150,406.3062217,400,1540,0.4781779661,0.4655844156,191.2711864,717
4450,3250,405.839725,400,1542,0.4738235294,0.4656290532,189.5294118,718
4450,3350,405.0407029,400,1492,0.4739492754,0.4544235925,189.5797101,678
4450,3450,401.7270409,400,1402,0.4575384615,0.4657631954,183.0153846,653
4450,3550,395.4284213,400,1301,0.4485606061,0.4573405073,179.4242424,595
4450,3650,400.6245125,400,1216,0.4545,0.4514802632,181.8,549
4450,3750,411.1540089,400,1104,0.4407142857,0.4528985507,176.2857143,500
4450,3850,443.7059837,400,990,0.437421875,0.4545454545,174.96875,450
4450,3950,501.5128628,400,869,0.4331818182,0.4418872267,173.2727273,384
4550,50,508.7332541,400,863,0.476547619,0.4774044032,190.6190476,412
4550,150,463.1905165,400,992,0.4781818182,0.4768145161,191.2727273,473
4550,250,417.7863743,400,1091,0.4781818182,0.4848762603,191.2727273,529
4550,350,402.6870531,400,1229,0.4750980392,0.4890154597,190.0392157,601
4550,450,401.5402444,400,1318,0.475462963,0.4848254932,190.1851852,639
4550,550,400.1922615,400,1422,0.4861923077,0.4894514768,194.4769231,696
4550,650,404.3988891,400,1521,0.5016923077,0.4786324786,200.6769231,728
4550,750,405.417854,400,1574,0.5024090909,0.4777636595,200.9636364,752
4550,850,401.753967,400,1585,0.49875,0.4744479495,199.5,752
4550,950,394.4740246,400,1573,0.4937804878,0.48633185,197.5121951,765
4550,1050,400.8437048,400,1562,0.4880743243,0.4846350832,195.2297297,757
4550,1150,395.0349751,400,1552,0.4872368421,0.4896907216,194.8947368,760
4550,1250,400.1623047,400,1546,0.4835714286,0.4870633894,193.4285714,753
4550,1350,398.7884879,400,1549,0.4888709677,0.490639122,195.5483871,760
4550,1450,403.5556255,400,1563,0.5057142857,0.4881637876,202.2857143,763
4550,1550,402.5957443,400,1571,0.5259375,0.4856779122,210.375,763
4550,1650,406.6476593,400,1566,0.5196014493,0.4846743295,207.8405797,759
4550,1750,406.3777272,400,1592,0.5197857143,0.483040201,207.9142857,769
4550,1850,405.1337228,400,1603,0.5148666667,0.4797255147,205.9466667,769
4550,1950,406.5863992,400,1594,0.51015625,0.4818067754,204.0625,768
4550,2050,406.2019202,400,1578,0.48,0.4885931559,192,771
4550,2150,403.358913,400,1554,0.4679365079,0.4961389961,187.1746032,771
4550,2250,402.6149096,400,1555,0.457037037,0.4893890675,182.8148148,761
4550,2350,402.9304421,400,1536,0.4705882353,0.4915364583,188.2352941,755
4550,2450,401.2001227,400,1519,0.4689903846,0.4851876234,187.5961538,737
4550,2550,403.48482,400,1542,0.4849,0.4773022049,193.96,736
4550,2650,403.5556255,400,1541,0.49,0.4795587281,196,739
4550,2750,405.2683361,400,1557,0.4756818182,0.4765574823,190.2727273,742
4550,2850,408.7080297,400,1544,0.4770774648,0.475388601,190.8309859,734
4550,2950,410.5428778,400,1545,0.4766363636,0.4750809061,190.6545455,734
4550,3050,407.6728874,400,1557,0.4874295775,0.4733461785,194.971831,737
4550,3150,405.1902078,400,1539,0.4913432836,0.4684860299,196.5373134,721
4550,3250,406.5501431,400,1528,0.4915566038,0.4679319372,196.6226415,715
4550,3350,404.0182783,400,1496,0.4792307692,0.4618983957,191.6923077,691
4550,3450,400.2192382,400,1400,0.4684210526,0.4657142857,187.3684211,652
4550,3550,397.0284359,400,1314,0.4443421053,0.4657534247,177.7368421,612
4550,3650,403.1692629,400,1223,0.4409090909,0.4627964023,176.3636364,566
4550,3750,409.8282368,400,1117,0.440255102,0.4601611459,176.1020408,514
4550,3850,434.8458452,400,1004,0.4256818182,0.4521912351,170.2727273,454
4550,3950,500.4875672,400,894,0.4268292683,0.4474272931,170.7317073,400
4650,50,515.3882032,400,872,0.50109375,0.4885321101,200.4375,426
4650,150,471.9399037,400,968,0.5022727273,0.492768595,200.9090909,477
4650,250,428.9522118,400,1089,0.497,0.4903581267,198.8,534
4650,350,409.2077472,400,1200,0.5066176471,0.4933333333,202.6470588,592
4650,450,404.6031435,400,1313,0.5015740741,0.495049505,200.6296296,650
4650,550,402.0110735,400,1414,0.505483871,0.4872701556,202.1935484,689
4650,650,404.4672422,400,1494,0.50625,0.4872824632,202.5,728
4650,750,403.6127176,400,1559,0.5231451613,0.4836433611,209.2580645,754
4650,850,404.3774558,400,1577,0.5243309859,0.4850982879,209.7323944,765
4650,950,400.9603855,400,1589,0.5132692308,0.490874764,205.3076923,780
4650,1050,397.9678107,400,1589,0.5075675676,0.4946507237,203.027027,786
4650,1150,401.8051374,400,1589,0.5001644737,0.4977973568,200.0657895,791
4650,1250,401.781746,400,1587,0.4914285714,0.4921235035,196.5714286,781
4650,1350,400.7205049,400,1573,0.5038942308,0.4926891291,201.5576923,775
4650,1450,403.2197997,400,1580,0.5118965517,0.4936708861,204.7586207,780
4650,1550,402.7479142,400,1581,0.5265073529,0.4939911448,210.6029412,781
4650,1650,401.934975,400,1595,0.5328017241,0.4952978056,213.1206897,790
4650,1750,404.4111609,400,1579,0.5258870968,0.491450285,210.3548387,776
4650,1850,406.9705149,400,1569,0.52390625,0.4945825366,209.5625,776
4650,1950,405.517502,400,1570,0.5058333333,0.4968152866,202.3333333,780
4650,2050,404.2951217,400,1576,0.4909090909,0.4987309645,196.3636364,786
4650,2150,403.5556255,400,1557,0.4971428571,0.5035324342,198.8571429,784
4650,2250,403.276058,400,1536,0.4726315789,0.4986979167,189.0526316,766
4650,2350,402.1680376,400,1520,0.4706521739,0.4973684211,188.2608696,756
4650,2450,398.9271326,400,1533,0.479,0.4918460535,191.6,754
4650,2550,401.6913395,400,1555,0.4808474576,0.4887459807,192.3389831,760
4650,2650,406.0260372,400,1537,0.4850714286,0.4866623292,194.0285714,748
4650,2750,408.1907867,400,1552,0.4938028169,0.4858247423,197.5211268,754
4650,2850,405.9556626,400,1541,0.4914,0.4828033744,196.56,744
4650,2950,405.7556915,400,1543,0.4994202899,0.4834737524,199.7681159,746
4650,3050,407.3913867,400,1563,0.5028225806,0.4760076775,201.1290323,744
4650,3150,405.4210123,400,1540,0.4946126761,0.475974026,197.8450704,733
4650,3250,404.4830743,400,1535,0.4774590164,0.4684039088,190.9836066,719
4650,3350,402.9652,400,1507,0.4854761905,0.4698075647,194.1904762,708
4650,3450,401.3038451,400,1410,0.4696641791,0.4680851064,187.8656716,660
4650,3550,401.2691729,400,1325,0.4526271186,0.4679245283,181.0508475,620
4650,3650,394.0970693,400,1223,0.446640625,0.4677023712,178.65625,572
4650,3750,406.8851872,400,1117,0.4305555556,0.4700089526,172.2222222,525
4650,3850,435.8898944,400,1014,0.41875,0.4674556213,167.5,474
4650,3950,495.1376479,400,882,0.4137096774,0.4648526077,165.483871,410
4750,50,512.0763832,400,855,0.5150925926,0.4994152047,206.037037,427
4750,150,474.341649,400,976,0.515,0.4918032787,206,480
4750,250,430.6971093,400,1073,0.5230625,0.495806151,209.225,532
4750,350,412.6136207,400,1193,0.5236875,0.4928751048,209.475,588
4750,450,404.75568,400,1301,0.5270987654,0.4973097617,210.8395062,647
4750,550,403.3513452,400,1425,0.5229807692,0.498245614,209.1923077,710
4750,650,402.0779361,400,1500,0.5133333333,0.4946666667,205.3333333,742
4750,750,404.1451884,400,1576,0.5275,0.4904822335,211,773
4750,850,402.9818435,400,1561,0.5415492958,0.4907110826,216.6197183,766
4750,950,404.2188233,400,1586,0.53875,0.4943253468,215.5,784
4750,1050,402.2116278,400,1588,0.5105241935,0.4937027708,204.2096774,784
4750,1150,401.248053,400,1594,0.507,0.5012547051,202.8,799
4750,1250,402.4595436,400,1579,0.5147697368,0.5047498417,205.9078947,797
4750,1350,405.9556626,400,1580,0.5149,0.4981012658,205.96,787
4750,1450,401.4397167,400,1576,0.5208653846,0.5006345178,208.3461538,789
4750,1550,396.8626967,400,1577,0.52125,0.5028535193,208.5,793
4750,1650,400.1837813,400,1570,0.5387132353,0.5076433121,215.4852941,797
4750,1750,405.1590381,400,1567,0.5332307692,0.5098915124,213.2923077,799
4750,1850,404.9299371,400,1561,0.5262698413,0.5086483024,210.5079365,794
4750,1950,402.796348,400,1581,0.5145918367,0.5041113219,205.8367347,797
4750,2050,405.2472728,400,1564,0.5216901408,0.5070332481,208.6760563,793
4750,2150,404.689492,400,1550,0.5158018868,0.5135483871,206.3207547,796
4750,2250,401.5321534,400,1542,0.5092105263,0.5103761349,203.6842105,787
4750,2350,400,400,1547,0.485,0.5061409179,194,783
4750,2450,384.0572874,400,1540,0.4972916667,0.5051948052,198.9166667,778
4750,2550,403.9487631,400,1538,0.5057539683,0.4934980494,202.3015873,759
4750,2650,405.2891058,400,1522,0.4876851852,0.4960578187,195.0740741,755
4750,2750,408.1753825,400,1548,0.4920982143,0.4967700258,196.8392857,769
4750,2850,405.9556626,400,1570,0.502,0.4898089172,200.8,769
4750,2950,405.1935564,400,1530,0.5034545455,0.4941176471,201.3818182,756
4750,3050,406.1100505,400,1545,0.5006343284,0.4906148867,200.2537313,758
4750,3150,405.6245185,400,1541,0.51171875,0.4879948086,204.6875,752
4750,3250,401.6791678,400,1544,0.4909134615,0.4831606218,196.3653846,746
4750,3350,401.6913395,400,1525,0.4816525424,0.4819672131,192.6610169,735
4750,3450,400,400,1436,0.475,0.4777158774,190,686
4750,3550,393.2465602,400,1320,0.4678571429,0.478030303,187.1428571,631
4750,3650,400.9458514,400,1230,0.4481818182,0.4739837398,179.2727273,583
4750,3750,407.9215611,400,1135,0.4359,0.472246696,174.36,536
4750,3850,427.7417012,400,1025,0.4248148148,0.4780487805,169.9259259,490
4750,3950,494.3072148,400,887,0.4193396226,0.4735062007,167.7358491,420
4850,50,509.9019514,400,838,0.5275,0.4964200477,211,416
4850,150,468.2208552,400,961,0.5315384615,0.4963579605,212.6153846,477
4850,250,428.7885832,400,1086,0.5344736842,0.5009208103,213.7894737,544
4850,350,408.3315979,400,1179,0.5404591837,0.5072094996,216.1836735,598
4850,450,405.4626987,400,1305,0.5372,0.5057471264,214.88,660
4850,550,402.6034677,400,1411,0.5323507463,0.5074415308,212.9402985,716
4850,650,403.9389393,400,1507,0.5379583333,0.502322495,215.1833333,757
4850,750,404.3680422,400,1563,0.5368918919,0.5022392834,214.7567568,785
4850,850,407.2263908,400,1558,0.54125,0.501283697,216.5,781
4850,950,404.3988891,400,1566,0.5358076923,0.4993614304,214.3230769,782
4850,1050,404.7445884,400,1566,0.5251818182,0.5051085568,210.0727273,791
4850,1150,403.0704075,400,1558,0.5209589041,0.5083440308,208.3835616,792
4850,1250,405.0905586,400,1566,0.5277868852,0.5114942529,211.1147541,801
4850,1350,402.3237587,400,1561,0.5164830508,0.5092889174,206.5932203,795
4850,1450,401.8706259,400,1571,0.51775,0.5105028644,207.1,802
4850,1550,400.7455738,400,1573,0.5153731343,0.5079465989,206.1492537,799
4850,1650,402.4595436,400,1579,0.5172368421,0.5193160228,206.8947368,820
4850,1750,401.9792303,400,1546,0.5284920635,0.5213454075,211.3968254,806
4850,1850,404.1451884,400,1568,0.5275,0.5229591837,211,820
4850,1950,403.9094665,400,1570,0.5223571429,0.5101910828,208.9428571,801
4850,2050,403.9094665,400,1584,0.5272142857,0.5107323232,210.8857143,809
4850,2150,402.5859805,400,1559,0.5255660377,0.5176395125,210.2264151,807
4850,2250,396.6773767,400,1535,0.5130882353,0.5211726384,205.2352941,800
4850,2350,393.1226966,400,1532,0.5045454545,0.5124020888,201.8181818,785
4850,2450,393.2465602,400,1529,0.4983035714,0.5134074559,199.3214286,785
4850,2550,402.4515041,400,1533,0.4922131148,0.5035877365,196.8852459,772
4850,2650,404.4830743,400,1506,0.508647541,0.5092961487,203.4590164,767
4850,2750,405.5946773,400,1517,0.5133098592,0.4990112063,205.3239437,757
4850,2850,405.839725,400,1550,0.5079411765,0.5032258065,203.1764706,780
4850,2950,404.5573713,400,1528,0.50225,0.502617801,200.9,768
4850,3050,403.8746762,400,1523,0.5044672131,0.501641497,201.7868852,764
4850,3150,404.6856704,400,1548,0.4926639344,0.4980620155,197.0655738,771
4850,3250,404.6603514,400,1557,0.4925,0.4971098266,197,774
4850,3350,391.8819064,400,1502,0.4894642857,0.4953395473,195.7857143,744
4850,3450,401.0232813,400,1441,0.471147541,0.493407356,188.4590164,711
4850,3550,396.3543543,400,1339,0.4611290323,0.4943988051,184.4516129,662
4850,3650,389.8717738,400,1255,0.4686666667,0.4876494024,187.4666667,612
4850,3750,405.0813611,400,1150,0.4504545455,0.4843478261,180.1818182,557
4850,3850,433.4682651,400,1028,0.43625,0.4844357977,174.5,498
4850,3950,493.1031179,400,910,0.4488013699,0.4747252747,179.5205479,432
4950,50,516.2232913,400,830,0.527972973,0.5096385542,211.1891892,423
4950,150,472.6565934,400,959,0.5460638298,0.5140771637,218.4255319,493
4950,250,422.7883631,400,1068,0.5525,0.5009363296,221,535
4950,350,408.9425908,400,1180,0.5445212766,0.5050847458,217.8085106,596
4950,450,404.2188233,400,1298,0.5387946429,0.5138674884,215.5178571,667
4950,550,406.3328475,400,1384,0.5354787234,0.5101156069,214.1914894,706
4950,650,406.1072234,400,1474,0.5568461538,0.5088195387,222.7384615,750
4950,750,407.4880509,400,1520,0.5502325581,0.5085526316,220.0930233,773
4950,850,407.7376608,400,1561,0.533125,0.5086483024,213.25,794
4950,950,408.5622069,400,1554,0.5257692308,0.5096525097,210.3076923,792
4950,1050,404.6397575,400,1574,0.5292,0.5184243964,211.68,816
4950,1150,405.4318685,400,1566,0.521875,0.5249042146,208.75,822
4950,1250,404.4622895,400,1586,0.5160897436,0.5195460277,206.4358974,824
4950,1350,400,400,1579,0.535,0.5243825206,214,828
4950,1450,400,400,1548,0.5075,0.5251937984,203,813
4950,1550,400.7455738,400,1563,0.5124253731,0.5239923225,204.9701493,819
4950,1650,400,400,1538,0.5175,0.5253576073,207,808
4950,1750,400.9180641,400,1533,0.5316176471,0.5264187867,212.6470588,807
4950,1850,401.3136324,400,1556,0.5344736842,0.5257069409,213.7894737,818
4950,1950,401.781746,400,1578,0.5428571429,0.5196451204,217.1428571,820
4950,2050,403.319559,400,1571,0.5315,0.5181413113,212.6,814
4950,2150,402.3739081,400,1559,0.5352380952,0.5202052598,214.0952381,811
4950,2250,401.29102,400,1534,0.5232758621,0.5221642764,209.3103448,801
4950,2350,400.64603,400,1534,0.5161206897,0.5169491525,206.4482759,793
4950,2450,402.1766176,400,1520,0.5117857143,0.5131578947,204.7142857,780
4950,2550,402.1998333,400,1518,0.5160294118,0.5164690382,206.4117647,784
4950,2650,403.9576936,400,1526,0.52125,0.5163826999,208.5,788
4950,2750,404.0807469,400,1529,0.5194921875,0.5173315893,207.796875,791
4950,2850,404.569488,400,1530,0.5158455882,0.5071895425,206.3382353,776
4950,2950,405.1454765,400,1523,0.5055714286,0.5068942876,202.2285714,772
4950,3050,404.8617585,400,1517,0.5006521739,0.5154911009,200.2608696,782
4950,3150,407.112688,400,1548,0.4783796296,0.5083979328,191.3518519,787
4950,3250,402.9888336,400,1557,0.4816,0.5105973025,192.64,795
4950,3350,398.7884879,400,1497,0.4811290323,0.50501002,192.4516129,756
4950,3450,401.7567059,400,1437,0.4787676056,0.5052192067,191.5070423,726
4950,3550,393.545485,400,1333,0.4627439024,0.5018754689,185.097561,669
4950,3650,397.9112129,400,1254,0.4655555556,0.4968102073,186.2222222,623
4950,3750,407.7087381,400,1151,0.4644811321,0.493483927,185.7924528,568
4950,3850,436.3145315,400,1037,0.4694444444,0.4898746384,187.7777778,508
4950,3950,501.2484414,400,928,0.4728125,0.4859913793,189.125,451
5050,50,517.5854875,400,820,0.5253947368,0.5207317073,210.1578947,427
5050,150,466.8712349,400,947,0.534453125,0.5195353749,213.78125,492
5050,250,424.2640687,400,1061,0.54,0.5155513666,216,547
5050,350,404.2951217,400,1179,0.5558181818,0.5131467345,222.3272727,605
5050,450,406.4070209,400,1284,0.5349583333,0.519470405,213.9833333,667
5050,550,408.1364263,400,1394,0.546609589,0.5150645624,218.6438356,718
5050,650,409.4341994,400,1490,0.5522727273,0.5161073826,220.9090909,769
5050,750,410.11516,400,1540,0.5521875,0.5175324675,220.875,797
5050,850,408.17909,400,1558,0.5329237288,0.5173299101,213.1694915,806
5050,950,405.3488526,400,1566,0.5251923077,0.5204342273,210.0769231,815
5050,1050,404.3513324,400,1583,0.507875,0.5255843335,203.15,832
5050,1150,402.7887858,400,1551,0.5270895522,0.528691167,210.8358209,820
5050,1250,394.4467458,400,1559,0.5133823529,0.5311096857,205.3529412,828
5050,1350,392.2034286,400,1573,0.5072794118,0.5282898919,202.9117647,831
5050,1450,369.5436375,400,1569,0.52234375,0.5347355003,208.9375,839
5050,1550,400.9603855,400,1558,0.5253846154,0.5333761232,210.1538462,831
5050,1650,393.3266866,400,1559,0.5304411765,0.5388069275,212.1764706,840
5050,1750,400.9908363,400,1560,0.5482539683,0.5371794872,219.3015873,838
5050,1850,400.6573546,400,1569,0.5613157895,0.5302740599,224.5263158,832
5050,1950,405.2734575,400,1568,0.5539041096,0.5318877551,221.5616438,834
5050,2050,403.4775305,400,1573,0.55125,0.5257469803,220.5,827
5050,2150,402.7479142,400,1560,0.5418014706,0.5237179487,216.7205882,817
5050,2250,406.1072234,400,1557,0.5381538462,0.5253692999,215.2615385,818
5050,2350,405.8309934,400,1520,0.5371385542,0.5296052632,214.8554217,805
5050,2450,401.5355143,400,1523,0.5320384615,0.5246224557,212.8153846,799
5050,2550,401.6359986,400,1523,0.5258196721,0.5279054498,210.3278689,804
5050,2650,403.7651741,400,1531,0.5354934211,0.5218811234,214.1973684,799
5050,2750,400.4461797,400,1511,0.5230357143,0.5248180013,209.2142857,793
5050,2850,403.1621045,400,1513,0.5097222222,0.5274289491,203.8888889,798
5050,2950,405.02167,400,1537,0.5207978723,0.5204944697,208.3191489,800
5050,3050,406.5501431,400,1533,0.5243396226,0.5179386823,209.7358491,794
5050,3150,404.5331369,400,1559,0.5023823529,0.5189223861,200.9529412,809
5050,3250,403.1591664,400,1555,0.4841044776,0.5215434084,193.641791,811
5050,3350,402.3147311,400,1522,0.4907857143,0.5229960578,196.3142857,796
5050,3450,400.1581966,400,1429,0.4837974684,0.5192442267,193.5189873,742
5050,3550,397.0284359,400,1341,0.4891447368,0.5070842655,195.6578947,680
5050,3650,400,400,1268,0.4725,0.5063091483,189,642
5050,3750,408.0707526,400,1160,0.4825,0.500862069,193,581
5050,3850,441.7595671,400,1045,0.4859090909,0.4956937799,194.3636364,518
5050,3950,502.1167316,400,936,0.4865151515,0.4914529915,194.6060606,460
5150,50,517.5854875,400,823,0.5038157895,0.5309842041,201.5263158,437
5150,150,474.8791468,400,928,0.5156632653,0.5290948276,206.2653061,491
5150,250,420.7136794,400,1051,0.5145,0.5233111323,205.8,550
5150,350,409.5791768,400,1179,0.5298469388,0.5216284987,211.9387755,615
5150,450,406.0153751,400,1275,0.5584848485,0.5254901961,223.3939394,670
5150,550,407.0278145,400,1370,0.5521268657,0.5255474453,220.8507463,720
5150,650,408.5356881,400,1469,0.5372887324,0.5296119809,214.915493,778
5150,750,408.1666326,400,1568,0.53035,0.5235969388,212.14,821
5150,850,406.4070209,400,1564,0.537375,0.5268542199,214.95,824
5150,950,405.3882369,400,1570,0.5228773585,0.5369426752,209.1509434,843
5150,1050,402.3147311,400,1577,0.5121785714,0.5345592898,204.8714286,843
5150,1150,397.649343,400,1571,0.4921875,0.5295989815,196.875,832
5150,1250,385.2104578,400,1545,0.507983871,0.5346278317,203.1935484,826
5150,1350,390.2380226,400,1562,0.5147142857,0.5358514725,205.8857143,837
5150,1450,394.1885531,400,1551,0.5292307692,0.5390070922,211.6923077,836
5150,1550,395.0784182,400,1557,0.5283695652,0.5427103404,211.3478261,845
5150,1650,398.4344363,400,1569,0.5482291667,0.5423836839,219.2916667,851
5150,1750,402.1371479,400,1565,0.5334285714,0.5412140575,213.3714286,847
5150,1850,401.8075103,400,1586,0.5490942029,0.5346784363,219.6376812,848
5150,1950,402.6696626,400,1597,0.5596428571,0.5309956168,223.8571429,848
5150,2050,404.2740407,400,1568,0.555078125,0.5318877551,222.03125,834
5150,2150,407.0579842,400,1575,0.5498417722,0.5352380952,219.9367089,843
5150,2250,404.8809349,400,1540,0.5384821429,0.538961039,215.3928571,830
5150,2350,403.2014739,400,1551,0.54,0.5357833656,216,831
5150,2450,403.6293679,400,1546,0.5547916667,0.5368693402,221.9166667,830
5150,2550,400.9080602,400,1531,0.5475909091,0.5323318093,219.0363636,815
5150,2650,403.1542302,400,1533,0.5372,0.5290280496,214.88,811
5150,2750,402.4435169,400,1542,0.5387745098,0.5272373541,215.5098039,813
5150,2850,402.4922359,400,1530,0.536,0.5241830065,214.4,802
5150,2950,405.3217417,400,1543,0.5364285714,0.5288399222,214.5714286,816
5150,3050,404.6105256,400,1547,0.5233870968,0.5371687136,209.3548387,831
5150,3150,400.8143884,400,1589,0.5314130435,0.5298930145,212.5652174,842
5150,3250,403.6597286,400,1592,0.5264705882,0.5270100503,210.5882353,839
5150,3350,400.7804885,400,1542,0.523125,0.5317769131,209.25,820
5150,3450,400.2940096,400,1459,0.5072941176,0.525017135,202.9176471,766
5150,3550,385.4496447,400,1363,0.5125,0.5223771093,205,712
5150,3650,395.8114029,400,1265,0.4969444444,0.5169960474,198.7777778,654
5150,3750,408.6823664,400,1176,0.5009042553,0.5110544218,200.3617021,601
5150,3850,440.3555875,400,1033,0.4908695652,0.5004840271,196.3478261,517
5150,3950,500.5402487,400,926,0.4996621622,0.5097192225,199.8648649,472
5250,50,520.7137958,400,806,0.5211428571,0.5446650124,208.4571429,439
5250,150,472.3101979,400,915,0.5271153846,0.5267759563,210.8461538,482
5250,250,427.1404682,400,1034,0.5342346939,0.5309477756,213.6938776,549
5250,350,406.9169391,400,1145,0.5406976744,0.5336244541,216.2790698,611
5250,450,405.2159918,400,1253,0.5519,0.53471668,220.76,670
5250,550,406.7006336,400,1357,0.5415540541,0.5320560059,216.6216216,722
5250,650,408.8923849,400,1450,0.530745614,0.5303448276,212.2982456,769
5250,750,403.8606793,400,1549,0.5212068966,0.5326016785,208.4827586,825
5250,850,405.417854,400,1553,0.5191363636,0.5363811977,207.6545455,833
5250,950,403.9801975,400,1545,0.5176,0.5449838188,207.04,842
5250,1050,404.2803767,400,1550,0.5108196721,0.5432258065,204.3278689,842
5250,1150,400.7346195,400,1540,0.4958823529,0.5396103896,198.3529412,831
5250,1250,395.5636336,400,1552,0.5013235294,0.5393041237,200.5294118,837
5250,1350,385.1406669,400,1538,0.5169444444,0.5383615085,206.7777778,828
5250,1450,392.4283374,400,1520,0.519,0.5421052632,207.6,824
5250,1550,380.2559593,400,1521,0.5193243243,0.5430637738,207.7297297,826
5250,1650,381.5174381,400,1546,0.5368518519,0.5446313066,214.7407407,842
5250,1750,377.7926319,400,1556,0.5476515152,0.5398457584,219.0606061,840
5250,1850,400.5947959,400,1573,0.5535714286,0.5384615385,221.4285714,847
5250,1950,400.7346195,400,1560,0.5517647059,0.5397435897,220.7058824,842
5250,2050,404.8617585,400,1565,0.555,0.5392971246,222,844
5250,2150,403.276058,400,1586,0.5435526316,0.5390920555,217.4210526,855
5250,2250,400.7568597,400,1561,0.5235606061,0.5451633568,209.4242424,851
5250,2350,401.117841,400,1548,0.5469029851,0.5406976744,218.761194,837
5250,2450,402.8126916,400,1558,0.5480645161,0.5410783055,219.2258065,843
5250,2550,403.1621045,400,1541,0.5273015873,0.5360155743,210.9206349,826
5250,2650,404.7958116,400,1558,0.5320175439,0.5359435173,212.8070175,835
5250,2750,403.5261247,400,1528,0.5347916667,0.5379581152,213.9166667,822
5250,2850,403.8746762,400,1535,0.5424180328,0.5328990228,216.9672131,818
5250,2950,405.877866,400,1553,0.5489473684,0.5370251127,219.5789474,834
5250,3050,403.6199833,400,1545,0.5510909091,0.5385113269,220.4363636,832
5250,3150,404.5573713,400,1580,0.5443333333,0.5348101266,217.7333333,845
5250,3250,403.8124764,400,1581,0.5373790323,0.5281467426,214.9516129,835
5250,3350,397.649343,400,1531,0.5346875,0.5310254735,213.875,813
5250,3450,400.7346195,400,1474,0.5258823529,0.5271370421,210.3529412,777
5250,3550,383.4410346,400,1354,0.5198648649,0.5295420975,207.9459459,717
5250,3650,375.5697426,400,1263,0.5323684211,0.5273159145,212.9473684,666
5250,3750,405.7723041,400,1163,0.5144186047,0.5219260533,205.7674419,607
5250,3850,429.3891009,400,1044,0.51515625,0.5210727969,206.0625,544
5250,3950,487.7060004,400,902,0.5199642857,0.512195122,207.9857143,462
5350,50,525.628875,400,771,0.5150714286,0.5408560311,206.0285714,417
5350,150,468.3141913,400,869,0.5241477273,0.5431530495,209.6590909,472
5350,250,423.083916,400,993,0.53625,0.5357502518,214.5,532
5350,350,405.0813611,400,1104,0.5380681818,0.5380434783,215.2272727,594
5350,450,402.1098204,400,1203,0.539,0.5419783874,215.6,652
5350,550,406.8082567,400,1312,0.5430633803,0.5426829268,217.2253521,712
5350,650,407.0217029,400,1401,0.5185833333,0.5360456817,207.4333333,751
5350,750,405.4070038,400,1471,0.5201612903,0.5343303875,208.0645161,786
5350,850,401.9594862,400,1473,0.5158571429,0.5478615071,206.3428571,807
5350,950,405.0166188,400,1470,0.5176923077,0.5523809524,207.0769231,812
5350,1050,405.7423637,400,1457,0.5085820896,0.5497597804,203.4328358,801
5350,1150,400.6690833,400,1462,0.5180803571,0.5424076607,207.2321429,793
5350,1250,382.9708431,400,1458,0.5211111111,0.5432098765,208.4444444,792
5350,1350,389.4440482,400,1460,0.5429166667,0.545890411,217.1666667,797
5350,1450,385.1406669,400,1460,0.5420833333,0.55,216.8333333,803
5350,1550,388.0353445,400,1486,0.5352142857,0.5471063257,214.0857143,813
5350,1650,387.2983346,400,1480,0.5358333333,0.5466216216,214.3333333,809
5350,1750,392.0257779,400,1492,0.5498684211,0.5569705094,219.9473684,831
5350,1850,400.7455738,400,1522,0.5683208955,0.5473061761,227.3283582,833
5350,1950,400.2357796,400,1495,0.5588207547,0.5518394649,223.5283019,825
5350,2050,404.3988891,400,1509,0.5577307692,0.5513585156,223.0923077,832
5350,2150,402.5653034,400,1521,0.5539705882,0.5476660092,221.5882353,833
5350,2250,400.1837813,400,1499,0.5613970588,0.5503669113,224.5588235,825
5350,2350,401.9792303,400,1497,0.5473015873,0.545758183,218.9206349,817
5350,2450,402.4922359,400,1501,0.5345,0.546302465,213.8,820
5350,2550,403.9978784,400,1473,0.5323214286,0.5451459606,212.9285714,803
5350,2650,405.202652,400,1485,0.5464864865,0.5501683502,218.5945946,817
5350,2750,404.0740799,400,1475,0.54125,0.5511864407,216.5,813
5350,2850,405.1258868,400,1497,0.5492063492,0.5524382098,219.6825397,827
5350,2950,405.5859958,400,1484,0.55475,0.5417789757,221.9,804
5350,3050,405.817077,400,1501,0.566015625,0.5416389074,226.40625,813
5350,3150,406.9472455,400,1520,0.5610606061,0.5427631579,224.4242424,825
5350,3250,402.3237587,400,1531,0.5650847458,0.5323318093,226.0338983,815
5350,3350,402.4515041,400,1478,0.5547131148,0.5338294993,221.8852459,789
5350,3450,400.5204947,400,1402,0.5540625,0.5320970043,221.625,746
5350,3550,381.4234798,400,1309,0.5707258065,0.5294117647,228.2903226,693
5350,3650,367.4234614,400,1193,0.5470833333,0.5322715842,218.8333333,635
5350,3750,404.1451884,400,1107,0.535,0.5284552846,214,585
5350,3850,421.1513042,400,986,0.5271052632,0.5324543611,210.8421053,525
5350,3950,482.7534023,400,862,0.5303813559,0.5255220418,212.1525424,453
5450,50,521.2860351,400,724,0.5336956522,0.5386740331,213.4782609,390
5450,150,471.036092,400,822,0.53140625,0.5340632603,212.5625,439
5450,250,423.1401884,400,925,0.5366666667,0.5351351351,214.6666667,495
5450,350,403.1788579,400,1028,0.5459574468,0.5359922179,218.3829787,551
5450,450,403.8701662,400,1133,0.5330555556,0.5419240953,213.2222222,614
5450,550,406.2019202,400,1205,0.54,0.5385892116,216,649
5450,650,404.2803767,400,1301,0.5234836066,0.5441967717,209.3934426,708
5450,750,403.9280811,400,1350,0.5169736842,0.542962963,206.7894737,733
5450,850,404.6856704,400,1390,0.5161065574,0.5460431655,206.442623,759
5450,950,404.0929834,400,1359,0.5203481013,0.5511405445,208.1392405,749
5450,1050,402.1870037,400,1370,0.5252192982,0.5467153285,210.0877193,749
5450,1150,402.0779361,400,1373,0.5275,0.5484340859,211,753
5450,1250,377.964473,400,1405,0.5342857143,0.5444839858,213.7142857,765
5450,1350,369.8299522,400,1378,0.5459677419,0.5471698113,218.3870968,754
5450,1450,380.7886553,400,1377,0.545,0.5541031227,218,763
5450,1550,400,400,1392,0.5375,0.5545977011,215,772
5450,1650,381.7721834,400,1402,0.5526875,0.5527817404,221.075,775
5450,1750,398.8264033,400,1409,0.548671875,0.5571327182,219.46875,785
5450,1850,402.2116278,400,1411,0.5803629032,0.5620127569,232.1451613,793
5450,1950,404.6603514,400,1404,0.574375,0.5548433048,229.75,779
5450,2050,403.4775305,400,1402,0.5554411765,0.5584878745,222.1764706,783
5450,2150,402.001167,400,1401,0.5647530864,0.5560314061,225.9012346,779
5450,2250,400.4235046,400,1409,0.5480508475,0.5649396735,219.220339,796
5450,2350,402.7887858,400,1389,0.5501492537,0.5637149028,220.0597015,783
5450,2450,402.4545899,400,1382,0.545719697,0.5528219971,218.2878788,764
5450,2550,401.6791678,400,1399,0.5450961538,0.5582558971,218.0384615,781
5450,2650,404.1451884,400,1395,0.5516666667,0.5569892473,220.6666667,777
5450,2750,404.6300659,400,1400,0.5698529412,0.5557142857,227.9411765,778
5450,2850,403.0543762,400,1416,0.5490566038,0.5579096045,219.6226415,790
5450,2950,404.4749683,400,1403,0.5665,0.5466856736,226.6,767
5450,3050,405.3217417,400,1413,0.5782142857,0.5513092711,231.2857143,779
5450,3150,404.2086285,400,1425,0.5695769231,0.5480701754,227.8307692,781
5450,3250,405.8309934,400,1450,0.5724096386,0.5413793103,228.9638554,785
5450,3350,401.9594862,400,1393,0.5822857143,0.5405599426,232.9142857,753
5450,3450,387.8847064,400,1312,0.5711363636,0.5403963415,228.4545455,709
5450,3550,401.1202262,400,1228,0.5680448718,0.5374592834,227.2179487,660
5450,3650,358.2682855,400,1118,0.5622945205,0.5393559928,224.9178082,603
5450,3750,401.6096645,400,1022,0.5484677419,0.5371819961,219.3870968,549
5450,3850,430.2514138,400,923,0.5422093023,0.5384615385,216.8837209,497
5450,3950,483.708961,400,824,0.5413461538,0.5376213592,216.5384615,443
5550,50,534.5224838,400,668,0.5446428571,0.5389221557,217.8571429,360
5550,150,473.7556801,400,755,0.5481111111,0.5390728477,219.2444444,407
5550,250,425.3103442,400,846,0.5499444444,0.5319148936,219.9777778,450
5550,350,408.8310863,400,936,0.5357142857,0.5331196581,214.2857143,499
5550,450,405.5859958,400,1031,0.548,0.5412221145,219.2,558
5550,550,407.0801957,400,1117,0.5392857143,0.5416293644,215.7142857,605
5550,650,407.1282656,400,1206,0.5496575342,0.539800995,219.8630137,651
5550,750,405.417854,400,1264,0.5295909091,0.5435126582,211.8363636,687
5550,850,404.5890603,400,1278,0.5279615385,0.544600939,211.1846154,696
5550,950,403.3755873,400,1276,0.5248728814,0.552507837,209.9491525,705
5550,1050,397.649343,400,1276,0.53703125,0.5493730408,214.8125,701
5550,1150,384.4968632,400,1288,0.5337162162,0.5458074534,213.4864865,703
5550,1250,381.5756806,400,1279,0.5469,0.5449569977,218.76,697
5550,1350,382.6899697,400,1289,0.5569354839,0.543056633,222.7741935,700
5550,1450,392.9942041,400,1286,0.5625925926,0.5520995334,225.037037,710
5550,1550,392.6748635,400,1300,0.5508064516,0.5546153846,220.3225806,721
5550,1650,401.4803117,400,1293,0.5584745763,0.5552977572,223.3898305,718
5550,1750,403.9576936,400,1284,0.5676136364,0.5576323988,227.0454545,716
5550,1850,402.8308917,400,1298,0.5760227273,0.5593220339,230.4090909,726
5550,1950,401.7120225,400,1317,0.5749509804,0.5550493546,229.9803922,731
5550,2050,402.6551223,400,1297,0.5613114754,0.5597532768,224.5245902,726
5550,2150,401.29102,400,1288,0.57,0.5628881988,228,725
5550,2250,401.0403139,400,1294,0.5579166667,0.5602782071,223.1666667,725
5550,2350,401.2847016,400,1296,0.5530514706,0.5671296296,221.2205882,735
5550,2450,401.4059797,400,1289,0.5471126761,0.5562451513,218.8450704,717
5550,2550,403.0620503,400,1295,0.5458196721,0.5583011583,218.3278689,723
5550,2650,404.0836325,400,1306,0.5528731343,0.5620214395,221.1492537,734
5550,2750,403.7108571,400,1328,0.5738596491,0.5602409639,229.5438596,744
5550,2850,404.0775774,400,1303,0.5770081967,0.5556408289,230.8032787,724
5550,2950,404.7256069,400,1316,0.5811267606,0.5478723404,232.4507042,721
5550,3050,406.8381022,400,1326,0.5730172414,0.5497737557,229.2068966,729
5550,3150,402.047001,400,1331,0.5826865672,0.5514650639,233.0746269,734
5550,3250,401.0403139,400,1333,0.5925,0.5491372843,237,732
5550,3350,403.5896621,400,1282,0.5777403846,0.5499219969,231.0961538,705
5550,3450,401.1014248,400,1213,0.5917647059,0.5457543281,236.7058824,662
5550,3550,366.1842557,400,1141,0.5803409091,0.5460122699,232.1363636,623
5550,3650,356.5226974,400,1042,0.5686746988,0.5460652591,227.4698795,569
5550,3750,405.2619994,400,956,0.5631355932,0.5366108787,225.2542373,513
5550,3850,430.3037187,400,859,0.5546774194,0.5343422584,221.8709677,459
5550,3950,500,400,767,0.555,0.5475880052,222,420
5650,50,587.8397363,400,621,0.55375,0.5426731079,221.5,337
5650,150,505.9644256,400,698,0.5435,0.5329512894,217.4,372
5650,250,451.4932489,400,786,0.5475,0.5419847328,219,426
5650,350,421.8016912,400,877,0.5441666667,0.5404789054,217.6666667,474
5650,450,416.3331999,400,946,0.5325,0.5412262156,213,512
5650,550,412.0727139,400,1037,0.5609803922,0.5419479267,224.3921569,562
5650,650,411.2698106,400,1113,0.5467857143,0.5408805031,218.7142857,602
5650,750,409.0806018,400,1162,0.5569387755,0.5413080895,222.7755102,629
5650,850,409.1454509,400,1153,0.54125,0.5472679965,216.5,631
5650,950,405.6800108,400,1174,0.5313983051,0.5494037479,212.559322,645
5650,1050,405.7282152,400,1175,0.5313461538,0.5506382979,212.5384615,647
5650,1150,402.5859805,400,1184,0.570990566,0.5489864865,228.3962264,650
5650,1250,402.8202464,400,1170,0.5608490566,0.5478632479,224.3396226,641
5650,1350,405.02167,400,1174,0.565212766,0.5425894378,226.0851064,637
5650,1450,405.4318685,400,1183,0.56734375,0.5519864751,226.9375,653
5650,1550,406.2019202,400,1190,0.58125,0.5605042017,232.5,667
5650,1650,411.1199434,400,1205,0.5793627451,0.5626556017,231.745098,678
5650,1750,408.1712552,400,1218,0.5987264151,0.5599343186,239.490566,682
5650,1850,408.6126353,400,1219,0.58625,0.5611156686,234.5,684
5650,1950,406.0857796,400,1206,0.5768396226,0.5597014925,230.7358491,675
5650,2050,407.4732909,400,1205,0.5792672414,0.5609958506,231.7068966,676
5650,2150,404.8809349,400,1202,0.5684821429,0.5682196339,227.3928571,683
5650,2250,402.9304421,400,1189,0.5685294118,0.5626576955,227.4117647,669
5650,2350,401.8187817,400,1175,0.55484375,0.5634042553,221.9375,662
5650,2450,402.1284833,400,1170,0.5589634146,0.5606837607,223.5853659,656
5650,2550,401.4179413,400,1179,0.5493181818,0.5631891433,219.7272727,664
5650,2650,404.9691346,400,1195,0.564,0.5656903766,225.6,676
5650,2750,404.8722868,400,1203,0.5735294118,0.5627597672,229.4117647,677
5650,2850,410.1490244,400,1209,0.593,0.5574855252,237.2,674
5650,2950,412.7434347,400,1226,0.5841964286,0.5546492659,233.6785714,680
5650,3050,406.2019202,400,1218,0.59125,0.5533661741,236.5,674
5650,3150,402.5382429,400,1238,0.5918055556,0.5613893376,236.7222222,695
5650,3250,405.8088849,400,1240,0.5882446809,0.5572580645,235.2978723,691
5650,3350,401.9397412,400,1172,0.583,0.5546075085,233.2,650
5650,3450,400.5677789,400,1111,0.5829545455,0.5517551755,233.1818182,613
5650,3550,377.964473,400,1040,0.5946428571,0.5519230769,237.8571429,574
5650,3650,357.119373,400,970,0.5828424658,0.5494845361,233.1369863,533
5650,3750,407.0217029,400,880,0.5726666667,0.55,229.0666667,484
5650,3850,445.6688116,400,795,0.5668965517,0.5496855346,226.7586207,437
5650,3950,508.0828162,400,717,0.5560185185,0.5536959554,222.4074074,397
5750,50,622.4949799,400,576,0.5414583333,0.5416666667,216.5833333,312
5750,150,578.174467,400,631,0.5503571429,0.5356576862,220.1428571,338
5750,250,508.2084829,400,708,0.5481034483,0.5381355932,219.2413793,381
5750,350,461.8802154,400,806,0.535,0.5334987593,214,430
5750,450,441.5880433,400,872,0.536875,0.5321100917,214.75,464
5750,550,438.8981419,400,945,0.5638157895,0.5417989418,225.5263158,512
5750,650,428.9522118,400,1009,0.5615,0.5401387512,224.6,545
5750,750,429.1690186,400,1054,0.5580813953,0.5426944972,223.2325581,572
5750,850,427.7849927,400,1039,0.55825,0.5505293551,223.3,572
5750,950,425.7346591,400,1061,0.53984375,0.5523091423,215.9375,586
5750,1050,421.9004622,400,1058,0.5455,0.5519848771,218.2,584
5750,1150,426.6543077,400,1062,0.5663983051,0.549905838,226.559322,584
5750,1250,423.6433455,400,1052,0.5864473684,0.5522813688,234.5789474,581
5750,1350,423.5268587,400,1060,0.56890625,0.5471698113,227.5625,580
5750,1450,430.22193,400,1083,0.5735,0.5521698984,229.4,598
5750,1550,434.0087976,400,1091,0.5888636364,0.5637030247,235.5454545,615
5750,1650,435.0888709,400,1100,0.5934302326,0.5572727273,237.372093,613
5750,1750,432.5634186,400,1091,0.6106111111,0.5673693859,244.2444444,619
5750,1850,435.4116826,400,1090,0.6084375,0.5605504587,243.375,611
5750,1950,428.5281363,400,1098,0.5802272727,0.5619307832,232.0909091,617
5750,2050,428.6067005,400,1087,0.5818518519,0.5584176633,232.7407407,607
5750,2150,421.9004622,400,1070,0.5725,0.5719626168,229,612
5750,2250,414.7288271,400,1072,0.5645,0.5671641791,225.8,608
5750,2350,417.2740671,400,1060,0.5648529412,0.5650943396,225.9411765,599
5750,2450,411.5674369,400,1077,0.5555612245,0.5645311049,222.2244898,608
5750,2550,409.5354664,400,1058,0.5633333333,0.5642722117,225.3333333,597
5750,2650,412.0578438,400,1070,0.5561979167,0.5663551402,222.4791667,606
5750,2750,422.1158824,400,1087,0.5661363636,0.5639374425,226.4545455,613
5750,2850,428.86078,400,1097,0.5876470588,0.5587967183,235.0588235,613
5750,2950,435.3908789,400,1088,0.6036956522,0.5523897059,241.4782609,601
5750,3050,425,400,1110,0.60390625,0.554954955,241.5625,616
5750,3150,424.6633762,400,1129,0.6064830508,0.5589016829,242.5932203,631
5750,3250,410.1219331,400,1116,0.5849,0.5627240143,233.96,628
5750,3350,411.2547079,400,1060,0.5795652174,0.5688679245,231.826087,603
5750,3450,409.2676386,400,1018,0.5775,0.5667976424,231,577
5750,3550,407.818329,400,946,0.5889473684,0.5665961945,235.5789474,536
5750,3650,410.7919181,400,878,0.583125,0.5615034169,233.25,493
5750,3750,441.0019939,400,792,0.5807758621,0.5568181818,232.3103448,441
5750,3850,504.204544,400,722,0.5738888889,0.5595567867,229.5555556,404
5750,3950,576.1944116,400,653,0.5695,0.5558958652,227.8,363
5850,50,700.7139217,400,506,0.547,0.5434782609,218.8,275
5850,150,608.276253,400,573,0.54,0.5427574171,216,311
5850,250,583.0951895,400,641,0.5375,0.5475819033,215,351
5850,350,518.5449729,400,709,0.5378703704,0.5472496474,215.1481481,388
5850,450,502.6850979,400,775,0.5375961538,0.5432258065,215.0384615,421
5850,550,487.5646606,400,827,0.5665789474,0.5417170496,226.6315789,448
5850,650,480.7401701,400,902,0.5673333333,0.544345898,226.9333333,491
5850,750,478.0914437,400,923,0.5742857143,0.548212351,229.7142857,506
5850,850,479.5831523,400,941,0.561,0.5589798087,224.4,526
5850,950,475.6358988,400,930,0.5524590164,0.5537634409,220.9836066,515
5850,1050,477.2607021,400,940,0.5455555556,0.5542553191,218.2222222,521
5850,1150,480.3844614,400,933,0.5676923077,0.5605573419,227.0769231,523
5850,1250,482.7534023,400,942,0.5804661017,0.5520169851,232.1864407,520
5850,1350,483.3153732,400,945,0.5854296875,0.5513227513,234.171875,521
5850,1450,497.0501217,400,970,0.5858823529,0.5525773196,234.3529412,536
5850,1550,495.0458792,400,963,0.5908802817,0.5659397715,236.3521127,545
5850,1650,496.9909456,400,987,0.5983,0.5663627153,239.32,559
5850,1750,490.5354218,400,980,0.6071875,0.5663265306,242.875,555
5850,1850,498.1096341,400,966,0.6021698113,0.5652173913,240.8679245,546
5850,1950,477.2607021,400,957,0.5833333333,0.5600835946,233.3333333,536
5850,2050,467.7071733,400,955,0.576875,0.5706806283,230.75,545
5850,2150,460.7549044,400,951,0.5696721311,0.570977918,227.8688525,543
5850,2250,457.495711,400,958,0.5697674419,0.5762004175,227.9069767,552
5850,2350,455.292946,400,940,0.5602083333,0.5691489362,224.0833333,535
5850,2450,450.2524544,400,955,0.5646363636,0.5685863874,225.8545455,543
5850,2550,445.1761653,400,955,0.5677272727,0.5748691099,227.0909091,549
5850,2650,457.874571,400,962,0.5599561404,0.5758835759,223.9824561,554
5850,2750,468.8577462,400,951,0.5562068966,0.5667718191,222.4827586,539
5850,2850,476.4175524,400,983,0.5918421053,0.5656154629,236.7368421,556
5850,2950,484.435155,400,980,0.5953225806,0.5581632653,238.1290323,547
5850,3050,490.2903378,400,999,0.6005769231,0.5635635636,240.2307692,563
5850,3150,461.4445086,400,980,0.6075431034,0.5755102041,243.0172414,564
5850,3250,444.5751442,400,987,0.5963235294,0.5714285714,238.5294118,564
5850,3350,447.2135955,400,945,0.5825,0.5735449735,233,542
5850,3450,449.1045705,400,900,0.5853813559,0.5744444444,234.1525424,517
5850,3550,437.8802695,400,843,0.5800543478,0.5765124555,232.0217391,486
5850,3650,463.0814663,400,787,0.5841666667,0.5679796696,233.6666667,447
5850,3750,505.3205292,400,714,0.5839534884,0.5602240896,233.5813953,400
5850,3850,572.4441525,400,665,0.5817307692,0.5609022556,232.6923077,373
5850,3950,609.4494002,400,585,0.5763095238,0.5658119658,230.5238095,331
5950,50,728.0109889,400,438,0.54,0.5456621005,216,239
5950,150,701.8408973,400,497,0.5429032258,0.5412474849,217.1612903,269
5950,250,633.8491192,400,552,0.5394117647,0.5434782609,215.7647059,300
5950,350,604.3493156,400,619,0.5395238095,0.5476575121,215.8095238,339
5950,450,571.8905695,400,665,0.5420588235,0.5428571429,216.8235294,361
5950,550,536.0888959,400,723,0.5655434783,0.5518672199,226.2173913,399
5950,650,531.5072906,400,767,0.57625,0.5449804433,230.5,418
5950,750,527.967802,400,787,0.5825,0.5514612452,233,434
5950,850,521.9569181,400,812,0.575304878,0.5615763547,230.1219512,456
5950,950,525.9911279,400,822,0.5644444444,0.5644768856,225.7777778,464
5950,1050,530.4984179,400,827,0.5532142857,0.5574365175,221.2857143,461
5950,1150,532.7509075,400,828,0.5558088235,0.5555555556,222.3235294,460
5950,1250,534.8388838,400,810,0.5830921053,0.5518518519,233.2368421,447
5950,1350,539.9073995,400,823,0.593625,0.5565006075,237.45,458
5950,1450,556.1346189,400,842,0.5944642857,0.5736342043,237.7857143,483
5950,1550,558.2711408,400,854,0.5955555556,0.5690866511,238.2222222,486
5950,1650,547.7225575,400,864,0.6033333333,0.5729166667,241.3333333,495
5950,1750,537.5207637,400,861,0.6086607143,0.5679442509,243.4642857,489
5950,1850,536.3695626,400,857,0.6007692308,0.5717619603,240.3076923,490
5950,1950,522.3572943,400,855,0.5842857143,0.5660818713,233.7142857,484
5950,2050,516.3977795,400,825,0.5805555556,0.5757575758,232.2222222,475
5950,2150,509.356893,400,824,0.5698611111,0.5776699029,227.9444444,476
5950,2250,516.3190543,400,821,0.5706707317,0.5700365408,228.2682927,468
5950,2350,515.1051673,400,820,0.5677222222,0.5756097561,227.0888889,472
5950,2450,506.1780479,400,832,0.559527027,0.5757211538,223.8108108,479
5950,2550,504.5035278,400,828,0.5682738095,0.5809178744,227.3095238,481
5950,2650,508.1338406,400,829,0.5626,0.5802171291,225.04,481
5950,2750,517.7342759,400,872,0.571097561,0.5779816514,228.4390244,504
5950,2850,525.3570215,400,877,0.5841666667,0.5701254276,233.6666667,500
5950,2950,529.9371032,400,883,0.5895138889,0.5696489241,235.8055556,503
5950,3050,528.2905537,400,865,0.5975,0.5710982659,239,494
5950,3150,514.0872633,400,866,0.6028571429,0.5762124711,241.1428571,499
5950,3250,506.1780479,400,858,0.5866891892,0.5804195804,234.6756757,498
5950,3350,507.6087732,400,839,0.5925833333,0.5768772348,237.0333333,484
5950,3450,505.9223723,400,789,0.582712766,0.5830164766,233.0851064,460
5950,3550,505.5689864,400,749,0.5768,0.5821094793,230.72,436
5950,3650,523.102632,400,699,0.5711363636,0.5751072961,228.4545455,402
5950,3750,589.9152482,400,637,0.5845,0.5745682889,233.8,366
5950,3850,616.0726049,400,579,0.5893181818,0.5751295337,235.7272727,333
5950,3950,691.5455835,400,521,0.5851470588,0.5777351248,234.0588235,301
