x,y,Dist_400,Gini_count_group_400,Mean_count_group_400,Med_count_group_400,N_400,N_local,N_r800,Nv_count_group_400,R_count_group_400,R_count_group_r800,T_count_group_400,T_count_group_r800
50,50,728.0109889,0.3509000931,1.068965517,1,406,7,466,406,0.1256157635,0.1266094421,51,59
50,150,700,0.3609770756,1.014527845,1,413,2,522,413,0.1162227603,0.1245210728,48,65
50,250,632.455532,0.3689112014,1.052009456,1,423,4,581,423,0.1205673759,0.1222030981,51,71
50,350,583.0951895,0.3755849089,1.059259259,1,405,12,657,405,0.1209876543,0.1202435312,49,79
50,450,538.5164807,0.3801761964,1.051470588,1,408,9,706,408,0.1200980392,0.1147308782,49,81
50,550,538.5164807,0.4236098743,0.9594272076,1,419,6,756,419,0.1145584726,0.1137566138,48,86
50,650,509.9019514,0.4060283688,1.026699029,1,412,9,809,412,0.1140776699,0.1124845488,47,91
50,750,509.9019514,0.4289400509,1,1,412,5,831,412,0.1140776699,0.1131167268,47,94
50,850,509.9019514,0.4430043243,0.9642004773,1,419,11,854,419,0.107398568,0.112412178,45,96
50,950,509.9019514,0.4875912409,0.9610705596,1,411,10,858,411,0.1119221411,0.1188811189,46,102
50,1050,509.9019514,0.5333333333,0.773955774,1,407,7,853,407,0.09090909091,0.123094959,37,105
50,1150,509.9019514,0.5667303516,0.7250608273,1,411,11,868,411,0.08272506083,0.1209677419,34,105
50,1250,509.9019514,0.5731594525,0.7794117647,1,408,7,854,408,0.09068627451,0.1194379391,37,102
50,1350,509.9019514,0.5591836455,0.8820638821,1,407,10,841,407,0.1031941032,0.1224732461,42,103
50,1450,538.5164807,0.5741884462,0.8779342723,1,426,11,849,426,0.1056338028,0.1236749117,45,105
50,1550,538.5164807,0.5639459072,0.879350348,1,431,4,838,431,0.1067285383,0.1264916468,46,106
50,1650,538.5164807,0.5476765685,0.8899297424,1,427,10,835,427,0.1077283372,0.1209580838,46,101
50,1750,538.5164807,0.5270127088,0.9487179487,1,429,6,820,429,0.1165501166,0.1158536585,50,95
50,1850,538.5164807,0.5333122912,1.004597701,1,435,9,823,435,0.1218390805,0.1287970838,53,106
50,1950,538.5164807,0.5275815457,0.9879518072,1,415,4,825,415,0.1204819277,0.1309090909,50,108
50,2050,538.5164807,0.4647513628,1.101485149,1,404,11,824,404,0.1336633663,0.1286407767,54,106
50,2150,538.5164807,0.4610148771,1.15403423,1,409,4,828,409,0.1344743276,0.1292270531,55,107
50,2250,538.5164807,0.4968326875,1.082524272,1,412,7,828,412,0.1262135922,0.1268115942,52,105
50,2350,538.5164807,0.5061990849,1.055825243,1,412,5,812,412,0.1237864078,0.1330049261,51,108
50,2450,538.5164807,0.5127811576,1.065853659,1,410,6,824,410,0.1243902439,0.140776699,51,116
50,2550,538.5164807,0.4915887412,1.148491879,1,431,5,812,431,0.1276102088,0.1342364532,55,109
50,2650,538.5164807,0.4893572461,1.181818182,1,407,8,816,407,0.1375921376,0.1335784314,56,109
50,2750,538.5164807,0.5138623327,1.245238095,1,420,9,813,420,0.1380952381,0.1340713407,58,109
50,2850,538.5164807,0.5482600058,1.060827251,1,411,6,806,411,0.1192214112,0.1339950372,49,108
50,2950,538.5164807,0.5520269819,1.048309179,1,414,7,815,414,0.1183574879,0.1398773006,49,114
50,3050,538.5164807,0.5512950572,1.102439024,1,410,8,823,410,0.1268292683,0.1360874848,52,112
50,3150,538.5164807,0.5740775745,0.9534313725,1,408,8,825,408,0.112745098,0.1333333333,46,110
50,3250,538.5164807,0.5694134201,1.00973236,1,411,9,832,411,0.1167883212,0.1394230769,48,116
50,3350,538.5164807,0.5334580808,1.05955335,1,403,4,801,403,0.1240694789,0.1373283396,50,110
50,3450,538.5164807,0.4826169235,0.9854014599,1,411,9,767,411,0.1192214112,0.1303780965,49,100
50,3550,583.0951895,0.4806085205,1.115566038,1,424,7,709,424,0.1344339623,0.1339915374,57,95
50,3650,608.276253,0.4809969668,1.01891253,1,423,8,643,423,0.1229314421,0.1353032659,52,87
50,3750,640.3124237,0.4872384228,0.9975845411,1,414,11,571,414,0.1207729469,0.1348511384,50,77
50,3850,700,0.4950715481,1,1,401,8,512,401,0.1197007481,0.130859375,48,67
50,3950,728.0109889,0.5111902178,0.9800498753,1,401,13,452,401,0.1172069825,0.1261061947,47,57
150,50,700,0.3518069756,1.085784314,1,408,6,514,408,0.1274509804,0.1206225681,52,62
150,150,608.276253,0.3509000931,1.068965517,1,406,10,585,406,0.1256157635,0.1264957265,51,74
150,250,565.6854249,0.3654048496,1.014778325,1,406,9,657,406,0.1157635468,0.1248097412,47,82
150,350,509.9019514,0.3813277311,1.011904762,1,420,5,726,420,0.1166666667,0.1212121212,49,88
150,450,500,0.3795700295,1.037558685,1,426,7,780,426,0.1197183099,0.1179487179,51,92
150,550,500,0.3789305161,1.067873303,1,442,11,852,442,0.1244343891,0.1255868545,55,107
150,650,500,0.4464385364,1,1,448,7,916,448,0.1138392857,0.1222707424,51,112
150,750,447.2135955,0.4453327362,1.012376238,1,404,4,957,404,0.1138613861,0.1222570533,46,117
150,850,500,0.4348796787,0.9713656388,1,454,10,964,454,0.1101321586,0.1203319502,50,116
150,950,500,0.4641450662,0.9078651685,1,445,5,983,445,0.1056179775,0.1220752798,47,120
150,1050,500,0.5309153895,0.8129330254,1,433,7,988,433,0.09699769053,0.1255060729,42,124
150,1150,500,0.6268881574,0.9757709251,1,454,3,988,454,0.1035242291,0.1295546559,47,128
150,1250,500,0.5761993191,0.7977777778,1,450,5,976,450,0.09555555556,0.1239754098,43,121
150,1350,500,0.5634647373,0.8800904977,1,442,9,962,442,0.1063348416,0.1195426195,47,115
150,1450,500,0.6105019375,0.8244803695,0,433,9,964,433,0.09930715935,0.122406639,43,118
150,1550,500,0.548473456,0.9350348028,1,431,12,960,431,0.1136890951,0.125,49,120
150,1650,500,0.5234593331,0.9303944316,1,431,10,962,431,0.1136890951,0.1268191268,49,122
150,1750,500,0.5339611872,1.013888889,1,432,8,972,432,0.125,0.1296296296,54,126
150,1850,500,0.528347875,1.016746411,1,418,10,940,418,0.1267942584,0.129787234,53,122
150,1950,500,0.5059066968,1.054761905,1,420,5,939,420,0.1285714286,0.1341853035,54,126
150,2050,500,0.4702576961,1.131264916,1,419,7,941,419,0.1336515513,0.1339001063,56,126
150,2150,500,0.4505461511,1.143552311,1,411,6,951,411,0.1362530414,0.134595163,56,128
150,2250,500,0.4657471684,1.149758454,1,414,7,942,414,0.1352657005,0.1316348195,56,124
150,2350,500,0.5053123858,1.136470588,1,425,6,945,425,0.1294117647,0.1407407407,55,133
150,2450,500,0.5021314203,1.09047619,1,420,6,931,420,0.1261904762,0.1364124597,53,127
150,2550,500,0.5002539305,1.074698795,1,415,10,937,415,0.1277108434,0.1355389541,53,127
150,2650,500,0.5198136456,1.225352113,1,426,6,946,426,0.1361502347,0.1416490486,58,134
150,2750,500,0.5168458591,1.236533958,1,427,6,937,427,0.1358313817,0.1334044824,58,125
150,2850,500,0.5377692153,1.188544153,1,419,7,926,419,0.1336515513,0.1382289417,56,128
150,2950,500,0.5099043218,1.143851508,1,431,8,928,431,0.1276102088,0.1379310345,55,128
150,3050,500,0.5285471878,1.088167053,1,431,8,936,431,0.120649652,0.1388888889,52,130
150,3150,500,0.5597101693,1.03373494,1,415,1,940,415,0.1180722892,0.1414893617,49,133
150,3250,500,0.5228874634,1.031400966,1,414,7,947,414,0.1207729469,0.141499472,50,134
150,3350,500,0.503626546,1.100238663,1,419,8,916,419,0.1288782816,0.1386462882,54,127
150,3450,500,0.5374575268,1.141809291,1,409,9,857,409,0.1344743276,0.1423570595,55,122
150,3550,500,0.4966390021,1.00990099,1,404,4,796,404,0.1237623762,0.1444723618,50,115
150,3650,538.5164807,0.496963537,1.089411765,1,425,9,727,425,0.1294117647,0.1444291609,55,105
150,3750,583.0951895,0.5055861761,1.072992701,1,411,7,655,411,0.1265206813,0.1435114504,52,94
150,3850,608.276253,0.5111902178,0.9800498753,1,401,5,575,401,0.1172069825,0.1304347826,47,75
150,3950,700,0.4909922569,1.029776675,1,403,9,502,403,0.1215880893,0.1294820717,49,65
250,50,632.455532,0.3480904287,1.081145585,1,419,5,570,419,0.1264916468,0.1298245614,53,74
250,150,565.6854249,0.345661507,1.094292804,1,403,6,647,403,0.1290322581,0.1329211747,52,86
250,250,500,0.3442962178,1.086633663,1,404,7,730,404,0.1237623762,0.1273972603,50,93
250,350,447.2135955,0.3763556713,0.9951456311,1,412,5,808,412,0.1140776699,0.1237623762,47,100
250,450,424.2640687,0.3849637268,1.074257426,1,404,9,886,404,0.1237623762,0.1286681716,50,114
250,550,424.2640687,0.3846497026,1.090686275,1,408,9,955,408,0.1274509804,0.1298429319,52,124
250,650,412.3105626,0.4119288652,1.073891626,1,406,7,1018,406,0.1206896552,0.1306483301,49,133
250,750,424.2640687,0.4783255062,0.9705159705,1,407,12,1061,407,0.113022113,0.1272384543,46,135
250,850,412.3105626,0.4370540541,0.925,1,400,8,1066,400,0.105,0.126641651,42,135
250,950,424.2640687,0.4747050631,0.8799019608,1,408,8,1100,408,0.1029411765,0.1290909091,42,142
250,1050,424.2640687,0.5745298769,1.056930693,1,404,10,1093,404,0.1138613861,0.131747484,46,144
250,1150,412.3105626,0.6501538543,0.8883495146,1,412,11,1098,412,0.08980582524,0.135701275,37,149
250,1250,412.3105626,0.6138792942,1.009708738,1,412,13,1113,412,0.1067961165,0.1320754717,44,147
250,1350,424.2640687,0.5894744694,0.8172839506,1,405,11,1106,405,0.1012345679,0.1311030741,41,145
250,1450,424.2640687,0.5729411262,0.9612590799,1,413,8,1103,413,0.1138014528,0.1332728921,47,147
250,1550,447.2135955,0.5488852889,0.9731543624,1,447,7,1103,447,0.1185682327,0.1350861287,53,149
250,1650,424.2640687,0.5387960497,1.02955665,1,406,10,1083,406,0.1231527094,0.1311172669,50,142
250,1750,424.2640687,0.5297648013,1.014814815,1,405,10,1087,405,0.1234567901,0.132474701,50,144
250,1850,447.2135955,0.519355894,1.056206089,1,427,7,1073,427,0.1334894614,0.1351351351,57,145
250,1950,447.2135955,0.494404084,1.079254079,1,429,9,1067,429,0.1351981352,0.1330834114,58,142
250,2050,447.2135955,0.4554183675,1.128878282,1,419,11,1097,419,0.1360381862,0.1321786691,57,145
250,2150,447.2135955,0.4484640746,1.138755981,1,418,8,1081,418,0.1363636364,0.1378353377,57,149
250,2250,447.2135955,0.4452694499,1.158139535,1,430,7,1082,430,0.1372093023,0.1404805915,59,152
250,2350,447.2135955,0.4943947971,1.086956522,1,437,11,1066,437,0.1258581236,0.1510318949,55,161
250,2450,447.2135955,0.4852116366,1.099307159,1,433,6,1050,433,0.129330254,0.1457142857,56,153
250,2550,447.2135955,0.4909800345,1.072261072,1,429,10,1054,429,0.1282051282,0.1423149905,55,150
250,2650,447.2135955,0.4994798032,1.239819005,1,442,6,1053,442,0.1425339367,0.1405508072,63,148
250,2750,447.2135955,0.5007278387,1.23690205,1,439,11,1063,439,0.138952164,0.1401693321,61,149
250,2850,447.2135955,0.5015308496,1.21040724,1,442,8,1038,442,0.1357466063,0.1396917148,60,145
250,2950,424.2640687,0.5067566482,1.138271605,1,405,10,1059,405,0.1259259259,0.1425873466,51,151
250,3050,424.2640687,0.5116763646,1.122194514,1,401,14,1063,401,0.1246882793,0.1439322672,50,153
250,3150,447.2135955,0.5360586605,1.031319911,1,447,4,1078,447,0.1140939597,0.1493506494,51,161
250,3250,447.2135955,0.4926059795,1.126410835,1,443,6,1063,443,0.1286681716,0.1476952023,57,157
250,3350,447.2135955,0.5151408323,1.148063781,1,439,10,1014,439,0.132118451,0.1429980276,58,145
250,3450,447.2135955,0.5156044412,1.167431193,1,436,6,953,436,0.1330275229,0.1427072403,58,136
250,3550,447.2135955,0.4719868631,1.126410835,1,443,6,886,443,0.1309255079,0.1433408578,58,127
250,3650,447.2135955,0.5112120986,1.074441687,1,403,5,816,403,0.1265508685,0.1470588235,51,120
250,3750,509.9019514,0.4942982791,1.09929078,1,423,10,728,423,0.1276595745,0.1497252747,54,109
250,3850,565.6854249,0.4958741648,1.1225,1,400,6,647,400,0.13,0.1391035549,52,90
250,3950,632.455532,0.4856539962,1.044226044,1,407,10,574,407,0.1253071253,0.1358885017,51,78
350,50,583.0951895,0.3496051607,1.096296296,1,405,12,631,405,0.1283950617,0.1362916006,52,86
350,150,509.9019514,0.3511312689,1.103117506,1,417,5,717,417,0.1294964029,0.1422594142,54,102
350,250,447.2135955,0.3414779532,1.092457421,1,411,8,818,411,0.1289537713,0.1393643032,53,114
350,350,412.3105626,0.3760356255,1.044117647,1,408,8,896,408,0.1200980392,0.1361607143,49,122
350,450,412.3105626,0.4078736063,1.046189376,1,433,11,978,433,0.1200923788,0.1431492843,52,140
350,550,412.3105626,0.4016178057,1.082949309,1,434,10,1060,434,0.1267281106,0.1367924528,55,145
350,650,412.3105626,0.4694832346,1.036697248,1,436,3,1134,436,0.1169724771,0.1331569665,51,151
350,750,412.3105626,0.443951049,1.034090909,1,440,9,1189,440,0.1181818182,0.1312026913,52,156
350,850,412.3105626,0.4662291867,0.9030023095,1,433,10,1207,433,0.1016166282,0.1358740679,44,164
350,950,412.3105626,0.5549163607,1.060465116,1,430,6,1214,430,0.111627907,0.1375617792,48,167
350,1050,412.3105626,0.5932055144,0.9975961538,1,416,15,1215,416,0.1081730769,0.1407407407,45,171
350,1150,412.3105626,0.5935983209,1.097505669,1,441,6,1219,441,0.1179138322,0.1419196062,52,173
350,1250,412.3105626,0.5954401307,1.075,1,440,4,1226,440,0.1181818182,0.1370309951,52,168
350,1350,412.3105626,0.5959878088,1.11011236,1,445,7,1219,445,0.1213483146,0.1378178835,54,168
350,1450,412.3105626,0.6141594038,0.8367816092,0,435,7,1226,435,0.1011494253,0.1362153344,44,167
350,1550,412.3105626,0.5678171063,0.9746543779,1,434,14,1233,434,0.1175115207,0.1394971614,51,172
350,1650,412.3105626,0.5309128203,1.037470726,1,427,9,1208,427,0.1241217799,0.1374172185,53,166
350,1750,412.3105626,0.5268626695,1.093078759,1,419,4,1215,419,0.1312649165,0.1341563786,55,163
350,1850,412.3105626,0.5390819144,1.034146341,1,410,8,1218,410,0.1268292683,0.1379310345,52,168
350,1950,412.3105626,0.4901950302,1.101941748,1,412,13,1198,412,0.1359223301,0.132721202,56,159
350,2050,412.3105626,0.42640383,1.259803922,1,408,6,1218,408,0.1446078431,0.1354679803,59,165
350,2150,412.3105626,0.4389122398,1.215880893,1,403,7,1207,403,0.1389578164,0.1458160729,56,176
350,2250,412.3105626,0.433202442,1.20383693,1,417,7,1211,417,0.1366906475,0.1436829067,57,174
350,2350,412.3105626,0.4485604273,1.168674699,1,415,7,1213,415,0.1373493976,0.1467436109,57,178
350,2450,412.3105626,0.4702230944,1.140776699,1,412,7,1185,412,0.1334951456,0.1502109705,55,178
350,2550,412.3105626,0.4623403485,1.122891566,1,415,6,1164,415,0.1325301205,0.1546391753,55,180
350,2650,412.3105626,0.5017181549,1.308235294,1,425,5,1177,425,0.1482352941,0.1495327103,63,176
350,2750,412.3105626,0.508452393,1.305164319,1,426,10,1181,426,0.1455399061,0.1456392887,62,172
350,2850,412.3105626,0.5015039902,1.292857143,1,420,8,1173,420,0.1428571429,0.1432225064,60,168
350,2950,412.3105626,0.4787054968,1.214797136,1,419,11,1175,419,0.138424821,0.1480851064,58,174
350,3050,412.3105626,0.4887056677,1.206161137,1,422,5,1202,422,0.1398104265,0.1480865225,59,178
350,3150,412.3105626,0.4806612039,1.247685185,1,432,9,1183,432,0.1388888889,0.1513102282,60,179
350,3250,412.3105626,0.4864994451,1.247058824,1,425,6,1180,425,0.1411764706,0.1516949153,60,179
350,3350,412.3105626,0.4967271897,1.258992806,1,417,9,1131,417,0.1414868106,0.1476569408,59,167
350,3450,412.3105626,0.5275546564,1.193627451,1,408,5,1058,408,0.137254902,0.145557656,56,154
350,3550,412.3105626,0.4818767698,1.172248804,1,418,4,980,418,0.1387559809,0.1489795918,58,146
350,3650,424.2640687,0.4778065679,1.136258661,1,433,11,916,433,0.1339491917,0.1451965066,58,133
350,3750,447.2135955,0.4834765469,1.153284672,1,411,5,811,411,0.1362530414,0.1491985203,56,121
350,3850,509.9019514,0.4791971545,1.170731707,1,410,10,713,410,0.1414634146,0.1402524544,58,100
350,3950,600,0.468436301,1.167901235,1,405,9,647,405,0.1407407407,0.1375579598,57,89
450,50,565.6854249,0.3548087776,1.064903846,1,416,8,686,416,0.125,0.1370262391,52,94
450,150,500,0.3514167601,1.061032864,1,426,8,791,426,0.1244131455,0.1491782554,53,118
450,250,424.2640687,0.3510541827,0.9875311721,1,401,7,873,401,0.114713217,0.1454753723,46,127
450,350,412.3105626,0.3778253402,1,1,435,9,994,435,0.1149425287,0.1428571429,50,142
450,450,412.3105626,0.400045789,1.087527352,1,457,9,1082,457,0.1269146608,0.1451016636,58,157
450,550,412.3105626,0.4553616689,1.031390135,1,446,13,1166,446,0.1210762332,0.1432246998,54,167
450,650,412.3105626,0.4284020727,1.046979866,1,447,6,1233,447,0.1230425056,0.1427412814,55,176
450,750,412.3105626,0.4562261632,1.00877193,1,456,7,1298,456,0.1118421053,0.1432973806,51,186
450,850,400,0.5157649694,1.247524752,1,404,9,1331,404,0.1262376238,0.139744553,51,186
450,950,412.3105626,0.5452242931,1.233115468,1,459,13,1337,459,0.1241830065,0.1398653702,57,187
450,1050,412.3105626,0.562692703,1.221978022,1,455,8,1313,455,0.1252747253,0.1408987053,57,185
450,1150,412.3105626,0.5941330344,1.076233184,1,446,10,1307,446,0.1210762332,0.1446059679,54,189
450,1250,412.3105626,0.5799133799,1.123913043,1,460,6,1323,460,0.1239130435,0.1390778534,57,184
450,1350,400,0.6145938215,1.0925,1,400,5,1317,400,0.1175,0.1412300683,47,186
450,1450,400,0.6230031617,1.178217822,1,404,1,1330,404,0.1287128713,0.1413533835,52,188
450,1550,412.3105626,0.5527812895,0.9756637168,1,452,8,1330,452,0.1194690265,0.1458646617,54,194
450,1650,412.3105626,0.5550090973,1.027459954,1,437,6,1323,437,0.1258581236,0.1405895692,55,186
450,1750,412.3105626,0.5348659665,1.170786517,1,445,5,1345,445,0.1348314607,0.1375464684,60,185
450,1850,412.3105626,0.5027925625,1.201834862,1,436,5,1333,436,0.1399082569,0.1402850713,61,187
450,1950,412.3105626,0.4640697219,1.295045045,1,444,10,1321,444,0.1509009009,0.1430734292,67,189
450,2050,412.3105626,0.4469444444,1.273148148,1,432,10,1325,432,0.150462963,0.1449056604,65,192
450,2150,412.3105626,0.4350235065,1.207058824,1,425,8,1312,425,0.1435294118,0.1425304878,61,187
450,2250,412.3105626,0.4226854348,1.187203791,1,422,7,1340,422,0.1398104265,0.1440298507,59,193
450,2350,412.3105626,0.4510468562,1.21192053,1,453,8,1323,453,0.1346578366,0.148904006,61,197
450,2450,412.3105626,0.4836289092,1.098398169,1,437,13,1279,437,0.1304347826,0.1555903049,57,199
450,2550,412.3105626,0.5125488293,1.132723112,1,437,10,1294,437,0.1372997712,0.1545595054,60,200
450,2650,412.3105626,0.4892744242,1.283516484,1,455,10,1312,455,0.1472527473,0.1554878049,67,204
450,2750,400,0.4741348974,1.364764268,1,403,13,1303,403,0.1464019851,0.1534919417,59,200
450,2850,412.3105626,0.4777319603,1.349665924,1,449,9,1294,449,0.14922049,0.1553323029,67,201
450,2950,412.3105626,0.4630324449,1.3640553,1,434,6,1297,434,0.1589861751,0.1572860447,69,204
450,3050,400,0.4496234171,1.345771144,1,402,13,1294,402,0.1492537313,0.1506955178,60,195
450,3150,412.3105626,0.4865501711,1.340659341,1,455,5,1309,455,0.1494505495,0.1566080978,68,205
450,3250,412.3105626,0.4786132949,1.308558559,1,444,8,1310,444,0.1486486486,0.1564885496,66,205
450,3350,412.3105626,0.4773311314,1.382352941,1,442,7,1241,442,0.1583710407,0.149073328,70,185
450,3450,412.3105626,0.4600728075,1.400452489,1,442,7,1166,442,0.1606334842,0.1526586621,71,178
450,3550,412.3105626,0.4843341493,1.218468468,1,444,9,1075,444,0.1418918919,0.1544186047,63,166
450,3650,412.3105626,0.4534078151,1.224586288,1,423,8,1010,423,0.146572104,0.1534653465,62,155
450,3750,447.2135955,0.4536144172,1.192825112,1,446,10,893,446,0.1434977578,0.1590145577,64,142
450,3850,500,0.454875771,1.211165049,1,412,5,796,412,0.1480582524,0.1507537688,61,120
450,3950,565.6854249,0.4523577185,1.204488778,1,401,9,691,401,0.1471321696,0.1389290883,59,96
550,50,538.5164807,0.3708063508,1.128266033,1,421,6,747,421,0.1330166271,0.1526104418,56,114
550,150,500,0.3590917841,1.062645012,1,431,6,854,431,0.1276102088,0.1522248244,55,130
550,250,424.2640687,0.3451382063,1.022277228,1,404,14,968,404,0.1212871287,0.1497933884,49,145
550,350,412.3105626,0.3638170751,1,1,422,8,1078,422,0.1184834123,0.1437847866,50,155
550,450,412.3105626,0.4294880626,0.9660633484,1,442,5,1185,442,0.1176470588,0.1476793249,52,175
550,550,412.3105626,0.4120809793,1.048888889,1,450,9,1272,450,0.1266666667,0.1462264151,57,186
550,650,412.3105626,0.4318087121,1.090909091,1,440,12,1367,440,0.1318181818,0.1492318947,58,204
550,750,412.3105626,0.4933918179,1.3598234,1,453,6,1415,453,0.1412803532,0.1491166078,64,211
550,850,412.3105626,0.5069421409,1.360801782,1,449,8,1432,449,0.140311804,0.1452513966,63,208
550,950,412.3105626,0.5124593903,1.367391304,1,460,8,1435,460,0.1391304348,0.1442508711,64,207
550,1050,400,0.5430508004,1.324257426,1,404,4,1415,404,0.1336633663,0.1491166078,54,211
550,1150,412.3105626,0.5532453245,1.346666667,1,450,9,1408,450,0.14,0.1427556818,63,201
550,1250,412.3105626,0.5871750544,1.201754386,1,456,4,1417,456,0.1315789474,0.1432604093,60,203
550,1350,400,0.5999252137,1.17,1,400,6,1398,400,0.125,0.143776824,50,201
550,1450,412.3105626,0.5795988104,1.201357466,1,442,9,1436,442,0.1380090498,0.1427576602,61,205
550,1550,412.3105626,0.5844244051,1.228699552,1,446,6,1432,446,0.1390134529,0.1466480447,62,210
550,1650,412.3105626,0.5367865405,1.124168514,1,451,10,1438,451,0.133037694,0.1467315716,60,211
550,1750,412.3105626,0.4985311398,1.191441441,1,444,10,1435,444,0.1396396396,0.1456445993,62,209
550,1850,412.3105626,0.4637132243,1.317286652,1,457,4,1441,457,0.1466083151,0.146426093,67,211
550,1950,412.3105626,0.4291007675,1.437641723,1,441,7,1418,441,0.1678004535,0.143864598,74,204
550,2050,412.3105626,0.4585682412,1.303652968,1,438,8,1419,438,0.1529680365,0.1451726568,67,206
550,2150,412.3105626,0.4311950732,1.33409611,1,437,3,1425,437,0.1601830664,0.1452631579,70,207
550,2250,412.3105626,0.4407661973,1.265446224,1,437,7,1429,437,0.1464530892,0.1483554934,64,212
550,2350,412.3105626,0.4554829399,1.224719101,1,445,7,1422,445,0.1370786517,0.1511954993,61,215
550,2450,412.3105626,0.4758991635,1.319101124,1,445,8,1404,445,0.1505617978,0.155982906,67,219
550,2550,412.3105626,0.4898177424,1.178173719,1,449,9,1416,449,0.135857461,0.1581920904,61,224
550,2650,412.3105626,0.4947040359,1.25974026,1,462,4,1424,462,0.1406926407,0.1615168539,65,230
550,2750,412.3105626,0.4723465747,1.331848552,1,449,10,1416,449,0.1514476615,0.1617231638,68,229
550,2850,412.3105626,0.4535197307,1.413186813,1,455,2,1414,455,0.1582417582,0.1612446959,72,228
550,2950,412.3105626,0.4230664983,1.448577681,1,457,10,1405,457,0.1641137856,0.159430605,75,224
550,3050,412.3105626,0.4271068958,1.520179372,1,446,8,1432,446,0.1704035874,0.1592178771,76,228
550,3150,412.3105626,0.4567554622,1.418708241,1,449,5,1417,449,0.1559020045,0.1545518701,70,219
550,3250,412.3105626,0.4471449925,1.486666667,1,450,11,1405,450,0.1666666667,0.1572953737,75,221
550,3350,412.3105626,0.4179841897,1.482608696,1,460,10,1356,460,0.1717391304,0.1563421829,79,212
550,3450,412.3105626,0.4343594971,1.453333333,1,450,4,1271,450,0.1666666667,0.1589299764,75,202
550,3550,412.3105626,0.4255924534,1.334841629,1,442,8,1165,442,0.1561085973,0.1579399142,69,184
550,3650,412.3105626,0.4172661871,1.350119904,1,417,6,1068,417,0.1606714628,0.1610486891,67,172
550,3750,447.2135955,0.4236378031,1.300230947,1,433,5,985,433,0.1570438799,0.1685279188,68,166
550,3850,500,0.4141639957,1.318734793,1,411,10,859,411,0.1605839416,0.1606519208,66,138
550,3950,538.5164807,0.4100900735,1.260240964,1,415,4,760,415,0.1542168675,0.1513157895,64,115
650,50,509.9019514,0.359016129,1.1625,1,400,10,801,400,0.1375,0.1510611735,55,121
650,150,500,0.3667892578,1.223234624,1,439,12,906,439,0.145785877,0.1490066225,64,135
650,250,424.2640687,0.3709650278,1.207823961,1,409,9,1022,409,0.1442542787,0.1526418787,59,156
650,350,412.3105626,0.3706150252,1.149643705,1,421,9,1150,421,0.1377672209,0.1530434783,58,176
650,450,412.3105626,0.39620807,1.095022624,1,442,7,1257,442,0.1334841629,0.1503579952,59,189
650,550,412.3105626,0.4187173441,1.092134831,1,445,9,1362,445,0.1325842697,0.1512481645,59,206
650,650,412.3105626,0.41459018,1.240990991,1,444,5,1454,444,0.1441441441,0.1519944979,64,221
650,750,412.3105626,0.4722468535,1.464530892,1,437,4,1504,437,0.1624713959,0.1569148936,71,236
650,850,412.3105626,0.4742028782,1.440449438,1,445,8,1527,445,0.1528089888,0.1565160445,68,239
650,950,412.3105626,0.5074369638,1.44345898,1,451,5,1534,451,0.155210643,0.1512385919,70,232
650,1050,412.3105626,0.5397591033,1.392070485,1,454,5,1516,454,0.1431718062,0.1484168865,65,225
650,1150,412.3105626,0.5227826659,1.544468547,1,461,16,1497,461,0.1561822126,0.1456245825,72,218
650,1250,412.3105626,0.5139922374,1.563559322,1,472,11,1488,472,0.1588983051,0.1465053763,75,218
650,1350,412.3105626,0.5446609219,1.418655098,1,461,8,1479,461,0.1518438178,0.1467207573,70,217
650,1450,412.3105626,0.5567320261,1.322222222,1,450,6,1497,450,0.1466666667,0.1482965932,66,222
650,1550,412.3105626,0.5540125961,1.345211581,1,449,11,1513,449,0.1469933185,0.1473892928,66,223
650,1650,412.3105626,0.493771854,1.267123288,1,438,9,1506,438,0.1506849315,0.1520584329,66,229
650,1750,412.3105626,0.4246045353,1.37037037,1,459,7,1504,459,0.1568627451,0.1469414894,72,221
650,1850,412.3105626,0.4293839776,1.376940133,1,451,3,1527,451,0.1596452328,0.1473477407,72,225
650,1950,412.3105626,0.4408646189,1.302222222,1,450,3,1527,450,0.1511111111,0.1532416503,68,234
650,2050,412.3105626,0.43676951,1.224444444,1,450,5,1512,450,0.1422222222,0.1554232804,64,235
650,2150,412.3105626,0.4428916494,1.376068376,1,468,9,1507,468,0.1538461538,0.1519575315,72,229
650,2250,412.3105626,0.4518240223,1.29082774,1,447,7,1501,447,0.1521252796,0.1512325117,68,227
650,2350,412.3105626,0.4405340378,1.458980044,1,451,8,1504,451,0.1685144124,0.1575797872,76,237
650,2450,412.3105626,0.4421544683,1.493303571,1,448,8,1503,448,0.1674107143,0.1576846307,75,237
650,2550,412.3105626,0.5097565233,1.289823009,1,452,5,1515,452,0.1415929204,0.1623762376,64,246
650,2650,412.3105626,0.4850673755,1.219026549,1,452,6,1522,452,0.1415929204,0.1636005256,64,249
650,2750,400,0.4785926372,1.365432099,1,405,7,1512,405,0.150617284,0.164021164,61,248
650,2850,412.3105626,0.4483764306,1.418141593,1,452,3,1511,452,0.1637168142,0.1621442753,74,245
650,2950,412.3105626,0.4095623848,1.53030303,1,462,12,1517,462,0.170995671,0.1621621622,79,246
650,3050,400,0.3850457103,1.669154229,1,402,12,1517,402,0.1815920398,0.159525379,73,242
650,3150,412.3105626,0.4141941162,1.720620843,1,451,6,1517,451,0.1906873614,0.1588661833,86,241
650,3250,412.3105626,0.4262293139,1.644591611,2,453,9,1487,453,0.1832229581,0.1654337592,83,246
650,3350,400,0.3817349078,1.617073171,2,410,14,1441,410,0.1780487805,0.1665510062,73,240
650,3450,412.3105626,0.3881981923,1.485714286,1,455,10,1362,455,0.1758241758,0.1644640235,80,224
650,3550,412.3105626,0.4174055418,1.372146119,1,438,7,1251,438,0.1666666667,0.1622701839,73,203
650,3650,412.3105626,0.4114653675,1.370892019,1,426,14,1154,426,0.161971831,0.1663778163,69,192
650,3750,447.2135955,0.42070255,1.292517007,1,441,9,1033,441,0.156462585,0.1684414327,69,174
650,3850,500,0.4151109025,1.286052009,1,423,8,922,423,0.1560283688,0.1637744035,66,151
650,3950,538.5164807,0.4514819167,1.34057971,1,414,8,820,414,0.1570048309,0.1634146341,65,134
750,50,538.5164807,0.3882955477,1.245238095,1,420,6,826,420,0.15,0.1513317191,63,125
750,150,500,0.3718658148,1.350220264,1,454,8,950,454,0.1563876652,0.1547368421,71,147
750,250,424.2640687,0.3885591628,1.226600985,1,406,7,1074,406,0.145320197,0.1582867784,59,170
750,350,412.3105626,0.4110071301,1.242352941,1,425,9,1196,425,0.1482352941,0.1588628763,63,190
750,450,412.3105626,0.3696594315,1.32967033,1,455,5,1305,455,0.156043956,0.1555555556,71,203
750,550,412.3105626,0.3831121307,1.378854626,1,454,7,1427,454,0.1563876652,0.1576734408,71,225
750,650,412.3105626,0.4250360595,1.308219178,1,438,10,1501,438,0.1529680365,0.1578947368,67,237
750,750,412.3105626,0.4519288109,1.400911162,1,439,5,1550,439,0.1548974943,0.1606451613,68,249
750,850,412.3105626,0.4994350364,1.437357631,1,439,9,1571,439,0.1617312073,0.1616804583,71,254
750,950,412.3105626,0.4910716692,1.485458613,1,447,5,1579,447,0.1565995526,0.1557948068,70,246
750,1050,412.3105626,0.4993162049,1.585365854,1,451,6,1576,451,0.1640798226,0.154822335,74,244
750,1150,412.3105626,0.4855130504,1.671806167,1,454,6,1567,454,0.1718061674,0.1557115507,78,244
750,1250,412.3105626,0.457929794,1.718681319,2,455,10,1544,455,0.1802197802,0.1515544041,82,234
750,1350,412.3105626,0.4784789624,1.66367713,1,446,6,1568,446,0.1771300448,0.15625,79,245
750,1450,400,0.510766216,1.555555556,1,405,9,1548,405,0.162962963,0.1543927649,66,239
750,1550,412.3105626,0.5090325451,1.486956522,1,460,8,1554,460,0.1586956522,0.1531531532,73,238
750,1650,412.3105626,0.4651358025,1.3,1,450,9,1556,450,0.1533333333,0.1561696658,69,243
750,1750,412.3105626,0.4337660334,1.427293065,1,447,5,1570,447,0.1677852349,0.1573248408,75,247
750,1850,412.3105626,0.4174056034,1.368191721,1,459,10,1560,459,0.1568627451,0.1557692308,72,243
750,1950,400,0.3952689166,1.319201995,1,401,10,1562,401,0.1496259352,0.1594110115,60,249
750,2050,412.3105626,0.4213538839,1.265263158,1,475,7,1560,475,0.1410526316,0.1596153846,67,249
750,2150,412.3105626,0.4482593202,1.263157895,1,456,15,1553,456,0.1469298246,0.1603348358,67,249
750,2250,400,0.4222627588,1.451219512,1,410,7,1551,410,0.1634146341,0.1669890393,67,259
750,2350,412.3105626,0.4432675353,1.517241379,1,464,7,1568,464,0.1724137931,0.1645408163,80,258
750,2450,400,0.4769265233,1.395,1,400,7,1564,400,0.155,0.165601023,62,259
750,2550,400,0.4320310335,1.571072319,1,401,9,1593,401,0.1695760599,0.1650973007,68,263
750,2650,412.3105626,0.4760721248,1.381578947,1,456,8,1604,456,0.1557017544,0.1633416459,71,262
750,2750,412.3105626,0.4903621854,1.248275862,1,435,8,1598,435,0.1540229885,0.1708385482,67,273
750,2850,412.3105626,0.4226677745,1.540659341,1,455,5,1593,455,0.178021978,0.1632140615,81,260
750,2950,412.3105626,0.4172879796,1.658064516,1,465,6,1607,465,0.1784946237,0.1642812694,83,264
750,3050,412.3105626,0.4082206739,1.69047619,1,462,8,1595,462,0.1861471861,0.1692789969,86,270
750,3150,412.3105626,0.4098957165,1.723076923,2,455,6,1577,455,0.1912087912,0.170577045,87,269
750,3250,412.3105626,0.3812379029,1.751072961,2,466,12,1549,466,0.1909871245,0.1704325371,89,264
750,3350,400,0.3912661847,1.712530713,2,407,8,1505,407,0.1867321867,0.1740863787,76,262
750,3450,412.3105626,0.4041844181,1.602972399,2,471,7,1417,471,0.178343949,0.1721947777,84,244
750,3550,400,0.4113953801,1.610294118,1,408,5,1298,408,0.1789215686,0.1741140216,73,226
750,3650,412.3105626,0.4629664325,1.405152225,1,427,11,1197,427,0.1569086651,0.1670843776,67,200
750,3750,447.2135955,0.4687568985,1.412803532,1,453,8,1089,453,0.1567328918,0.1698806244,71,185
750,3850,500,0.4767249104,1.435185185,1,432,10,963,432,0.1597222222,0.1713395639,69,165
750,3950,538.5164807,0.4408791953,1.393364929,1,422,6,843,422,0.163507109,0.1696322657,69,143
850,50,538.5164807,0.3769341703,1.330166271,1,421,10,842,421,0.1591448931,0.1543942993,67,130
850,150,500,0.3819579519,1.464530892,1,437,5,963,437,0.1670480549,0.1557632399,73,150
850,250,424.2640687,0.3697062549,1.456097561,1,410,10,1095,410,0.1707317073,0.1552511416,70,170
850,350,412.3105626,0.3815561398,1.511682243,1,428,4,1224,428,0.1752336449,0.1568627451,75,192
850,450,412.3105626,0.3644867699,1.50212766,1,470,10,1316,470,0.1680851064,0.1626139818,79,214
850,550,412.3105626,0.4097787675,1.496703297,1,455,3,1430,455,0.1626373626,0.1636363636,74,234
850,650,412.3105626,0.3852298244,1.5,1,444,4,1508,444,0.1734234234,0.1651193634,77,249
850,750,412.3105626,0.4059803663,1.460648148,1,432,5,1559,432,0.1736111111,0.1667735728,75,260
850,850,412.3105626,0.4527907386,1.594235033,1,451,12,1579,451,0.1729490022,0.1640278657,78,259
850,950,412.3105626,0.4994039777,1.585812357,1,437,16,1583,437,0.171624714,0.1617182565,75,256
850,1050,412.3105626,0.4638135913,1.722595078,1,447,7,1590,447,0.1856823266,0.1685534591,83,268
850,1150,412.3105626,0.4775481484,1.650900901,1,444,10,1569,444,0.1801801802,0.17208413,80,270
850,1250,412.3105626,0.4318209864,1.777041943,2,453,9,1555,453,0.1920529801,0.168488746,87,262
850,1350,400,0.4548571468,1.788557214,2,402,5,1570,402,0.1865671642,0.1687898089,75,265
850,1450,400,0.4604175013,1.712871287,1,404,9,1567,404,0.1782178218,0.1608168475,72,252
850,1550,400,0.4476178598,1.514354067,1,418,8,1589,418,0.1650717703,0.1611076149,69,256
850,1650,412.3105626,0.4345193083,1.474137931,1,464,11,1581,464,0.1681034483,0.1606578115,78,254
850,1750,412.3105626,0.4400279906,1.396436526,1,449,7,1573,449,0.1625835189,0.1633820725,73,257
850,1850,400,0.4216919999,1.398533007,1,409,13,1576,409,0.1564792176,0.1656091371,64,261
850,1950,400,0.375635678,1.373464373,1,407,8,1567,407,0.1547911548,0.1716656031,63,269
850,2050,400,0.4139305919,1.380835381,1,407,7,1572,407,0.1547911548,0.1711195929,63,269
850,2150,400,0.4175342798,1.470731707,1,410,5,1568,410,0.1634146341,0.1721938776,67,270
850,2250,400,0.4484013162,1.416464891,1,413,8,1562,413,0.1573849879,0.166453265,65,260
850,2350,400,0.4328209997,1.496350365,1,411,7,1570,411,0.1703163017,0.1687898089,70,265
850,2450,400,0.4309498205,1.592771084,1,415,13,1610,415,0.1759036145,0.1739130435,73,280
850,2550,412.3105626,0.4330747532,1.541304348,1,460,10,1618,460,0.1760869565,0.1786155748,81,289
850,2650,412.3105626,0.4632328331,1.462389381,1,452,7,1634,452,0.1681415929,0.170746634,76,279
850,2750,412.3105626,0.4320777344,1.534521158,1,449,13,1641,449,0.1781737194,0.1779402803,80,292
850,2850,412.3105626,0.4145733652,1.640350877,2,456,6,1625,456,0.1842105263,0.1796923077,84,292
850,2950,412.3105626,0.4007215995,1.719912473,2,457,3,1619,457,0.1925601751,0.1735639284,88,281
850,3050,400,0.3947164738,1.769607843,2,408,8,1611,408,0.1887254902,0.1762880199,77,284
850,3150,400,0.3800928998,1.739659367,2,411,5,1601,411,0.1849148418,0.1773891318,76,284
850,3250,400,0.397940817,1.662531017,2,403,9,1583,403,0.1811414392,0.176879343,73,280
850,3350,400,0.3914309259,1.842615012,2,413,5,1513,413,0.1937046005,0.181097158,80,274
850,3450,400,0.4050687015,1.786729858,2,422,11,1406,422,0.1872037915,0.1813655761,79,255
850,3550,400,0.4277400995,1.568965517,1,406,7,1313,406,0.1724137931,0.1805026657,70,237
850,3650,412.3105626,0.4328523937,1.537414966,1,441,7,1208,441,0.1723356009,0.1796357616,76,217
850,3750,424.2640687,0.4599876033,1.5125,1,400,5,1082,400,0.17,0.1802218115,68,195
850,3850,500,0.4507547865,1.571759259,1,432,6,963,432,0.1782407407,0.1765316719,77,170
850,3950,538.5164807,0.424476423,1.68372093,1,430,6,853,430,0.188372093,0.1793669402,81,153
950,50,509.9019514,0.4076166667,1.5,1,400,6,847,400,0.1725,0.160566706,69,136
950,150,500,0.3925918325,1.489841986,1,443,4,973,443,0.1693002257,0.1562178828,75,152
950,250,424.2640687,0.3984813813,1.514492754,1,414,8,1096,414,0.1690821256,0.1569343066,70,172
950,350,400,0.3798606723,1.598014888,1,403,8,1213,403,0.1786600496,0.1665292663,72,202
950,450,412.3105626,0.3977124355,1.484513274,1,452,10,1327,452,0.1703539823,0.1725697061,77,229
950,550,412.3105626,0.3755402387,1.698689956,1,458,5,1446,458,0.1877729258,0.1749654219,86,253
950,650,412.3105626,0.3754040627,1.72688172,1,465,6,1514,465,0.1870967742,0.1756935271,87,266
950,750,412.3105626,0.372748227,1.671111111,1,450,5,1563,450,0.1888888889,0.1746641075,85,273
950,850,412.3105626,0.4253615447,1.643015521,1,451,5,1585,451,0.1796008869,0.1722397476,81,273
950,950,412.3105626,0.4289664584,1.852941176,2,442,8,1585,442,0.2036199095,0.1753943218,90,278
950,1050,412.3105626,0.4501179874,1.735632184,2,435,8,1588,435,0.1954022989,0.1763224181,85,280
950,1150,412.3105626,0.4365402199,1.746606335,1,442,6,1585,442,0.1968325792,0.1791798107,87,284
950,1250,412.3105626,0.4721077432,1.647450111,1,451,14,1566,451,0.1818181818,0.1794380587,82,281
950,1350,412.3105626,0.453692484,1.694623656,1,465,8,1574,465,0.1827956989,0.1797966963,85,283
950,1450,400,0.4052526132,1.435,1,400,8,1585,400,0.16,0.1791798107,64,284
950,1550,400,0.4246692821,1.525547445,1,411,9,1588,411,0.1654501217,0.1744332494,68,277
950,1650,400,0.4183048375,1.468292683,1,410,7,1561,410,0.1634146341,0.1723254324,67,269
950,1750,400,0.4060265137,1.442822384,1,411,13,1559,411,0.1654501217,0.1751122514,68,273
950,1850,412.3105626,0.385503296,1.458598726,1,471,5,1594,471,0.1656050955,0.1744040151,78,278
950,1950,400,0.3477352492,1.47654321,1,405,14,1571,405,0.1679012346,0.1763208148,68,277
950,2050,400,0.3857077475,1.460199005,1,402,7,1591,402,0.1641791045,0.179132621,66,285
950,2150,400,0.4342490587,1.422535211,1,426,8,1586,426,0.1525821596,0.1796973518,65,285
950,2250,400,0.4200184715,1.431924883,1,426,9,1585,426,0.1596244131,0.1760252366,68,279
950,2350,400,0.4274883015,1.429577465,1,426,11,1581,426,0.161971831,0.1701454775,69,269
950,2450,400,0.4352480566,1.534939759,1,415,6,1612,415,0.1759036145,0.1767990074,73,285
950,2550,400,0.4311248013,1.5725,1,400,7,1623,400,0.185,0.1842267406,74,299
950,2650,412.3105626,0.4264743036,1.519101124,1,445,10,1635,445,0.1820224719,0.1828746177,81,299
950,2750,400,0.4066917591,1.5775,2,400,7,1649,400,0.18,0.1873862947,72,309
950,2850,412.3105626,0.4249664546,1.644880174,2,459,9,1643,459,0.1851851852,0.1923311016,85,316
950,2950,400,0.3553888131,1.823383085,2,402,6,1643,402,0.2039800995,0.1898965307,82,312
950,3050,400,0.3634011235,1.911270983,2,417,6,1629,417,0.2014388489,0.1884591774,84,307
950,3150,400,0.4138546252,1.631188119,2,404,12,1611,404,0.1732673267,0.1880819367,70,303
950,3250,400,0.4084179853,1.839328537,2,417,11,1585,417,0.1894484412,0.1873817035,79,297
950,3350,400,0.3860303313,1.929742389,2,427,9,1513,427,0.2014051522,0.191011236,86,289
950,3450,400,0.3965813923,1.849282297,2,418,8,1416,418,0.1937799043,0.1927966102,81,273
950,3550,400,0.4015827083,1.687651332,2,413,6,1303,413,0.181598063,0.1872601688,75,244
950,3650,412.3105626,0.4123494687,1.75,2,440,7,1216,440,0.1931818182,0.1875,85,228
950,3750,424.2640687,0.4146092235,1.772616137,2,409,7,1084,409,0.1980440098,0.1854243542,81,201
950,3850,500,0.4213369071,1.715277778,2,432,9,976,432,0.1944444444,0.193647541,84,189
950,3950,538.5164807,0.4381632726,1.63373494,1,415,5,855,415,0.1855421687,0.1847953216,77,158
1050,50,509.9019514,0.4032938333,1.571782178,1,404,9,868,404,0.1782178218,0.16359447,72,142
1050,150,500,0.3733669881,1.604072398,1,442,7,990,442,0.1832579186,0.1707070707,81,169
1050,250,412.3105626,0.3596214511,1.581047382,1,401,11,1130,401,0.1795511222,0.1778761062,72,201
1050,350,412.3105626,0.3972764005,1.478672986,1,422,9,1224,422,0.1706161137,0.1772875817,72,217
1050,450,412.3105626,0.3867046011,1.585903084,1,454,9,1310,454,0.1828193833,0.1786259542,83,234
1050,550,400,0.3654325513,1.705,1,400,11,1436,400,0.1925,0.180362117,77,259
1050,650,400,0.3587792108,1.863414634,2,410,8,1510,410,0.1975609756,0.1841059603,81,278
1050,750,400,0.3877057016,1.794554455,2,404,5,1563,404,0.1905940594,0.1836212412,77,287
1050,850,412.3105626,0.378127265,1.887665198,2,454,9,1562,454,0.2114537445,0.1792573624,96,280
1050,950,412.3105626,0.3857952981,1.851015801,2,443,7,1562,443,0.2121896163,0.1818181818,94,284
1050,1050,412.3105626,0.3960736602,1.921052632,2,456,8,1579,456,0.2105263158,0.1855604813,96,293
1050,1150,412.3105626,0.4465196494,1.746666667,1,450,6,1588,450,0.1933333333,0.1889168766,87,300
1050,1250,412.3105626,0.4513343064,1.686230248,1,443,13,1587,443,0.1896162528,0.1858853182,84,295
1050,1350,412.3105626,0.429636867,1.395505618,1,445,9,1576,445,0.1685393258,0.1846446701,75,291
1050,1450,412.3105626,0.4180815064,1.507726269,1,453,13,1581,453,0.174392936,0.1910183428,79,302
1050,1550,412.3105626,0.3994329214,1.553610503,1,457,8,1560,457,0.1750547046,0.1884615385,80,294
1050,1650,400,0.4125937178,1.471882641,1,409,7,1576,409,0.1613691932,0.1878172589,66,296
1050,1750,400,0.3897401604,1.482100239,1,419,10,1570,419,0.1646778043,0.1815286624,69,285
1050,1850,400,0.3620967261,1.403422983,1,409,8,1577,409,0.1589242054,0.1807228916,65,285
1050,1950,400,0.3656984283,1.490291262,1,412,6,1594,412,0.1650485437,0.1819322459,68,290
1050,2050,400,0.3718090788,1.635514019,1,428,12,1590,428,0.1775700935,0.1823899371,76,290
1050,2150,400,0.4110557019,1.520286396,1,419,12,1612,419,0.1718377088,0.1774193548,72,286
1050,2250,400,0.4035825563,1.486997636,1,423,12,1584,423,0.1678486998,0.1767676768,71,280
1050,2350,400,0.4170466853,1.561320755,1,424,7,1600,424,0.1745283019,0.18,74,288
1050,2450,400,0.388150654,1.518159806,1,413,11,1595,413,0.1767554479,0.187460815,73,299
1050,2550,400,0.4048985289,1.564903846,1,416,7,1616,416,0.1778846154,0.1881188119,74,304
1050,2650,412.3105626,0.4026106035,1.565310493,2,467,5,1618,467,0.1777301927,0.1934487021,83,313
1050,2750,412.3105626,0.4123440417,1.673076923,2,468,12,1629,468,0.1858974359,0.1921424187,87,313
1050,2850,400,0.3691774471,1.92364532,2,406,5,1650,406,0.2044334975,0.2018181818,83,333
1050,2950,412.3105626,0.3484032392,1.878661088,2,478,7,1645,478,0.2029288703,0.1945288754,97,320
1050,3050,400,0.3684671879,1.828358209,2,402,7,1627,402,0.1940298507,0.1997541487,78,325
1050,3150,400,0.3624316399,1.904176904,2,407,14,1605,407,0.2014742015,0.1981308411,82,318
1050,3250,400,0.3897118663,2.061904762,2,420,7,1585,420,0.2119047619,0.1987381703,89,315
1050,3350,400,0.4038794932,1.843971631,2,423,10,1510,423,0.1938534279,0.1960264901,82,296
1050,3450,400,0.3671469911,1.985472155,2,413,6,1404,413,0.210653753,0.193019943,87,271
1050,3550,400,0.4126999484,1.862745098,2,408,7,1317,408,0.1985294118,0.1958997722,81,258
1050,3650,412.3105626,0.4001914419,1.750572082,2,437,12,1212,437,0.1899313501,0.2004950495,83,243
1050,3750,424.2640687,0.4061522811,1.725728155,2,412,8,1098,412,0.1893203883,0.1976320583,78,217
1050,3850,500,0.422852091,1.672018349,2,436,8,981,436,0.1857798165,0.1997961264,81,196
1050,3950,538.5164807,0.419589722,1.666666667,1,414,9,859,414,0.190821256,0.1897555297,79,163
1150,50,509.9019514,0.3900186107,1.582338902,1,419,9,869,419,0.1742243437,0.1841196778,73,160
1150,150,500,0.3924090827,1.551569507,1,446,10,985,446,0.1771300448,0.1827411168,79,180
1150,250,412.3105626,0.3756965425,1.634567901,1,405,10,1126,405,0.1827160494,0.1811722913,74,204
1150,350,412.3105626,0.390088538,1.586288416,1,423,7,1223,423,0.1843971631,0.1872444808,78,229
1150,450,412.3105626,0.3882227477,1.562637363,1,455,8,1317,455,0.178021978,0.1913439636,81,252
1150,550,400,0.3662927859,1.604422604,1,407,11,1423,407,0.1769041769,0.1939564301,72,276
1150,650,400,0.3919775915,1.6875,1,416,14,1496,416,0.1850961538,0.192513369,77,288
1150,750,412.3105626,0.3888504723,1.946236559,2,465,7,1544,465,0.2129032258,0.1917098446,99,296
1150,850,412.3105626,0.358694242,2.122004357,2,459,8,1561,459,0.2309368192,0.1934657271,106,302
1150,950,412.3105626,0.3732502069,2.004246285,2,471,11,1578,471,0.2186836518,0.1894803549,103,299
1150,1050,412.3105626,0.3826102486,1.874449339,2,454,6,1585,454,0.2158590308,0.1886435331,98,299
1150,1150,412.3105626,0.4116773,1.812080537,2,447,8,1583,447,0.2058165548,0.1926721415,92,305
1150,1250,412.3105626,0.4077475572,1.613995485,1,443,6,1559,443,0.1896162528,0.1930724824,84,301
1150,1350,412.3105626,0.4169201669,1.560810811,1,444,4,1554,444,0.1824324324,0.1924066924,81,299
1150,1450,412.3105626,0.4173620048,1.479638009,1,442,7,1566,442,0.1787330317,0.1947637292,79,305
1150,1550,412.3105626,0.4032286295,1.58,2,450,6,1573,450,0.1822222222,0.1926255563,82,303
1150,1650,412.3105626,0.3720355294,1.665236052,2,466,5,1586,466,0.1845493562,0.1929382093,86,306
1150,1750,412.3105626,0.3972463371,1.51827957,1,465,11,1590,465,0.1698924731,0.1918238994,79,305
1150,1850,400,0.3891966285,1.447761194,1,402,7,1602,402,0.1666666667,0.1891385768,67,303
1150,1950,412.3105626,0.3705843513,1.478540773,1,466,10,1597,466,0.1738197425,0.1834690044,81,293
1150,2050,400,0.343852841,1.602469136,1,405,15,1585,405,0.1901234568,0.1823343849,77,289
1150,2150,400,0.3645166808,1.695863747,2,411,6,1627,411,0.1922141119,0.1856177013,79,302
1150,2250,400,0.4284980011,1.650485437,1,412,9,1605,412,0.1917475728,0.1869158879,79,300
1150,2350,400,0.3851001552,1.642180095,2,422,10,1588,422,0.1848341232,0.1889168766,78,300
1150,2450,400,0.3750948695,1.694444444,2,432,11,1611,432,0.1898148148,0.1930477964,82,311
1150,2550,400,0.3801952335,1.65060241,2,415,13,1614,415,0.1855421687,0.2038413879,77,329
1150,2650,400,0.3648763514,1.68321513,2,423,7,1623,423,0.1843971631,0.2002464572,78,325
1150,2750,400,0.3691335454,1.838164251,2,414,6,1667,414,0.1956521739,0.2051589682,81,342
1150,2850,400,0.3678913861,1.750605327,2,413,10,1656,413,0.1840193705,0.2035024155,76,337
1150,2950,400,0.3630116453,1.779661017,2,413,7,1630,413,0.1840193705,0.2006134969,76,327
1150,3050,400,0.3686058516,1.90736342,2,421,12,1625,421,0.1947743468,0.2067692308,82,336
1150,3150,400,0.3725576226,2.063882064,2,407,7,1619,407,0.2162162162,0.2025941939,88,328
1150,3250,400,0.3673377835,2.090277778,2,432,9,1598,432,0.2106481481,0.1996245307,91,319
1150,3350,400,0.3814803997,2.047505938,2,421,12,1538,421,0.2114014252,0.2087126138,89,321
1150,3450,400,0.3829893831,2.043165468,2,417,9,1439,417,0.2134292566,0.2029186935,89,292
1150,3550,412.3105626,0.3827097082,1.949260042,2,473,15,1327,473,0.2071881607,0.2049736247,98,272
1150,3650,412.3105626,0.3884981443,1.799539171,2,434,9,1239,434,0.2004608295,0.2050040355,87,254
1150,3750,424.2640687,0.4058175935,1.733333333,2,405,3,1115,405,0.1901234568,0.2062780269,77,230
1150,3850,500,0.4206978019,1.672897196,1,428,7,998,428,0.1892523364,0.2014028056,81,201
1150,3950,538.5164807,0.4303398058,1.601941748,1,412,12,851,412,0.1844660194,0.2009400705,76,171
1250,50,509.9019514,0.4031300859,1.67961165,1,412,3,868,412,0.182038835,0.1866359447,75,162
1250,150,500,0.3948253517,1.562222222,1,450,11,979,450,0.1755555556,0.1899897855,79,186
1250,250,412.3105626,0.4185685155,1.5325,1,400,4,1094,400,0.17,0.1873857404,68,205
1250,350,412.3105626,0.3705511811,1.693333333,1,450,11,1212,450,0.1888888889,0.1922442244,85,233
1250,450,400,0.3919587296,1.637254902,1,408,15,1298,408,0.181372549,0.1972265023,74,256
1250,550,400,0.3962944922,1.709756098,1,410,14,1424,410,0.187804878,0.2008426966,77,286
1250,650,400,0.4253632583,1.779411765,1,408,5,1498,408,0.193627451,0.2049399199,79,307
1250,750,400,0.3719627546,1.995049505,2,404,9,1534,404,0.2227722772,0.2014341591,90,309
1250,850,400,0.3708732661,1.9825,2,400,8,1554,400,0.22,0.2001287001,88,311
1250,950,412.3105626,0.3679597691,2.054704595,2,457,9,1564,457,0.2319474836,0.1982097187,106,310
1250,1050,412.3105626,0.3866831195,2.100217865,2,459,5,1581,459,0.2309368192,0.1986084756,106,314
1250,1150,412.3105626,0.3952305773,1.905286344,2,454,5,1566,454,0.2202643172,0.1985951469,100,311
1250,1250,412.3105626,0.4029231664,1.747767857,2,448,4,1582,448,0.203125,0.1978508217,91,313
1250,1350,412.3105626,0.3854370556,1.771111111,2,450,6,1579,450,0.2044444444,0.1956934769,92,309
1250,1450,412.3105626,0.3869000106,1.781038375,2,443,9,1570,443,0.2031602709,0.1955414013,90,307
1250,1550,412.3105626,0.3462537599,1.72826087,2,460,12,1585,460,0.2,0.2012618297,92,319
1250,1650,412.3105626,0.3911925491,1.469933185,1,449,8,1591,449,0.1692650334,0.1998742929,76,318
1250,1750,412.3105626,0.351905736,1.553418803,1,468,6,1594,468,0.1730769231,0.1988707654,81,317
1250,1850,400,0.3699668512,1.635910224,1,401,4,1607,401,0.1845386534,0.1960174238,74,315
1250,1950,412.3105626,0.3539338115,1.599118943,1,454,6,1619,454,0.1872246696,0.1896232242,85,307
1250,2050,412.3105626,0.3651936384,1.650900901,2,444,5,1613,444,0.2027027027,0.1934283943,90,312
1250,2150,400,0.3580665025,1.812807882,2,406,8,1630,406,0.2118226601,0.1950920245,86,318
1250,2250,400,0.3787214243,1.86453202,2,406,8,1616,406,0.2167487685,0.1949257426,88,315
1250,2350,400,0.376469123,1.82396088,2,409,10,1618,409,0.2078239609,0.2008652658,85,325
1250,2450,400,0.3585137713,1.814117647,2,425,6,1630,425,0.2023529412,0.2030674847,86,331
1250,2550,400,0.3414544211,1.879432624,2,423,10,1611,423,0.2033096927,0.208566108,86,336
1250,2650,400,0.3766951247,1.789731051,2,409,6,1644,409,0.1980440098,0.2128953771,81,350
1250,2750,400,0.3603224941,1.846867749,2,431,9,1654,431,0.1879350348,0.2116082225,81,350
1250,2850,400,0.3639081002,2,2,427,7,1641,427,0.2014051522,0.2078001219,86,341
1250,2950,400,0.3753017694,1.875912409,2,411,11,1638,411,0.1946472019,0.2087912088,80,342
1250,3050,400,0.3488500087,1.947743468,2,421,9,1643,421,0.2019002375,0.2111990262,85,347
1250,3150,400,0.3365790303,2.195294118,2,425,13,1608,425,0.2282352941,0.2114427861,97,340
1250,3250,360.5551275,0.3394186688,2.175742574,2,404,9,1604,404,0.2178217822,0.2119700748,88,340
1250,3350,400,0.3781132035,2.051522248,2,427,5,1549,427,0.2131147541,0.2136862492,91,331
1250,3450,400,0.3929635102,2.009708738,2,412,9,1457,412,0.2111650485,0.2086479067,87,304
1250,3550,400,0.3745127456,1.930348259,2,402,8,1351,402,0.2114427861,0.2116950407,85,286
1250,3650,412.3105626,0.3862480052,1.773892774,2,429,9,1249,429,0.1981351981,0.2121697358,85,265
1250,3750,447.2135955,0.3891959865,1.766439909,2,441,6,1144,441,0.1995464853,0.2132867133,88,244
1250,3850,500,0.4045325779,1.680952381,1,420,11,1004,420,0.1928571429,0.2091633466,81,210
1250,3950,538.5164807,0.4268786903,1.739130435,1,414,4,869,414,0.1980676329,0.2071346375,82,180
1350,50,509.9019514,0.4211195063,1.808716707,2,413,8,860,413,0.1937046005,0.1930232558,80,166
1350,150,447.2135955,0.416624154,1.792592593,2,405,3,985,405,0.1901234568,0.2,77,197
1350,250,412.3105626,0.4109169294,1.711111111,2,405,4,1091,405,0.187654321,0.1989000917,76,217
1350,350,400,0.4162960136,1.714634146,1,410,11,1214,410,0.1829268293,0.2059308072,75,250
1350,450,400,0.3770686963,1.742857143,2,420,8,1305,420,0.1857142857,0.2061302682,78,269
1350,550,400,0.4342302236,1.785024155,1,414,7,1391,414,0.190821256,0.2056074766,79,286
1350,650,360.5551275,0.4193377375,1.820895522,1,402,8,1488,402,0.1890547264,0.2056451613,76,306
1350,750,400,0.4024752959,1.914004914,2,407,12,1532,407,0.2088452088,0.2062663185,85,316
1350,850,400,0.4028823961,1.942643392,2,401,12,1577,401,0.2194513716,0.2086239696,88,329
1350,950,412.3105626,0.4059256356,1.888888889,2,441,10,1579,441,0.2199546485,0.2070930969,97,327
1350,1050,412.3105626,0.3987367785,1.974828375,2,437,3,1591,437,0.2311212815,0.2023884349,101,322
1350,1150,412.3105626,0.3796583833,2.094922737,2,453,5,1588,453,0.238410596,0.2078085642,108,330
1350,1250,412.3105626,0.3479310952,2.056768559,2,458,12,1579,458,0.2358078603,0.2032932236,108,321
1350,1350,412.3105626,0.3480687322,1.99339207,2,454,2,1599,454,0.2246696035,0.2020012508,102,323
1350,1450,412.3105626,0.3315976837,1.991304348,2,460,4,1597,460,0.2217391304,0.2028804008,102,324
1350,1550,412.3105626,0.3637878788,1.76,2,450,6,1592,450,0.2022222222,0.2060301508,91,328
1350,1650,412.3105626,0.3744213646,1.547297297,2,444,11,1588,444,0.1801801802,0.2027707809,80,322
1350,1750,412.3105626,0.3655971943,1.55505618,1,445,7,1598,445,0.1797752809,0.2058823529,80,329
1350,1850,412.3105626,0.3414126611,1.549889135,1,451,12,1608,451,0.177383592,0.2039800995,80,328
1350,1950,412.3105626,0.3612090124,1.721132898,2,459,7,1618,459,0.1982570806,0.2027194067,91,328
1350,2050,412.3105626,0.3477279458,1.763557484,2,461,5,1639,461,0.2060737527,0.2025625381,95,332
1350,2150,412.3105626,0.368817827,1.793859649,2,456,14,1632,456,0.2127192982,0.2046568627,97,334
1350,2250,400,0.3384761217,1.901913876,2,418,7,1643,418,0.2105263158,0.2051125989,88,337
1350,2350,400,0.3659547558,1.836930456,2,417,7,1651,417,0.206235012,0.2059357965,86,340
1350,2450,400,0.3938893672,1.82382134,2,403,7,1652,403,0.2034739454,0.2118644068,82,350
1350,2550,400,0.3163885655,2.030732861,2,423,3,1634,423,0.219858156,0.2154222766,93,352
1350,2650,400,0.3168145367,2.09512761,2,431,10,1652,431,0.2180974478,0.2167070218,94,358
1350,2750,400,0.3551199173,1.961165049,2,412,9,1642,412,0.2111650485,0.2131546894,87,350
1350,2850,400,0.344183009,1.9031477,2,413,4,1636,413,0.196125908,0.2139364303,81,350
1350,2950,400,0.3834145759,2.193317422,2,419,7,1673,419,0.2267303103,0.2145845786,95,359
1350,3050,400,0.3665142657,2.269047619,2,420,13,1629,420,0.2333333333,0.2203806016,98,359
1350,3150,400,0.3686384212,2.103773585,2,424,4,1620,424,0.2169811321,0.2234567901,92,362
1350,3250,400,0.3666369222,2.275362319,2,414,7,1621,414,0.2342995169,0.2202344232,97,357
1350,3350,400,0.3696318875,2.281755196,2,433,10,1552,433,0.2309468822,0.2171391753,100,337
1350,3450,400,0.3690895161,2.037406484,2,401,11,1466,401,0.2219451372,0.2162346521,89,317
1350,3550,412.3105626,0.380862348,1.857461024,2,449,7,1363,449,0.2093541203,0.2171680117,94,296
1350,3650,412.3105626,0.4092105344,1.847980998,2,421,4,1258,421,0.2066508314,0.2138314785,87,269
1350,3750,447.2135955,0.385313375,1.910313901,2,446,12,1150,446,0.2130044843,0.2147826087,95,247
1350,3850,500,0.3956465352,1.834883721,2,430,9,1020,430,0.2046511628,0.2215686275,88,226
1350,3950,538.5164807,0.4075821827,1.822695035,2,423,7,874,423,0.2009456265,0.2128146453,85,186
1450,50,509.9019514,0.4214588001,1.893203883,2,412,9,856,412,0.2014563107,0.214953271,83,184
1450,150,447.2135955,0.4017500957,1.944309927,2,413,6,972,413,0.2033898305,0.2160493827,84,210
1450,250,412.3105626,0.4079448089,1.924170616,2,422,5,1093,422,0.2014218009,0.2113449222,85,231
1450,350,400,0.4197453372,1.7425,2,400,11,1210,400,0.19,0.2132231405,76,258
1450,450,400,0.4266381142,1.879012346,2,405,6,1313,405,0.2049382716,0.220106626,83,289
1450,550,400,0.4111047113,1.966346154,2,416,7,1417,416,0.2091346154,0.2152434721,87,305
1450,650,400,0.3996330405,1.90070922,2,423,7,1506,423,0.2009456265,0.2158034529,85,325
1450,750,400,0.3884583925,1.972906404,2,406,9,1578,406,0.2118226601,0.2135614702,86,337
1450,850,412.3105626,0.4038870174,1.872246696,2,454,9,1592,454,0.2136563877,0.209798995,97,334
1450,950,412.3105626,0.4046604908,1.943052392,2,439,5,1601,439,0.2300683371,0.2117426608,101,339
1450,1050,412.3105626,0.4097308752,1.923076923,2,429,14,1586,429,0.2284382284,0.210592686,98,334
1450,1150,412.3105626,0.3842008212,2.053932584,2,445,6,1601,445,0.2337078652,0.2142410993,104,343
1450,1250,412.3105626,0.3639110402,2.171052632,2,456,7,1574,456,0.2412280702,0.2109275731,110,332
1450,1350,412.3105626,0.3498192535,2.008602151,2,465,4,1572,465,0.2258064516,0.2118320611,105,333
1450,1450,400,0.3281037098,1.935162095,2,401,7,1571,401,0.2144638404,0.2132399745,86,335
1450,1550,412.3105626,0.3613987461,1.790748899,2,454,11,1594,454,0.2004405286,0.2139272271,91,341
1450,1650,412.3105626,0.3752789126,1.776805252,2,457,7,1594,457,0.1991247265,0.2114178168,91,337
1450,1750,412.3105626,0.3533428165,1.693363844,2,437,5,1612,437,0.1945080092,0.2158808933,85,348
1450,1850,412.3105626,0.3523569024,1.76,2,450,4,1635,450,0.2,0.2116207951,90,346
1450,1950,412.3105626,0.3444560372,1.782417582,2,455,5,1626,455,0.2,0.2078720787,91,338
1450,2050,412.3105626,0.3537819788,1.837719298,2,456,7,1659,456,0.2105263158,0.2103676914,96,349
1450,2150,412.3105626,0.3295459334,1.85840708,2,452,3,1670,452,0.2146017699,0.2113772455,97,353
1450,2250,412.3105626,0.3353649008,1.82278481,2,474,6,1664,474,0.2067510549,0.2157451923,98,359
1450,2350,412.3105626,0.3346748512,1.961702128,2,470,10,1676,470,0.2191489362,0.2142004773,103,359
1450,2450,400,0.3334103724,1.988235294,2,425,10,1643,425,0.2141176471,0.2215459525,91,364
1450,2550,400,0.363604684,1.95157385,2,413,13,1636,413,0.215496368,0.2182151589,89,357
1450,2650,400,0.3293122419,1.943627451,2,408,10,1651,408,0.2156862745,0.2180496669,88,360
1450,2750,400,0.3049820219,2.115942029,2,414,9,1667,414,0.2270531401,0.2189562088,94,365
1450,2850,400,0.3359551747,2.256097561,2,410,14,1654,410,0.2414634146,0.2237001209,99,370
1450,2950,400,0.3646723873,2.14047619,2,420,8,1661,420,0.2261904762,0.2275737508,95,378
1450,3050,400,0.3694285374,2.195180723,2,415,10,1630,415,0.2337349398,0.2294478528,97,374
1450,3150,400,0.3570646667,2.258992806,2,417,8,1605,417,0.2374100719,0.2274143302,99,365
1450,3250,400,0.3578481273,2.02195122,2,410,9,1615,410,0.2195121951,0.2321981424,90,375
1450,3350,400,0.3751076487,2.170263789,2,417,8,1573,417,0.2230215827,0.2275905912,93,358
1450,3450,412.3105626,0.3610693913,2.336798337,2,481,10,1484,481,0.2432432432,0.2311320755,117,343
1450,3550,412.3105626,0.4026863563,1.966292135,2,445,9,1365,445,0.2202247191,0.2241758242,98,306
1450,3650,412.3105626,0.39783886,2.049411765,2,425,7,1265,425,0.2258823529,0.2260869565,96,286
1450,3750,424.2640687,0.362408791,2.046341463,2,410,3,1135,410,0.2243902439,0.2211453744,92,251
1450,3850,500,0.41222833,1.993243243,2,444,7,1005,444,0.213963964,0.223880597,95,225
1450,3950,509.9019514,0.4164442358,1.836228288,2,403,4,882,403,0.1985111663,0.2188208617,80,193
1550,50,509.9019514,0.4425886258,1.814009662,1,414,8,870,414,0.190821256,0.2218390805,79,193
1550,150,500,0.4258417095,1.844978166,2,458,9,995,458,0.1965065502,0.2291457286,90,228
1550,250,412.3105626,0.4465001718,1.800492611,2,406,7,1113,406,0.1921182266,0.2300089847,78,256
1550,350,412.3105626,0.4191485181,1.876651982,2,454,11,1233,454,0.2004405286,0.2278994323,91,281
1550,450,400,0.4283266667,1.875,2,400,4,1334,400,0.2,0.2353823088,80,314
1550,550,400,0.3955633101,2.024509804,2,408,11,1424,408,0.2132352941,0.2282303371,87,325
1550,650,400,0.4074086479,1.963325183,2,409,8,1532,409,0.2127139364,0.2304177546,87,353
1550,750,412.3105626,0.3728512054,1.989154013,2,461,2,1596,461,0.2234273319,0.2280701754,103,364
1550,850,412.3105626,0.3726008568,2.040723982,2,442,14,1618,442,0.2330316742,0.2237330037,103,362
1550,950,412.3105626,0.3900519673,1.995555556,2,450,7,1618,450,0.2288888889,0.2218788628,103,359
1550,1050,412.3105626,0.388141172,1.965831435,2,439,7,1609,439,0.2300683371,0.218147918,101,351
1550,1150,412.3105626,0.3741250314,2.020594966,2,437,9,1595,437,0.2311212815,0.2163009404,101,345
1550,1250,412.3105626,0.3868728336,2.022123894,2,452,13,1587,452,0.2300884956,0.220541903,104,350
1550,1350,412.3105626,0.346735481,1.949002217,2,451,11,1544,451,0.2261640798,0.2169689119,102,335
1550,1450,400,0.3676589567,1.867830424,2,401,7,1586,401,0.2069825436,0.2194199243,83,348
1550,1550,400,0.3613258613,1.868292683,2,410,10,1589,410,0.2,0.2202643172,82,350
1550,1650,400,0.3145133091,1.977832512,2,406,11,1595,406,0.2142857143,0.2238244514,87,357
1550,1750,412.3105626,0.3282401837,1.838565022,2,446,11,1607,446,0.2085201794,0.2258867455,93,363
1550,1850,412.3105626,0.3449575168,1.900900901,2,444,5,1629,444,0.2162162162,0.2222222222,96,362
1550,1950,412.3105626,0.314454197,1.963203463,2,462,8,1638,462,0.2186147186,0.221001221,101,362
1550,2050,412.3105626,0.3262465051,2.073275862,2,464,8,1641,464,0.2262931034,0.2181596587,105,358
1550,2150,412.3105626,0.3493767662,1.972043011,2,465,4,1664,465,0.2107526882,0.2199519231,98,366
1550,2250,412.3105626,0.3603984415,2.051569507,2,446,9,1667,446,0.2264573991,0.2213557289,101,369
1550,2350,400,0.3189624138,2.094660194,2,412,13,1659,412,0.2281553398,0.2248342375,94,373
1550,2450,400,0.3328031336,2.075829384,2,422,6,1656,422,0.2251184834,0.2240338164,95,371
1550,2550,400,0.3191337857,2.089371981,2,414,4,1649,414,0.2270531401,0.2213462705,94,365
1550,2650,400,0.2963197132,2.206896552,2,406,9,1657,406,0.2463054187,0.222088111,100,368
1550,2750,400,0.2902870837,2.147342995,2,414,14,1664,414,0.229468599,0.2271634615,95,378
1550,2850,400,0.3283584916,2.264851485,2,404,9,1665,404,0.2475247525,0.2312312312,100,385
1550,2950,400,0.3490182785,2.233173077,2,416,4,1657,416,0.2379807692,0.2341581171,99,388
1550,3050,400,0.3641131066,2.205188679,2,424,15,1642,424,0.2311320755,0.2326431181,98,382
1550,3150,400,0.3837834248,2.185542169,2,415,5,1633,415,0.2265060241,0.2345376607,94,383
1550,3250,400,0.3830633772,2.027295285,2,403,8,1618,403,0.223325062,0.2354758962,90,381
1550,3350,400,0.3648804984,2.282238443,2,411,9,1590,411,0.2408759124,0.2339622642,99,372
1550,3450,412.3105626,0.3830699845,2.316239316,2,468,7,1491,468,0.2457264957,0.2374245473,115,354
1550,3550,412.3105626,0.3670597064,2.388646288,2,458,7,1387,458,0.2598253275,0.2379235761,119,330
1550,3650,412.3105626,0.3268982742,2.373303167,2,442,9,1272,442,0.2556561086,0.2389937107,113,304
1550,3750,424.2640687,0.3656739793,2.064837905,2,401,7,1142,401,0.2294264339,0.2390542907,92,273
1550,3850,500,0.3680396746,2.215555556,2,450,7,1009,450,0.2333333333,0.2378592666,105,240
1550,3950,509.9019514,0.3832792518,2.032258065,2,403,6,870,403,0.2183622829,0.2287356322,88,199
1650,50,509.9019514,0.4419500295,1.805970149,1,402,8,878,402,0.1990049751,0.2334851936,80,205
1650,150,500,0.4187984694,1.953125,2,448,9,1018,448,0.2120535714,0.2465618861,95,251
1650,250,424.2640687,0.4420652114,1.730392157,1,408,6,1138,408,0.193627451,0.2425307557,79,276
1650,350,412.3105626,0.4364509721,1.766899767,1,429,10,1250,429,0.1981351981,0.244,85,305
1650,450,412.3105626,0.4168932978,1.875264271,2,473,9,1350,473,0.200845666,0.2392592593,95,323
1650,550,412.3105626,0.3937650695,1.941810345,2,464,8,1447,464,0.2090517241,0.2404975812,97,348
1650,650,412.3105626,0.353742057,2.148558758,2,451,8,1532,451,0.2416851441,0.2362924282,109,362
1650,750,412.3105626,0.3607387326,2.147577093,2,454,8,1592,454,0.2400881057,0.2349246231,109,374
1650,850,412.3105626,0.3366201022,2.178733032,2,442,11,1597,442,0.2488687783,0.2316844083,110,370
1650,950,412.3105626,0.3552934473,2.166666667,2,450,7,1636,450,0.2422222222,0.2304400978,109,377
1650,1050,412.3105626,0.3876425681,2.119205298,2,453,9,1598,453,0.2362030905,0.2271589487,107,363
1650,1150,412.3105626,0.3811141048,2.134529148,2,446,9,1590,446,0.2399103139,0.227672956,107,362
1650,1250,412.3105626,0.3449699826,2.133479212,2,457,6,1569,457,0.2363238512,0.2288081581,108,359
1650,1350,400,0.3527877157,1.997536946,2,406,8,1543,406,0.2192118227,0.226830849,89,350
1650,1450,400,0.3788424654,1.891089109,2,404,10,1583,404,0.202970297,0.2318382817,82,367
1650,1550,400,0.3406496706,1.914004914,2,407,11,1567,407,0.2063882064,0.2310146777,84,362
1650,1650,412.3105626,0.3172912979,1.940552017,2,471,13,1583,471,0.2101910828,0.2267845862,99,359
1650,1750,400,0.2948072061,1.9775,2,400,12,1599,400,0.2175,0.2313946216,87,370
1650,1850,412.3105626,0.336213103,2.071588367,2,447,6,1602,447,0.2348993289,0.22721598,105,364
1650,1950,412.3105626,0.3443610425,2.166292135,2,445,9,1637,445,0.2426966292,0.2241905925,108,367
1650,2050,400,0.320546595,2.0925,2,400,2,1644,400,0.2225,0.2311435523,89,380
1650,2150,400,0.320826764,2.197007481,2,401,7,1645,401,0.2369077307,0.232218845,95,382
1650,2250,412.3105626,0.3543389546,2.236897275,2,477,9,1649,477,0.2285115304,0.2346876895,109,387
1650,2350,400,0.3321442106,2.400473934,2,422,8,1661,422,0.2393364929,0.2347983143,101,390
1650,2450,400,0.3058626929,2.438118812,2,404,13,1642,404,0.2648514851,0.2271619976,107,373
1650,2550,360.5551275,0.3116158322,2.431421446,2,401,7,1657,401,0.2518703242,0.2269161135,101,376
1650,2650,400,0.3127514368,2.20952381,2,420,6,1654,420,0.230952381,0.2357920193,97,390
1650,2750,400,0.305026664,2.351807229,2,415,11,1654,415,0.2530120482,0.2339782346,105,387
1650,2850,400,0.3229241697,2.266666667,2,420,11,1669,420,0.2357142857,0.2408627921,99,402
1650,2950,400,0.3446162965,2.28125,2,416,5,1648,416,0.2427884615,0.2427184466,101,400
1650,3050,400,0.3735884898,2.275434243,2,403,5,1649,403,0.2431761787,0.2389326865,98,394
1650,3150,400,0.3514095727,2.277777778,2,414,10,1656,414,0.2415458937,0.2427536232,100,402
1650,3250,400,0.3780389139,2.388349515,2,412,7,1628,412,0.2524271845,0.2371007371,104,386
1650,3350,412.3105626,0.3876578833,2.196428571,2,448,8,1582,448,0.25,0.2420986094,112,383
1650,3450,412.3105626,0.3686361079,2.251655629,2,453,4,1503,453,0.2494481236,0.2435129741,113,366
1650,3550,400,0.3184301003,2.528117359,2,409,10,1391,409,0.2738386308,0.245147376,112,341
1650,3650,412.3105626,0.3195245757,2.303167421,2,442,10,1276,442,0.2511312217,0.2484326019,111,317
1650,3750,412.3105626,0.3325738079,2.180693069,2,404,4,1142,404,0.2351485149,0.2486865149,95,284
1650,3850,500,0.3386497171,2.159292035,2,452,6,1009,452,0.2345132743,0.2467789891,106,249
1650,3950,509.9019514,0.3474136144,2.170316302,2,411,8,892,411,0.2311435523,0.2544843049,95,227
1750,50,538.5164807,0.41632197,1.974358974,2,429,14,871,429,0.2214452214,0.2548794489,95,222
1750,150,500,0.4187757385,1.986516854,2,445,11,1013,445,0.2202247191,0.2615992103,98,265
1750,250,424.2640687,0.428922358,1.930864198,2,405,8,1124,405,0.2197530864,0.2473309609,89,278
1750,350,412.3105626,0.4331309804,1.786384977,1.5,426,11,1257,426,0.20657277,0.2490055688,88,313
1750,450,412.3105626,0.4177701954,1.808463252,2,449,9,1357,449,0.2071269488,0.2439204127,93,331
1750,550,412.3105626,0.4045915067,2.015184382,2,461,7,1451,461,0.2190889371,0.2460372157,101,357
1750,650,412.3105626,0.3778721439,2.103070175,2,456,7,1549,456,0.2302631579,0.2459651388,105,381
1750,750,412.3105626,0.3416362887,2.209713024,2,453,4,1596,453,0.2428256071,0.2412280702,110,385
1750,850,412.3105626,0.3448189615,2.163398693,2,459,4,1597,459,0.2374727669,0.2360676268,109,377
1750,950,412.3105626,0.3539942858,2.204899777,2,449,8,1604,449,0.2449888641,0.2362842893,110,379
1750,1050,412.3105626,0.3510862436,2.346491228,2,456,5,1598,456,0.2521929825,0.2352941176,115,376
1750,1150,400,0.3495534958,2.338271605,2,405,8,1575,405,0.2444444444,0.2431746032,99,383
1750,1250,400,0.3524408797,2.11002445,2,409,7,1568,409,0.2249388753,0.2442602041,92,383
1750,1350,412.3105626,0.3605955687,2.023655914,2,465,11,1526,465,0.2215053763,0.2411533421,103,368
1750,1450,400,0.3239368132,2.103365385,2,416,13,1518,416,0.2211538462,0.2371541502,92,360
1750,1550,400,0.3513645256,1.879310345,2,406,8,1543,406,0.2019704433,0.2417368762,82,373
1750,1650,400,0.3277776095,1.963414634,2,410,8,1532,410,0.2195121951,0.2395561358,90,367
1750,1750,412.3105626,0.3149512937,2.11663067,2,463,5,1592,463,0.2332613391,0.239321608,108,381
1750,1850,412.3105626,0.3285086405,2.265957447,2,470,11,1575,470,0.2404255319,0.2349206349,113,370
1750,1950,412.3105626,0.3532126021,2.19650655,2,458,7,1605,458,0.2379912664,0.231152648,109,371
1750,2050,412.3105626,0.3578881912,2.162337662,2,462,11,1628,462,0.2337662338,0.2371007371,108,386
1750,2150,400,0.3349009087,2.407960199,2,402,10,1659,402,0.2487562189,0.2380952381,100,395
1750,2250,400,0.3067608869,2.575242718,2,412,11,1645,412,0.2669902913,0.2401215805,110,395
1750,2350,400,0.3163056977,2.456730769,2,416,8,1629,416,0.25,0.2363413137,104,385
1750,2450,360.5551275,0.3028884649,2.638820639,3,407,7,1621,407,0.257985258,0.2350400987,105,381
1750,2550,360.5551275,0.3063103069,2.559610706,2,411,3,1625,411,0.2554744526,0.2436923077,105,396
1750,2650,360.5551275,0.2817776439,2.436408978,2,401,10,1631,401,0.2518703242,0.2415695892,101,394
1750,2750,400,0.3174659207,2.22673031,2,419,6,1635,419,0.2338902148,0.2409785933,98,394
1750,2850,412.3105626,0.3534752918,2.054112554,2,462,7,1653,462,0.2229437229,0.2468239564,103,408
1750,2950,400,0.3400731879,2.155172414,2,406,5,1647,406,0.2339901478,0.2471159684,95,407
1750,3050,400,0.3309134516,2.446555819,2,421,5,1678,421,0.2565320665,0.2520858164,108,423
1750,3150,412.3105626,0.3496713696,2.486257928,2,473,7,1644,473,0.266384778,0.2506082725,126,412
1750,3250,412.3105626,0.3527028224,2.517241379,2,464,6,1621,464,0.275862069,0.2455274522,128,398
1750,3350,412.3105626,0.3445218133,2.440860215,2,465,10,1567,465,0.2688172043,0.2501595405,125,392
1750,3450,412.3105626,0.3449949136,2.432258065,2,465,6,1494,465,0.2688172043,0.2563587684,125,383
1750,3550,400,0.3485627673,2.24137931,2,406,9,1373,406,0.2438423645,0.2549162418,99,350
1750,3650,400,0.3270783569,2.315920398,2,402,6,1261,402,0.2462686567,0.2545598731,99,321
1750,3750,412.3105626,0.3209087051,2.330935252,2,417,7,1138,417,0.242206235,0.255711775,101,291
1750,3850,447.2135955,0.3313962036,2.241895262,2,401,9,1022,401,0.2369077307,0.2544031311,95,260
1750,3950,509.9019514,0.3244798868,2.209245742,2,411,10,894,411,0.2335766423,0.2583892617,96,231
1850,50,509.9019514,0.3910090844,2.234413965,2,401,5,872,401,0.2518703242,0.253440367,101,221
1850,150,500,0.4237052065,2.284753363,2,446,10,1006,446,0.2533632287,0.2574552684,113,259
1850,250,424.2640687,0.4103428206,2.004830918,2,414,11,1136,414,0.2246376812,0.2544014085,93,289
1850,350,412.3105626,0.4175220367,2.217592593,2,432,11,1259,432,0.2453703704,0.253375695,106,319
1850,450,412.3105626,0.4198527834,2.202173913,2,460,3,1362,460,0.2369565217,0.2643171806,109,360
1850,550,412.3105626,0.4332568858,2.304535637,2,463,10,1457,463,0.2462203024,0.2587508579,114,377
1850,650,412.3105626,0.4181867751,2.268398268,2,462,6,1553,462,0.2402597403,0.2530585963,111,393
1850,750,412.3105626,0.3884274413,2.396103896,2,462,8,1588,462,0.2510822511,0.2455919395,116,390
1850,850,412.3105626,0.3475037641,2.264108352,2,443,7,1587,443,0.2505643341,0.2438563327,111,387
1850,950,412.3105626,0.3378967495,2.324444444,2,450,7,1587,450,0.2533333333,0.2444864524,114,388
1850,1050,400,0.3245674916,2.383292383,2,407,8,1578,407,0.2481572482,0.2503168568,101,395
1850,1150,400,0.3344317786,2.28992629,2,407,4,1555,407,0.2407862408,0.2475884244,98,385
1850,1250,400,0.3524651623,2.239401496,2,401,8,1557,401,0.2418952618,0.2472703918,97,385
1850,1350,400,0.3440732241,2.229268293,2,410,7,1508,410,0.2365853659,0.25,97,377
1850,1450,400,0.3287981464,2.03892944,2,411,10,1492,411,0.2189781022,0.254691689,90,380
1850,1550,400,0.3509604153,2.133171913,2,413,9,1523,413,0.2300242131,0.2475377544,95,377
1850,1650,400,0.3419690318,2.129032258,2,403,7,1527,403,0.2332506203,0.2534381139,94,387
1850,1750,412.3105626,0.3461841416,2.25477707,2,471,8,1565,471,0.2356687898,0.2549520767,111,399
1850,1850,400,0.3399833333,2.25,2,400,10,1593,400,0.2425,0.2441933459,97,389
1850,1950,412.3105626,0.3520037413,2.17699115,2,452,8,1568,452,0.2389380531,0.2480867347,108,389
1850,2050,400,0.3595528424,2.426799007,2,403,2,1611,403,0.253101737,0.2439478585,102,393
1850,2150,400,0.3191894911,2.648148148,2,432,10,1616,432,0.2638888889,0.2413366337,114,390
1850,2250,400,0.3258371789,2.507281553,2,412,6,1616,412,0.2572815534,0.2512376238,106,406
1850,2350,400,0.3308630245,2.494061758,2,421,15,1605,421,0.2517814727,0.2479750779,106,398
1850,2450,360.5551275,0.2968609462,2.671568627,2,408,9,1611,408,0.2671568627,0.2489137182,109,401
1850,2550,360.5551275,0.2861577866,2.492574257,2,404,10,1609,404,0.2524752475,0.2461155998,102,396
1850,2650,360.5551275,0.283048419,2.53,2,400,7,1638,400,0.26,0.2490842491,104,408
1850,2750,400,0.313781554,2.207823961,2,409,6,1647,409,0.2347188264,0.2483302975,96,409
1850,2850,400,0.3204734219,2.2575,2,400,9,1651,400,0.245,0.2562083586,98,423
1850,2950,400,0.3297247926,2.349633252,2,409,15,1658,409,0.2493887531,0.2557297949,102,424
1850,3050,400,0.3293750993,2.386533666,2,401,9,1660,401,0.2618453865,0.2548192771,105,423
1850,3150,412.3105626,0.345311558,2.574786325,2,468,12,1645,468,0.2799145299,0.2522796353,131,415
1850,3250,412.3105626,0.3349729282,2.522678186,2,463,10,1632,463,0.2786177106,0.2549019608,129,416
1850,3350,412.3105626,0.3415477819,2.710084034,3,476,13,1573,476,0.2878151261,0.2581055308,137,406
1850,3450,400,0.3342427299,2.720657277,2,426,7,1460,426,0.279342723,0.2616438356,119,382
1850,3550,400,0.3089396389,2.413875598,2,418,13,1350,418,0.2583732057,0.2592592593,108,350
1850,3650,400,0.3402480866,2.458432304,2,421,7,1262,421,0.2494061758,0.2630744849,105,332
1850,3750,412.3105626,0.3339698992,2.48463357,2,423,12,1131,423,0.2505910165,0.2661361627,106,301
1850,3850,500,0.3415858032,2.507658643,2,457,12,1021,457,0.2560175055,0.2713026445,117,277
1850,3950,509.9019514,0.3427873445,2.479905437,2,423,5,907,423,0.2505910165,0.2646085998,106,240
1950,50,509.9019514,0.3938472933,2.637019231,2,416,2,870,416,0.2860576923,0.267816092,119,233
1950,150,447.2135955,0.4092655936,2.485,2,400,9,1000,400,0.27,0.262,108,262
1950,250,412.3105626,0.3919241192,2.524390244,2,410,11,1144,410,0.2731707317,0.2622377622,112,300
1950,350,412.3105626,0.4057309127,2.598669623,2,451,7,1266,451,0.266075388,0.2654028436,120,336
1950,450,400,0.4038673949,2.82630273,3,403,9,1377,403,0.2903225806,0.2687000726,117,370
1950,550,400,0.4114518148,2.534313725,2,408,6,1468,408,0.2696078431,0.2656675749,110,390
1950,650,400,0.4114890697,2.5,2,404,6,1548,404,0.2623762376,0.2635658915,106,408
1950,750,412.3105626,0.3903339438,2.352422907,2,454,1,1601,454,0.2466960352,0.2592129919,112,415
1950,850,412.3105626,0.3816195596,2.398678414,2,454,12,1598,454,0.2488986784,0.2584480601,113,413
1950,950,412.3105626,0.3400423366,2.336225597,2,461,11,1567,461,0.2494577007,0.2571793235,115,403
1950,1050,412.3105626,0.3434213795,2.101809955,2,442,3,1567,442,0.2375565611,0.2667517549,105,418
1950,1150,400,0.3356930415,2.2275,2,400,10,1549,400,0.2375,0.2621045836,95,406
1950,1250,400,0.3213013227,2.334146341,2,410,6,1544,410,0.2463414634,0.2558290155,101,395
1950,1350,412.3105626,0.3465832156,2.106753813,2,459,7,1521,459,0.2331154684,0.2603550296,107,396
1950,1450,412.3105626,0.3506313367,2.221030043,2,466,7,1519,466,0.2467811159,0.2606978275,115,396
1950,1550,400,0.3263590165,2.192307692,2,416,9,1514,416,0.2403846154,0.2602377807,100,394
1950,1650,400,0.3502944841,2.15308642,2,405,10,1551,405,0.2345679012,0.2566086396,95,398
1950,1750,400,0.3542138526,2.262899263,2,407,6,1576,407,0.2407862408,0.2557106599,98,403
1950,1850,412.3105626,0.3482024969,2.178733032,2,442,8,1581,442,0.2443438914,0.2561669829,108,405
1950,1950,412.3105626,0.3355287761,2.444924406,2,463,9,1598,463,0.2570194384,0.2553191489,119,408
1950,2050,400,0.3371461479,2.571084337,2,415,6,1603,415,0.2578313253,0.2595134124,107,416
1950,2150,400,0.3424926491,2.520681265,2,411,18,1568,411,0.2554744526,0.2608418367,105,409
1950,2250,400,0.3198684286,2.576036866,2,434,5,1589,434,0.2534562212,0.258653241,110,411
1950,2350,360.5551275,0.3164412361,2.4675,2,400,11,1582,400,0.245,0.2541087231,98,402
1950,2450,360.5551275,0.2848558812,2.578163772,2,403,14,1599,403,0.2605459057,0.2526579112,105,404
1950,2550,400,0.2835985587,2.598173516,2,438,5,1616,438,0.2579908676,0.254950495,113,412
1950,2650,400,0.3017771662,2.375886525,2,423,9,1626,423,0.2458628842,0.2576875769,104,419
1950,2750,412.3105626,0.3120689433,2.365344468,2,479,11,1604,479,0.248434238,0.2618453865,119,420
1950,2850,412.3105626,0.3092470507,2.268398268,2,462,12,1652,462,0.2467532468,0.2627118644,114,434
1950,2950,412.3105626,0.3301542016,2.321814255,2,463,9,1673,463,0.252699784,0.2624028691,117,439
1950,3050,400,0.3298286747,2.496296296,2,405,5,1664,405,0.2691358025,0.2596153846,109,432
1950,3150,412.3105626,0.3357351019,2.494505495,2,455,5,1642,455,0.2769230769,0.2570036541,126,422
1950,3250,400,0.3597234021,2.72319202,3,401,7,1622,401,0.289276808,0.2552404439,116,414
1950,3350,400,0.3361572907,2.828850856,3,409,9,1560,409,0.2982885086,0.2602564103,122,406
1950,3450,360.5551275,0.3136287928,2.913366337,3,404,10,1470,404,0.2871287129,0.2632653061,116,387
1950,3550,360.5551275,0.3072765151,2.923267327,3,404,8,1365,404,0.2871287129,0.2666666667,116,364
1950,3650,360.5551275,0.3265431743,2.8808933,3,403,8,1243,403,0.2803970223,0.2719227675,113,338
1950,3750,412.3105626,0.3175498918,2.721311475,3,427,14,1103,427,0.2740046838,0.277425204,117,306
1950,3850,447.2135955,0.3207338958,2.65942029,3,414,10,1010,414,0.270531401,0.2831683168,112,286
1950,3950,500,0.3109951609,2.728855721,3,402,10,900,402,0.276119403,0.2788888889,111,251
2050,50,509.9019514,0.3937383901,2.861176471,3,425,10,873,425,0.2941176471,0.2806414662,125,245
2050,150,447.2135955,0.386387931,2.9,3,400,8,1000,400,0.305,0.272,122,272
2050,250,412.3105626,0.3754352754,2.942720764,3,419,8,1145,419,0.3007159905,0.2628820961,126,301
2050,350,400,0.3706330021,3.064197531,3,405,4,1256,405,0.3185185185,0.2707006369,129,340
2050,450,400,0.3808854169,2.983253589,3,418,8,1366,418,0.3062200957,0.2752562225,128,376
2050,550,412.3105626,0.4026137793,2.698072805,2,467,8,1484,467,0.2826552463,0.2783018868,132,413
2050,650,400,0.3939441446,2.774752475,2,404,11,1544,404,0.2846534653,0.2694300518,115,416
2050,750,412.3105626,0.397354727,2.46069869,2,458,7,1592,458,0.2620087336,0.2770100503,120,441
2050,850,400,0.3846594041,2.369077307,2,401,8,1590,401,0.2443890274,0.2742138365,98,436
2050,950,412.3105626,0.4243126756,2.532894737,2,456,7,1585,456,0.2587719298,0.2687697161,118,426
2050,1050,412.3105626,0.4038245895,2.422907489,2,454,12,1577,454,0.2533039648,0.2771084337,115,437
2050,1150,412.3105626,0.3533311855,2.05733945,2,436,7,1568,436,0.2362385321,0.2723214286,103,427
2050,1250,412.3105626,0.325898874,2.148558758,2,451,14,1537,451,0.243902439,0.2654521796,110,408
2050,1350,412.3105626,0.3713926314,2.36761488,2,457,10,1540,457,0.2538293217,0.2662337662,116,410
2050,1450,400,0.3594402388,2.606879607,3,407,5,1536,407,0.2776412776,0.259765625,113,399
2050,1550,412.3105626,0.3627060499,2.470338983,2,472,7,1553,472,0.2627118644,0.2601416613,124,404
2050,1650,412.3105626,0.3553769401,2.128603104,2,451,6,1546,451,0.2416851441,0.265847348,109,411
2050,1750,412.3105626,0.3699449672,2.13255814,2,430,8,1558,430,0.2465116279,0.2650834403,106,413
2050,1850,412.3105626,0.3433018825,2.395881007,2,437,7,1599,437,0.2700228833,0.2601626016,118,416
2050,1950,412.3105626,0.3259393939,2.566666667,2,450,3,1592,450,0.2755555556,0.2625628141,124,418
2050,2050,400,0.3128212469,2.56763285,2,414,5,1591,414,0.2632850242,0.2671275927,109,425
2050,2150,400,0.3177133181,2.73286052,2,423,8,1585,423,0.2789598109,0.2662460568,118,422
2050,2250,360.5551275,0.3227512614,2.680798005,2,401,6,1577,401,0.2618453865,0.2663284718,105,420
2050,2350,360.5551275,0.3161710755,2.720698254,2,401,18,1585,401,0.2668329177,0.2624605678,107,416
2050,2450,360.5551275,0.3213649096,2.716707022,2,413,8,1594,413,0.2615012107,0.2616060226,108,417
2050,2550,400,0.3354071817,2.508474576,2,413,10,1610,413,0.2615012107,0.2596273292,108,418
2050,2650,400,0.3132127676,2.308433735,2,415,5,1606,415,0.2385542169,0.2602739726,99,418
2050,2750,400,0.2688360732,2.442542787,3,409,8,1634,409,0.2616136919,0.2619339045,107,428
2050,2850,412.3105626,0.3063449329,2.352173913,2,460,6,1655,460,0.2608695652,0.2712990937,120,449
2050,2950,412.3105626,0.3422715471,2.197752809,2,445,10,1657,445,0.2516853933,0.2691611346,112,446
2050,3050,412.3105626,0.3555368447,2.308390023,2,441,4,1651,441,0.2607709751,0.269533616,115,445
2050,3150,412.3105626,0.3536993101,2.544857768,2,457,9,1644,457,0.2757111597,0.2639902676,126,434
2050,3250,412.3105626,0.3356944377,2.714285714,3,469,8,1619,469,0.2921108742,0.2588017295,137,419
2050,3350,400,0.3345564283,2.847826087,3,414,6,1567,414,0.2946859903,0.2616464582,122,410
2050,3450,400,0.3070886969,2.971962617,3,428,6,1452,428,0.2943925234,0.2692837466,126,391
2050,3550,360.5551275,0.3075448726,2.971014493,3,414,7,1363,414,0.2898550725,0.2714600147,120,370
2050,3650,360.5551275,0.3054406929,3.036945813,3,406,10,1273,406,0.2955665025,0.2749410841,120,350
2050,3750,412.3105626,0.322234843,3,3,431,12,1130,431,0.2969837587,0.2876106195,128,325
2050,3850,447.2135955,0.3172467873,2.964370546,3,421,12,1009,421,0.2945368171,0.2834489594,124,286
2050,3950,500,0.3034225655,2.78358209,3,402,9,894,402,0.2835820896,0.288590604,114,258
2150,50,509.9019514,0.3758837873,2.955503513,3,427,6,904,427,0.3044496487,0.2898230088,130,262
2150,150,447.2135955,0.3695809737,3.037406484,3,401,9,1022,401,0.3167082294,0.2818003914,127,288
2150,250,412.3105626,0.3783332426,3.185819071,3,409,7,1140,409,0.3300733496,0.2850877193,135,325
2150,350,412.3105626,0.3831202767,3.090707965,3,452,6,1267,452,0.3185840708,0.2809786898,144,356
2150,450,400,0.4044393709,2.883950617,3,405,10,1342,405,0.2962962963,0.2816691505,120,378
2150,550,400,0.3981867892,2.8575,3,400,8,1443,400,0.2975,0.2862092862,119,413
2150,650,412.3105626,0.3986795628,2.671772429,2,457,15,1525,457,0.2822757112,0.2832786885,129,432
2150,750,400,0.4249779951,3.056234719,2,409,7,1568,409,0.3007334963,0.2850765306,123,447
2150,850,400,0.4174492412,2.694789082,2,403,14,1578,403,0.2754342432,0.2870722433,111,453
2150,950,400,0.4424565264,2.53960396,2,404,13,1583,404,0.2524752475,0.2830069488,102,448
2150,1050,412.3105626,0.4252515777,2.536585366,2,451,4,1563,451,0.2638580931,0.2815099168,119,440
2150,1150,412.3105626,0.4176142809,2.287015945,2,439,11,1561,439,0.2528473804,0.2837924407,111,443
2150,1250,412.3105626,0.3872295365,2.180778032,2,437,9,1561,437,0.2471395881,0.2722613709,108,425
2150,1350,412.3105626,0.3618719171,2.437923251,2,443,5,1543,443,0.2663656885,0.2709008425,118,418
2150,1450,412.3105626,0.3937922854,2.627192982,2,456,9,1533,456,0.2785087719,0.2681017613,127,411
2150,1550,412.3105626,0.3962684374,2.613122172,2,442,6,1549,442,0.2805429864,0.2704970949,124,419
2150,1650,412.3105626,0.3909936917,2.567058824,2,425,4,1579,425,0.2870588235,0.2704243192,122,427
2150,1750,412.3105626,0.3425836188,2.225247525,2,404,11,1576,404,0.2772277228,0.2791878173,112,440
2150,1850,412.3105626,0.3399661244,2.449519231,2,416,7,1587,416,0.2884615385,0.2709514808,120,430
2150,1950,412.3105626,0.3174567295,2.46875,2,448,13,1571,448,0.2723214286,0.2711648631,122,426
2150,2050,412.3105626,0.3095590201,2.780911063,3,461,10,1566,461,0.3015184382,0.2701149425,139,423
2150,2150,400,0.3103961459,2.873239437,3,426,6,1584,426,0.2910798122,0.2765151515,124,438
2150,2250,400,0.2971919818,2.806074766,3,428,11,1588,428,0.2803738318,0.2726700252,120,433
2150,2350,360.5551275,0.3053230638,2.780487805,2.5,410,12,1579,410,0.2756097561,0.2729575681,113,431
2150,2450,360.5551275,0.3140843711,2.766009852,2,406,8,1595,406,0.2660098522,0.2714733542,108,433
2150,2550,400,0.3267908278,2.669082126,2,414,13,1617,414,0.2753623188,0.270253556,114,437
2150,2650,400,0.3055506067,2.703529412,3,425,8,1626,425,0.2776470588,0.2607626076,118,424
2150,2750,412.3105626,0.3050716554,2.291754757,2,473,10,1653,473,0.2431289641,0.2679975802,115,443
2150,2850,412.3105626,0.2988118515,2.272930649,2,447,5,1658,447,0.2572706935,0.2720144753,115,451
2150,2950,412.3105626,0.3180234218,2.164113786,2,457,9,1647,457,0.2428884026,0.276867031,111,456
2150,3050,412.3105626,0.3481760407,2.333333333,2,453,7,1670,453,0.2538631347,0.2724550898,115,455
2150,3150,412.3105626,0.3504246849,2.390728477,2,453,11,1639,453,0.2604856512,0.2763880415,118,453
2150,3250,412.3105626,0.346563467,2.605726872,3,454,11,1607,454,0.2775330396,0.2706907281,126,435
2150,3350,400,0.3196005651,2.982800983,3,407,9,1564,407,0.312039312,0.2755754476,127,431
2150,3450,400,0.3007080368,3.137440758,3,422,3,1486,422,0.3222748815,0.2786002692,136,414
2150,3550,360.5551275,0.2816137906,3.243902439,3,410,8,1381,410,0.3195121951,0.2780593773,131,384
2150,3650,360.5551275,0.2931034483,3.130541872,3,406,12,1263,406,0.3103448276,0.2763262074,126,349
2150,3750,412.3105626,0.3095929033,3.004545455,3,440,10,1132,440,0.3,0.2862190813,132,324
2150,3850,424.2640687,0.3219505675,2.97755611,3,401,11,1020,401,0.2917705736,0.2892156863,117,295
2150,3950,500,0.2925537562,2.898795181,3,415,8,906,415,0.2939759036,0.2958057395,122,268
2250,50,509.9019514,0.3451364571,3.081585082,3,429,8,896,429,0.317016317,0.3080357143,136,276
2250,150,447.2135955,0.350251004,3.1125,3,400,11,1016,400,0.325,0.2952755906,130,300
2250,250,412.3105626,0.353685453,3.276595745,3,423,9,1141,423,0.3309692671,0.2927256792,140,334
2250,350,400,0.3633185977,3.282238443,3,411,7,1251,411,0.3381995134,0.2861710631,139,358
2250,450,400,0.4022741935,3.1,3,400,11,1334,400,0.325,0.2923538231,130,390
2250,550,400,0.3774982828,2.925742574,3,404,10,1436,404,0.3044554455,0.2917827298,123,419
2250,650,400,0.4069210137,3.062801932,2,414,12,1514,414,0.3043478261,0.2820343461,126,427
2250,750,400,0.4422490619,2.956730769,2,416,10,1561,416,0.2908653846,0.2927610506,121,457
2250,850,412.3105626,0.4204918343,2.924210526,2,475,3,1581,475,0.2968421053,0.2972802024,141,470
2250,950,400,0.403197123,2.726161369,2,409,12,1557,409,0.2762836186,0.2954399486,113,460
2250,1050,412.3105626,0.4140365931,2.587096774,2,465,7,1546,465,0.2709677419,0.2956015524,126,457
2250,1150,412.3105626,0.4469273055,2.518181818,2,440,9,1535,440,0.2727272727,0.2912052117,120,447
2250,1250,412.3105626,0.4215477366,2.544600939,2,426,7,1520,426,0.2816901408,0.2848684211,120,433
2250,1350,412.3105626,0.3860133882,2.621559633,2,436,9,1530,436,0.2889908257,0.2797385621,126,428
2250,1450,412.3105626,0.3973522459,2.541371158,2,423,7,1532,423,0.2813238771,0.2832898172,119,434
2250,1550,412.3105626,0.4065657039,2.634660422,2,427,7,1553,427,0.2880562061,0.2820347714,123,438
2250,1650,412.3105626,0.3917541033,2.643026005,2,423,12,1570,423,0.2955082742,0.2859872611,125,449
2250,1750,412.3105626,0.3762887633,2.71728972,3,428,10,1572,428,0.3014018692,0.2805343511,129,441
2250,1850,412.3105626,0.2954549645,2.555825243,2,412,8,1592,412,0.3082524272,0.2795226131,127,445
2250,1950,412.3105626,0.325882692,2.62817552,2,433,2,1581,433,0.2979214781,0.2764073371,129,437
2250,2050,412.3105626,0.3144543754,2.718403548,3,451,6,1585,451,0.2971175166,0.2731861199,134,433
2250,2150,400,0.314010503,2.808353808,3,407,12,1578,407,0.2997542998,0.2782002535,122,439
2250,2250,400,0.319693661,2.861502347,3,426,4,1577,426,0.2910798122,0.2745719721,124,433
2250,2350,400,0.3400219499,2.711267606,2,426,12,1595,426,0.2746478873,0.2721003135,117,434
2250,2450,400,0.3357879925,2.665,2,400,7,1607,400,0.2875,0.2769135034,115,445
2250,2550,400,0.328448674,2.698113208,2,424,6,1590,424,0.2759433962,0.2729559748,117,434
2250,2650,400,0.3325538727,2.545454545,2,418,9,1609,418,0.2631578947,0.2703542573,110,435
2250,2750,412.3105626,0.3229632846,2.42384106,3,453,6,1632,453,0.2737306843,0.2745098039,124,448
2250,2850,412.3105626,0.2967574545,2.202614379,2,459,3,1632,459,0.2440087146,0.2800245098,112,457
2250,2950,412.3105626,0.2997507164,2.297180043,2,461,12,1632,461,0.2494577007,0.2837009804,115,463
2250,3050,412.3105626,0.3591375726,2.273730684,2,453,7,1645,453,0.2472406181,0.2820668693,112,464
2250,3150,412.3105626,0.3625868428,2.35505618,2,445,7,1637,445,0.2606741573,0.2816127062,116,461
2250,3250,412.3105626,0.36029081,2.760683761,3,468,9,1631,468,0.2863247863,0.2869405273,134,468
2250,3350,412.3105626,0.3265742767,2.948387097,3,465,9,1556,465,0.311827957,0.2853470437,145,444
2250,3450,412.3105626,0.2977850855,3.232067511,3,474,15,1475,474,0.335443038,0.2847457627,159,420
2250,3550,400,0.276459983,3.269230769,3,416,8,1367,416,0.3365384615,0.2831016825,140,387
2250,3650,400,0.2956104329,3.007075472,3,424,16,1267,424,0.3113207547,0.2833464878,132,359
2250,3750,412.3105626,0.2884356735,2.934090909,3,440,2,1130,440,0.3022727273,0.2805309735,133,317
2250,3850,447.2135955,0.2927632068,2.911627907,3,430,10,1014,430,0.2976744186,0.2938856016,128,298
2250,3950,500,0.2905399126,3.021327014,3,422,2,894,422,0.3056872038,0.2997762864,129,268
2350,50,509.9019514,0.3414140666,3.17961165,3,412,5,880,412,0.3349514563,0.3102272727,138,273
2350,150,500,0.3433269202,3.111587983,3,466,8,974,466,0.3240343348,0.3039014374,151,296
2350,250,412.3105626,0.3646570951,3.222748815,3,422,12,1090,422,0.3317535545,0.3018348624,140,329
2350,350,400,0.335658083,3.426470588,3,408,6,1205,408,0.3504901961,0.3020746888,143,364
2350,450,400,0.331399794,3.488262911,4,426,14,1281,426,0.3521126761,0.3044496487,150,390
2350,550,400,0.384980243,3.035629454,3,421,5,1386,421,0.3111638955,0.303030303,131,420
2350,650,360.5551275,0.4110933806,3.1725,3,400,12,1467,400,0.31,0.2958418541,124,434
2350,750,400,0.4171758868,3.060096154,3,416,5,1509,416,0.3052884615,0.3021868787,127,456
2350,850,400,0.4034062004,2.988179669,3,423,8,1517,423,0.3002364066,0.3038892551,127,461
2350,950,412.3105626,0.4074663148,2.72173913,2,460,9,1489,460,0.2913043478,0.3015446608,134,449
2350,1050,412.3105626,0.4429490426,2.734649123,2,456,4,1484,456,0.2894736842,0.3025606469,132,449
2350,1150,412.3105626,0.4217472744,2.652370203,2,443,7,1486,443,0.2889390519,0.2974427995,128,442
2350,1250,412.3105626,0.4260910816,2.805429864,2,442,9,1466,442,0.2963800905,0.2974079127,131,436
2350,1350,412.3105626,0.4093694251,2.884976526,2,426,7,1484,426,0.3122065728,0.2897574124,133,430
2350,1450,412.3105626,0.3806301867,2.729665072,3,418,8,1485,418,0.3086124402,0.2808080808,129,417
2350,1550,412.3105626,0.3881110544,2.544334975,2,406,5,1482,406,0.2906403941,0.2908232119,118,431
2350,1650,412.3105626,0.3842874771,2.690307329,3,423,7,1521,423,0.2955082742,0.288625904,125,439
2350,1750,412.3105626,0.3728842357,2.75,3,424,8,1526,424,0.304245283,0.2883355177,129,440
2350,1850,412.3105626,0.379983918,2.663484487,2,419,7,1539,419,0.3007159905,0.2878492528,126,443
2350,1950,412.3105626,0.3292015039,2.643026005,3,423,3,1537,423,0.3096926714,0.2797657775,131,430
2350,2050,412.3105626,0.3403081635,2.769736842,3,456,8,1536,456,0.3026315789,0.28515625,138,438
2350,2150,400,0.3287741376,2.74009901,3,404,7,1535,404,0.2871287129,0.2827361564,116,434
2350,2250,400,0.3196345811,2.696078431,2,408,12,1546,408,0.2965686275,0.2794307891,121,432
2350,2350,400,0.3203794832,2.703163017,2,411,11,1552,411,0.2944038929,0.2738402062,121,425
2350,2450,400,0.3240015446,2.723557692,2.5,416,8,1554,416,0.2908653846,0.2792792793,121,434
2350,2550,412.3105626,0.3142452061,2.607883817,2,482,13,1559,482,0.27593361,0.2726106479,133,425
2350,2650,400,0.3224653676,2.331683168,2,404,7,1562,404,0.2574257426,0.2791293214,104,436
2350,2750,412.3105626,0.3216054337,2.312765957,2,470,4,1582,470,0.2553191489,0.2768647282,120,438
2350,2850,412.3105626,0.3005005411,2.290909091,2,440,6,1556,440,0.2659090909,0.2879177378,117,448
2350,2950,412.3105626,0.2982211661,2.14187643,2,437,12,1596,437,0.2471395881,0.2926065163,108,467
2350,3050,412.3105626,0.3476215598,2.286995516,2,446,4,1611,446,0.2488789238,0.2905027933,111,468
2350,3150,412.3105626,0.3777716831,2.441441441,2,444,5,1587,444,0.268018018,0.2930056711,119,465
2350,3250,412.3105626,0.3500161549,2.862445415,3,458,4,1572,458,0.3056768559,0.286259542,140,450
2350,3350,400,0.3161409059,3.064197531,3,405,7,1515,405,0.3234567901,0.2884488449,131,437
2350,3450,412.3105626,0.306858965,3.064655172,3,464,8,1435,464,0.3275862069,0.2871080139,152,412
2350,3550,400,0.3063971907,3.117073171,3,410,9,1323,410,0.3292682927,0.2819349962,135,373
2350,3650,400,0.2801079025,3.086633663,3,404,10,1228,404,0.3267326733,0.2890879479,132,355
2350,3750,412.3105626,0.2921367652,3.195899772,3,439,8,1107,439,0.3234624146,0.2935862692,142,325
2350,3850,424.2640687,0.3056387439,3.166253102,3,403,11,998,403,0.3151364764,0.3016032064,127,301
2350,3950,500,0.2948280955,3.031553398,3,412,9,877,412,0.3106796117,0.3101482326,128,272
2450,50,509.9019514,0.3013209485,3.466346154,3,416,5,859,416,0.3629807692,0.3154831199,151,271
2450,150,447.2135955,0.2876139677,3.555012225,3,409,11,961,409,0.369193154,0.3163371488,151,304
2450,250,412.3105626,0.3068837065,3.414868106,3,417,6,1078,417,0.3549160671,0.3153988868,148,340
2450,350,360.5551275,0.2980908689,3.609452736,3,402,5,1173,402,0.3631840796,0.3094629156,146,363
2450,450,360.5551275,0.3194756193,3.559405941,4,404,6,1245,404,0.3514851485,0.3140562249,142,391
2450,550,400,0.3724296503,3.570754717,4,424,2,1333,424,0.3537735849,0.3098274569,150,413
2450,650,360.5551275,0.3989227325,3.355721393,3,402,6,1426,402,0.3258706468,0.3148667602,131,449
2450,750,400,0.4053607964,3.142512077,3,414,9,1465,414,0.3212560386,0.3058020478,133,448
2450,850,412.3105626,0.3940021356,2.91611479,3,453,8,1477,453,0.3134657837,0.307379824,142,454
2450,950,412.3105626,0.4262427484,2.682758621,2,435,14,1452,435,0.3011494253,0.3037190083,131,441
2450,1050,412.3105626,0.4226543415,2.630044843,2,446,5,1441,446,0.2914798206,0.3081193616,130,444
2450,1150,412.3105626,0.4171622402,2.956120092,2,433,4,1456,433,0.3187066975,0.3042582418,138,443
2450,1250,412.3105626,0.4058551827,2.938914027,2,442,2,1441,442,0.314479638,0.2977099237,139,429
2450,1350,412.3105626,0.4070257901,2.963386728,3,437,6,1434,437,0.3203661327,0.29986053,140,430
2450,1450,412.3105626,0.371027865,2.651105651,3,407,14,1437,407,0.312039312,0.2971468337,127,427
2450,1550,412.3105626,0.3840444888,2.713930348,3,402,3,1454,402,0.315920398,0.2943603851,127,428
2450,1650,412.3105626,0.3856652033,2.580645161,2,403,8,1474,403,0.2952853598,0.2991858887,119,441
2450,1750,412.3105626,0.3835216868,2.676328502,2,414,3,1483,414,0.3019323671,0.3027646662,125,449
2450,1850,412.3105626,0.3630970793,2.810623557,3,433,3,1510,433,0.3094688222,0.2993377483,134,452
2450,1950,412.3105626,0.3754948787,2.871264368,3,435,8,1523,435,0.3172413793,0.2948128693,138,449
2450,2050,412.3105626,0.3571240421,2.685185185,3,432,10,1510,432,0.3055555556,0.2947019868,132,445
2450,2150,412.3105626,0.3409479171,2.779279279,3,444,6,1522,444,0.3175675676,0.2904073587,141,442
2450,2250,412.3105626,0.3337931253,2.630136986,2,438,6,1535,438,0.301369863,0.2866449511,132,440
2450,2350,400,0.3103625561,2.748184019,3,413,13,1542,413,0.2953995157,0.2853437095,122,440
2450,2450,400,0.2957666984,2.745145631,3,412,10,1534,412,0.3033980583,0.2809647979,125,431
2450,2550,412.3105626,0.3091611418,2.490322581,2,465,7,1506,465,0.2817204301,0.2788844622,131,420
2450,2650,412.3105626,0.3064294004,2.340425532,2,470,1,1526,470,0.2595744681,0.2850589777,122,435
2450,2750,412.3105626,0.2938389361,2.42516269,2,461,7,1550,461,0.2711496746,0.2851612903,125,442
2450,2850,412.3105626,0.3018765323,2.173033708,2,445,9,1540,445,0.2516853933,0.2941558442,112,453
2450,2950,412.3105626,0.3088941134,2.17016317,2,429,6,1545,429,0.2564102564,0.2964401294,110,458
2450,3050,412.3105626,0.3250144148,2.251162791,2,430,6,1554,430,0.2627906977,0.2908622909,113,452
2450,3150,400,0.3307412186,2.621287129,2,404,9,1563,404,0.2821782178,0.2949456174,114,461
2450,3250,400,0.3295889134,2.748129676,3,401,5,1555,401,0.2967581047,0.291318328,119,453
2450,3350,412.3105626,0.3416848343,2.846481876,3,469,8,1494,469,0.302771855,0.2871485944,142,429
2450,3450,412.3105626,0.3453139817,2.877419355,3,465,10,1397,465,0.3075268817,0.2848962062,143,398
2450,3550,400,0.2987093101,3.134146341,3,410,7,1316,410,0.3317073171,0.2895136778,136,381
2450,3650,400,0.2995344624,3.323671498,3,414,10,1232,414,0.3381642512,0.2922077922,140,360
2450,3750,412.3105626,0.2850853232,3.365909091,3,440,6,1097,440,0.3340909091,0.2971741112,147,326
2450,3850,447.2135955,0.2835120643,3.390909091,3,440,6,989,440,0.3340909091,0.3023255814,147,299
2450,3950,500,0.2769442096,3.219047619,3,420,6,871,420,0.3214285714,0.3168771527,135,276
2550,50,509.9019514,0.2773111729,3.677033493,4,418,16,838,418,0.3732057416,0.330548926,156,277
2550,150,447.2135955,0.2750226945,3.676328502,3,414,12,927,414,0.3768115942,0.3182308522,156,295
2550,250,412.3105626,0.2705235505,3.671328671,3,429,8,1052,429,0.372960373,0.316539924,160,333
2550,350,400,0.2913850813,3.486873508,3,419,6,1154,419,0.353221957,0.3240901213,148,374
2550,450,400,0.3312817739,3.5,3,430,13,1254,430,0.3511627907,0.3213716108,151,403
2550,550,400,0.3668243778,3.301204819,3,415,8,1336,415,0.3397590361,0.3203592814,141,428
2550,650,400,0.4015480143,3.334963325,3,409,8,1428,409,0.337408313,0.3158263305,138,451
2550,750,412.3105626,0.3928854638,3.242553191,3,470,9,1477,470,0.3361702128,0.3195666892,158,472
2550,850,412.3105626,0.4270645425,2.839002268,2,441,8,1473,441,0.3129251701,0.3177189409,138,468
2550,950,412.3105626,0.4254461084,2.552204176,2,431,7,1446,431,0.2923433875,0.3118948824,126,451
2550,1050,412.3105626,0.4175775239,2.758782201,2,427,9,1436,427,0.3138173302,0.3105849582,134,446
2550,1150,412.3105626,0.4083365141,2.949771689,2,438,4,1451,438,0.3196347032,0.3080634045,140,447
2550,1250,412.3105626,0.4188102348,2.950471698,3,424,7,1427,424,0.3278301887,0.3034337772,139,433
2550,1350,412.3105626,0.4026366633,3.007159905,3,419,6,1429,419,0.338902148,0.3058082575,142,437
2550,1450,412.3105626,0.3749485352,2.850356295,3,421,5,1428,421,0.32304038,0.3088235294,136,441
2550,1550,412.3105626,0.3593933608,2.859903382,3,414,15,1430,414,0.3285024155,0.3132867133,136,448
2550,1650,412.3105626,0.3844322558,2.942583732,3,418,1,1452,418,0.3229665072,0.3140495868,135,456
2550,1750,412.3105626,0.369396471,2.884976526,3,426,5,1452,426,0.3145539906,0.314738292,134,457
2550,1850,412.3105626,0.3601097347,3.148401826,3,438,3,1492,438,0.3333333333,0.3150134048,146,470
2550,1950,412.3105626,0.3605122914,2.66741573,2,445,7,1504,445,0.2898876404,0.3098404255,129,466
2550,2050,412.3105626,0.3606630574,2.533180778,2,437,6,1510,437,0.290617849,0.3052980132,127,461
2550,2150,412.3105626,0.3588557437,2.713963964,2,444,8,1511,444,0.3063063063,0.307081403,136,464
2550,2250,412.3105626,0.3321840447,2.843956044,3,455,5,1528,455,0.3142857143,0.2990837696,143,457
2550,2350,412.3105626,0.301661702,2.814102564,3,468,9,1529,468,0.311965812,0.2962720733,146,453
2550,2450,412.3105626,0.3035265267,2.621276596,2,470,9,1514,470,0.2893617021,0.2906208719,136,440
2550,2550,400,0.3114378515,2.63840399,3,401,8,1502,401,0.2967581047,0.2869507324,119,431
2550,2650,400,0.2676533768,2.582716049,3,405,5,1516,405,0.2864197531,0.2889182058,116,438
2550,2750,412.3105626,0.2742676803,2.320512821,2,468,12,1514,468,0.2564102564,0.2992073976,120,453
2550,2850,412.3105626,0.2806141399,2.424778761,2,452,7,1508,452,0.2721238938,0.2984084881,123,450
2550,2950,412.3105626,0.3228427816,2.310502283,2,438,12,1518,438,0.2648401826,0.2964426877,116,450
2550,3050,412.3105626,0.3116219615,2.430493274,2,446,16,1529,446,0.2757847534,0.2943100065,123,450
2550,3150,412.3105626,0.3085496976,2.400447427,2,447,6,1528,447,0.2818791946,0.2951570681,126,451
2550,3250,412.3105626,0.3204846064,2.789808917,3,471,4,1528,471,0.3036093418,0.2958115183,143,452
2550,3350,400,0.3318289053,2.830508475,3,413,3,1482,413,0.3026634383,0.298245614,125,442
2550,3450,400,0.3316267547,2.918072289,3,415,8,1405,415,0.3084337349,0.2975088968,128,418
2550,3550,400,0.3254445126,3.328571429,3,420,5,1333,420,0.3357142857,0.2933233308,141,391
2550,3650,400,0.2964071051,3.468384075,3,427,11,1220,427,0.3442622951,0.2950819672,147,360
2550,3750,412.3105626,0.2931238574,3.295508274,3,423,12,1107,423,0.3333333333,0.3017163505,141,334
2550,3850,447.2135955,0.2888730076,3.201923077,3,416,11,1002,416,0.3269230769,0.3093812375,136,310
2550,3950,509.9019514,0.2904022731,3.179245283,3,424,10,874,424,0.320754717,0.3112128146,136,272
2650,50,509.9019514,0.2659911845,3.561097257,3,401,11,819,401,0.3640897756,0.3418803419,146,280
2650,150,500,0.2701470315,3.685185185,3,432,9,945,432,0.3773148148,0.3354497354,163,317
2650,250,412.3105626,0.2672333333,3.5625,3,400,5,1047,400,0.36,0.3285577841,144,344
2650,350,400,0.2998250558,3.412776413,3,407,12,1173,407,0.343980344,0.3307757886,140,388
2650,450,400,0.3399715905,3.367396594,3,411,11,1243,411,0.3454987835,0.3258246179,142,405
2650,550,412.3105626,0.3794875033,3.132882883,3,444,11,1356,444,0.3265765766,0.3259587021,145,442
2650,650,412.3105626,0.3888035303,3.376681614,3,446,12,1421,446,0.3452914798,0.3279380718,154,466
2650,750,412.3105626,0.4132831946,3.091764706,3,425,12,1487,425,0.3317647059,0.3301950235,141,491
2650,850,412.3105626,0.420221169,2.815165877,2,422,6,1504,422,0.3104265403,0.3291223404,131,495
2650,950,412.3105626,0.4116955567,2.74563591,2,401,8,1481,401,0.3216957606,0.3247805537,129,481
2650,1050,424.2640687,0.4089610255,2.677647059,2,425,8,1473,425,0.3176470588,0.3238289206,135,477
2650,1150,412.3105626,0.4025187348,3.04136253,3,411,8,1458,411,0.3357664234,0.3161865569,138,461
2650,1250,424.2640687,0.4121461236,3.053613054,3,429,7,1446,429,0.3403263403,0.3125864454,146,452
2650,1350,424.2640687,0.3753398521,2.852380952,3,420,6,1446,420,0.3357142857,0.3105117566,141,449
2650,1450,424.2640687,0.3653965758,3.06712963,3,432,3,1455,432,0.3449074074,0.3161512027,149,460
2650,1550,412.3105626,0.3829118136,3.005,3,400,14,1445,400,0.3325,0.323183391,133,467
2650,1650,412.3105626,0.3684046373,3.038461538,3,416,10,1430,416,0.3269230769,0.3265734266,136,467
2650,1750,412.3105626,0.3694870588,3.151079137,3,417,11,1468,417,0.3309352518,0.3249318801,138,477
2650,1850,424.2640687,0.3617261644,2.928899083,3,436,15,1479,436,0.3233944954,0.3245436105,141,480
2650,1950,412.3105626,0.3651632517,2.801932367,3,414,4,1482,414,0.309178744,0.318488529,128,472
2650,2050,412.3105626,0.3458355142,2.501222494,2,409,10,1499,409,0.2885085575,0.3215476985,118,482
2650,2150,412.3105626,0.3330765953,2.805620609,3,427,12,1514,427,0.3161592506,0.321664465,135,487
2650,2250,400,0.3295800464,2.87032419,3,401,10,1511,401,0.3117206983,0.3150231635,125,476
2650,2350,400,0.3229218454,2.908415842,3,404,8,1528,404,0.3118811881,0.3017015707,126,461
2650,2450,400,0.2922874633,2.828358209,3,402,3,1525,402,0.3059701493,0.297704918,123,454
2650,2550,412.3105626,0.2914077445,2.725623583,3,441,8,1520,441,0.2970521542,0.2980263158,131,453
2650,2650,400,0.2670559004,2.733167082,3,401,9,1532,401,0.2967581047,0.2983028721,119,457
2650,2750,400,0.2721095238,2.625,3,400,4,1502,400,0.285,0.3029294274,114,455
2650,2850,412.3105626,0.3006556229,2.290023202,2,431,9,1487,431,0.2552204176,0.2999327505,110,446
2650,2950,412.3105626,0.293161304,2.546511628,2.5,430,10,1495,430,0.2837209302,0.3003344482,122,449
2650,3050,412.3105626,0.2924839145,2.455377574,2,437,8,1511,437,0.2791762014,0.3037723362,122,459
2650,3150,412.3105626,0.3237861664,2.459207459,2,429,8,1513,429,0.2797202797,0.304031725,120,460
2650,3250,412.3105626,0.3272464625,2.482517483,2,429,12,1509,429,0.2867132867,0.3108018555,123,469
2650,3350,412.3105626,0.3093577919,2.81938326,3,454,13,1456,454,0.3083700441,0.301510989,140,439
2650,3450,400,0.3140331735,3.076167076,3,407,8,1391,407,0.3243243243,0.3033788641,132,422
2650,3550,400,0.3292914688,3.066176471,3,408,3,1332,408,0.3235294118,0.3078078078,132,410
2650,3650,400,0.2978647996,3.340632603,3,411,11,1231,411,0.3430656934,0.3070674249,141,378
2650,3750,424.2640687,0.2874944047,3.392251816,3,413,6,1111,413,0.3486682809,0.3060306031,144,340
2650,3850,500,0.286434911,3.369767442,3,430,7,991,430,0.3465116279,0.3138244198,149,311
2650,3950,538.5164807,0.2954803448,3.145539906,3,426,10,877,426,0.3262910798,0.30672748,139,269
2750,50,538.5164807,0.2557082956,3.446808511,3,423,5,818,423,0.3569739953,0.3643031785,151,298
2750,150,500,0.27741251,3.492718447,3,412,9,934,412,0.3567961165,0.3543897216,147,331
2750,250,447.2135955,0.2962744847,3.411214953,3,428,11,1046,428,0.3481308411,0.3470363289,149,363
2750,350,412.3105626,0.3060759786,3.375598086,3,418,9,1176,418,0.3421052632,0.3392857143,143,399
2750,450,412.3105626,0.3157751804,3.210401891,3,423,11,1271,423,0.3404255319,0.3383162864,144,430
2750,550,412.3105626,0.3554070588,3.079326923,3,416,9,1342,416,0.3293269231,0.3405365127,137,457
2750,650,412.3105626,0.3662628145,2.85012285,3,407,5,1432,407,0.3144963145,0.3414804469,128,489
2750,750,412.3105626,0.4056256818,2.995169082,3,414,7,1480,414,0.3188405797,0.3371621622,132,499
2750,850,412.3105626,0.4069769339,2.946078431,3,408,11,1498,408,0.3284313725,0.3331108144,134,499
2750,950,424.2640687,0.4090126741,2.855036855,2,407,4,1477,407,0.3292383292,0.3290453622,134,486
2750,1050,447.2135955,0.4106071283,2.743303571,2,448,10,1476,448,0.3325892857,0.337398374,149,498
2750,1150,447.2135955,0.3852076465,3.280590717,3,474,7,1455,474,0.3628691983,0.3305841924,172,481
2750,1250,447.2135955,0.3951133731,3.233480176,3,454,11,1432,454,0.3612334802,0.3289106145,164,471
2750,1350,447.2135955,0.3760446554,2.986696231,3,451,10,1417,451,0.3481152993,0.3246294989,157,460
2750,1450,447.2135955,0.3455060281,3.125813449,3,461,6,1419,461,0.3535791757,0.3312191684,163,470
2750,1550,424.2640687,0.3754457504,3.06234414,3,401,13,1438,401,0.3341645885,0.3386648122,134,487
2750,1650,412.3105626,0.3407504456,3.370098039,3,408,5,1420,408,0.3602941176,0.3316901408,147,471
2750,1750,412.3105626,0.3462330319,3.059850374,3,401,10,1432,401,0.3316708229,0.3275139665,133,469
2750,1850,412.3105626,0.3615932167,2.97799511,3,409,4,1449,409,0.3178484108,0.33126294,130,480
2750,1950,412.3105626,0.3603658537,2.965853659,3,410,7,1454,410,0.3170731707,0.3349381018,130,487
2750,2050,412.3105626,0.3724958892,2.867321867,3,407,8,1481,407,0.3144963145,0.3308575287,128,490
2750,2150,412.3105626,0.3309092497,2.825396825,2,441,4,1481,441,0.2947845805,0.3301823093,130,489
2750,2250,412.3105626,0.3126789071,2.857461024,3,449,5,1499,449,0.3028953229,0.3195463642,136,479
2750,2350,412.3105626,0.3196822727,2.827586207,3,435,9,1491,435,0.3103448276,0.3125419182,135,466
2750,2450,412.3105626,0.2924300361,2.97716895,3,438,11,1496,438,0.3173515982,0.310828877,139,465
2750,2550,412.3105626,0.2741851385,2.752358491,3,424,11,1472,424,0.304245283,0.3057065217,129,450
2750,2650,412.3105626,0.2544826288,2.872093023,3,430,13,1480,430,0.3139534884,0.3054054054,135,452
2750,2750,412.3105626,0.2825,2.594339623,3,424,6,1481,424,0.2877358491,0.3051991897,122,452
2750,2850,412.3105626,0.2649352166,2.629976581,3,427,4,1466,427,0.2927400468,0.3076398363,125,451
2750,2950,412.3105626,0.2707840886,2.576923077,3,442,7,1484,442,0.2760180995,0.3119946092,122,463
2750,3050,412.3105626,0.2956243352,2.55862069,3,435,13,1503,435,0.275862069,0.3093812375,120,465
2750,3150,412.3105626,0.3161289117,2.535279805,2,411,6,1494,411,0.2895377129,0.3159303882,119,472
2750,3250,412.3105626,0.2976007506,2.620283019,2,424,7,1505,424,0.2948113208,0.311627907,125,469
2750,3350,412.3105626,0.2958100141,2.771889401,3,434,9,1440,434,0.3064516129,0.3111111111,133,448
2750,3450,412.3105626,0.3249731,2.972477064,3,436,5,1390,436,0.3211009174,0.3122302158,140,434
2750,3550,412.3105626,0.3249124495,3.036036036,3,444,10,1309,444,0.3198198198,0.3139801375,142,411
2750,3650,412.3105626,0.3042893012,3.130841121,3,428,12,1209,428,0.3271028037,0.3143093466,140,380
2750,3750,447.2135955,0.2970470664,3.204545455,3,440,9,1102,440,0.3386363636,0.3148820327,149,347
2750,3850,500,0.2846614447,3.088785047,3,428,13,982,428,0.3294392523,0.3177189409,141,312
2750,3950,538.5164807,0.2844830869,3.139364303,3,409,9,875,409,0.337408313,0.3177142857,138,278
2850,50,538.5164807,0.2578077801,3.448019802,3,404,8,804,404,0.3613861386,0.3656716418,146,294
2850,150,500,0.2720201178,3.346437346,3,407,6,930,407,0.3538083538,0.3634408602,144,338
2850,250,447.2135955,0.2887664734,3.226190476,3,420,8,1047,420,0.3357142857,0.3524355301,141,369
2850,350,424.2640687,0.2802250857,3.189125296,3,423,11,1173,423,0.3404255319,0.3572037511,144,419
2850,450,412.3105626,0.3060466761,3.257425743,3,404,5,1258,404,0.349009901,0.3577106518,141,450
2850,550,412.3105626,0.3084986127,3.230958231,3,407,9,1364,407,0.3415233415,0.3519061584,139,480
2850,650,424.2640687,0.3254816702,3.184331797,3,434,6,1444,434,0.3410138249,0.3448753463,148,498
2850,750,424.2640687,0.3478678967,2.906542056,3,428,3,1473,428,0.3224299065,0.3421588595,138,504
2850,850,424.2640687,0.3814449096,2.955188679,3,424,4,1498,424,0.3301886792,0.3431241656,140,514
2850,950,424.2640687,0.3788654596,2.978773585,3,424,4,1467,424,0.3349056604,0.3421949557,142,502
2850,1050,447.2135955,0.385280699,2.841163311,3,447,3,1466,447,0.3310961969,0.3383356071,148,496
2850,1150,447.2135955,0.36237151,3.033112583,3,453,7,1433,453,0.3465783664,0.3363572924,157,482
2850,1250,424.2640687,0.3312945373,3.088669951,3,406,9,1434,406,0.3522167488,0.3347280335,143,480
2850,1350,424.2640687,0.3520989477,3.174019608,3,408,11,1416,408,0.3578431373,0.3396892655,146,481
2850,1450,424.2640687,0.3295321637,3.296385542,3,415,5,1423,415,0.3662650602,0.3429374561,152,488
2850,1550,412.3105626,0.3391574818,3.27970297,3,404,6,1406,404,0.3440594059,0.3506401138,139,493
2850,1650,424.2640687,0.3360282452,3.141509434,3,424,3,1406,424,0.3396226415,0.3406827881,144,479
2850,1750,412.3105626,0.3330526086,3.263414634,3,410,6,1424,410,0.3365853659,0.3412921348,138,486
2850,1850,412.3105626,0.3444534983,3.275862069,3,406,8,1441,406,0.3399014778,0.3379597502,138,487
2850,1950,412.3105626,0.3576848919,3.231132075,3,424,8,1478,424,0.3278301887,0.3403247632,139,503
2850,2050,412.3105626,0.3315709878,3.173302108,3,427,11,1479,427,0.3231850117,0.3407707911,138,504
2850,2150,412.3105626,0.3388250082,3.12037037,3,432,7,1472,432,0.3148148148,0.3403532609,136,501
2850,2250,412.3105626,0.3322443304,2.907621247,3,433,6,1492,433,0.2956120092,0.3378016086,128,504
2850,2350,412.3105626,0.2958851385,2.758782201,3,427,5,1487,427,0.2974238876,0.3254875588,127,484
2850,2450,412.3105626,0.2790578729,3.052132701,3,422,6,1487,422,0.3341232227,0.3254875588,141,484
2850,2550,412.3105626,0.260588028,3.03902439,3,410,7,1488,410,0.3341463415,0.3172043011,137,472
2850,2650,412.3105626,0.2773986087,2.842892768,3,401,10,1467,401,0.319201995,0.3197000682,128,469
2850,2750,412.3105626,0.2423127189,2.886977887,3,407,10,1463,407,0.3243243243,0.3198906357,132,468
2850,2850,412.3105626,0.2487336731,2.71627907,3,430,13,1467,430,0.2930232558,0.3149284254,126,462
2850,2950,412.3105626,0.2670798313,2.608899297,3,427,8,1507,427,0.281030445,0.3218314532,120,485
2850,3050,412.3105626,0.2995403838,2.602409639,3,415,4,1501,415,0.2819277108,0.3211192538,117,482
2850,3150,412.3105626,0.2908598651,2.606796117,2,412,7,1509,412,0.2888349515,0.3267064281,119,493
2850,3250,412.3105626,0.2779447115,2.692307692,2,416,10,1497,416,0.3004807692,0.3246492986,125,486
2850,3350,412.3105626,0.3162735254,2.748166259,2,409,8,1467,409,0.3031784841,0.3210633947,124,471
2850,3450,412.3105626,0.3286526697,2.93764988,3,417,7,1398,417,0.3141486811,0.3247496423,131,454
2850,3550,412.3105626,0.2982606962,3.301587302,3,441,9,1302,441,0.3378684807,0.3225806452,149,420
2850,3650,412.3105626,0.3007791169,3.326241135,3,423,11,1225,423,0.3356973995,0.32,142,392
2850,3750,447.2135955,0.3034715736,3.243303571,3,448,16,1106,448,0.3303571429,0.3254972875,148,360
2850,3850,500,0.303205103,3.206422018,3,436,4,975,436,0.3302752294,0.3312820513,144,323
2850,3950,509.9019514,0.2944915902,3.27,3,400,9,887,400,0.335,0.3269447576,134,290
2950,50,565.6854249,0.2599158752,3.454976303,3,422,5,819,422,0.36492891,0.358974359,154,294
2950,150,500,0.2564960462,3.417061611,3,422,12,946,422,0.355450237,0.3594080338,150,340
2950,250,447.2135955,0.2735732193,3.256532067,3,421,11,1060,421,0.3420427553,0.3528301887,144,374
2950,350,424.2640687,0.2813039162,3.200968523,3,413,13,1184,413,0.3438256659,0.3606418919,142,427
2950,450,424.2640687,0.2830452815,3.353629977,3,427,4,1268,427,0.3606557377,0.3541009464,154,449
2950,550,412.3105626,0.2937570603,3.319306931,4,404,8,1352,404,0.3440594059,0.3535502959,139,478
2950,650,424.2640687,0.2903534701,3.284722222,3,432,8,1440,432,0.3472222222,0.3569444444,150,514
2950,750,424.2640687,0.298588763,3.164319249,3,426,7,1447,426,0.3403755869,0.3545266068,145,513
2950,850,424.2640687,0.336880531,2.825,3,400,13,1475,400,0.3275,0.3491525424,131,515
2950,950,424.2640687,0.3318962591,2.776699029,3,412,8,1490,412,0.3203883495,0.355704698,132,530
2950,1050,447.2135955,0.3333671263,2.703947368,3,456,8,1436,456,0.326754386,0.3454038997,149,496
2950,1150,447.2135955,0.3044782023,2.907284768,3,453,8,1449,453,0.348785872,0.3416149068,158,495
2950,1250,424.2640687,0.297114357,3.002493766,3,401,2,1425,401,0.3466334165,0.3396491228,139,484
2950,1350,447.2135955,0.3248269141,3.160337553,3,474,9,1443,474,0.3523206751,0.3471933472,167,501
2950,1450,424.2640687,0.3044637681,3.247058824,3,425,6,1438,425,0.3529411765,0.3532684284,150,508
2950,1550,424.2640687,0.2825725313,3.426914153,3,431,12,1422,431,0.3596287703,0.3565400844,155,507
2950,1650,412.3105626,0.3057550815,3.507425743,3,404,9,1411,404,0.3564356436,0.351523742,144,496
2950,1750,412.3105626,0.3132951133,3.427518428,3,407,12,1411,407,0.3513513514,0.3486888731,143,492
2950,1850,412.3105626,0.3280637492,3.37804878,3,410,12,1456,410,0.3487804878,0.3523351648,143,513
2950,1950,412.3105626,0.3413779568,3.321867322,3,407,8,1472,407,0.3341523342,0.355298913,136,523
2950,2050,412.3105626,0.3448539886,3.245192308,3,416,9,1456,416,0.3221153846,0.353021978,134,514
2950,2150,412.3105626,0.3367958898,3.159313725,3,408,13,1466,408,0.3235294118,0.3472032742,132,509
2950,2250,412.3105626,0.3201980842,3.023980815,3,417,11,1478,417,0.309352518,0.3470906631,129,513
2950,2350,412.3105626,0.3157580709,3.222222222,3,423,6,1481,423,0.3262411348,0.3436866982,138,509
2950,2450,412.3105626,0.2928165492,3.065060241,3,415,16,1480,415,0.3253012048,0.3344594595,135,495
2950,2550,424.2640687,0.2543571939,3.1,3,430,11,1496,430,0.3441860465,0.3308823529,148,495
2950,2650,424.2640687,0.2410583658,3.023529412,3,425,11,1473,425,0.3388235294,0.3326544467,144,490
2950,2750,424.2640687,0.2419600538,2.898345154,3,423,4,1469,423,0.3286052009,0.336963921,139,495
2950,2850,412.3105626,0.2131328726,2.863523573,3,403,8,1472,403,0.317617866,0.3301630435,128,486
2950,2950,424.2640687,0.256298599,2.632318501,3,427,13,1497,427,0.299765808,0.3239812959,128,485
2950,3050,424.2640687,0.2597657645,2.724880383,3,418,9,1496,418,0.3133971292,0.3302139037,131,494
2950,3150,424.2640687,0.2844942846,2.607317073,2,410,8,1509,410,0.3024390244,0.337972167,124,510
2950,3250,424.2640687,0.2827763549,2.639534884,2,430,8,1525,430,0.2930232558,0.3331147541,126,508
2950,3350,412.3105626,0.3123552314,2.868932039,3,412,11,1493,412,0.2985436893,0.3328868051,123,497
2950,3450,412.3105626,0.3055268433,3.068627451,3,408,9,1395,408,0.318627451,0.3290322581,130,459
2950,3550,412.3105626,0.2819331218,3.402352941,3,425,7,1301,425,0.3458823529,0.3320522675,147,432
2950,3650,412.3105626,0.2945517141,3.110311751,3,417,13,1219,417,0.3117505995,0.3371616079,130,411
2950,3750,424.2640687,0.3157115991,3.101485149,3,404,4,1110,404,0.3069306931,0.3423423423,124,380
2950,3850,500,0.2940374037,3.142222222,3,450,2,984,450,0.3133333333,0.331300813,141,326
2950,3950,509.9019514,0.2871272005,3.177339901,3,406,9,883,406,0.3177339901,0.3397508494,129,300
3150,50,565.6854249,0.2849144687,3.637037037,3,405,10,824,405,0.3827160494,0.3616504854,155,298
3150,150,509.9019514,0.2814432104,3.609090909,3,440,4,950,440,0.3818181818,0.3621052632,168,344
3150,250,447.2135955,0.2932855289,3.665024631,3,406,4,1070,406,0.3866995074,0.3560747664,157,381
3150,350,424.2640687,0.3012920156,3.611793612,3,407,12,1168,407,0.3808353808,0.3518835616,155,411
3150,450,424.2640687,0.2995322515,3.420803783,3,423,3,1276,423,0.3640661939,0.3581504702,154,457
3150,550,412.3105626,0.2945685831,3.72705314,4,414,5,1362,414,0.3719806763,0.3546255507,154,483
3150,650,424.2640687,0.3121909851,3.413711584,3,423,7,1442,423,0.3640661939,0.3578363384,154,516
3150,750,424.2640687,0.2938367484,3.040669856,3,418,7,1466,418,0.3373205742,0.360845839,141,529
3150,850,424.2640687,0.2971784355,2.966101695,3,413,5,1472,413,0.3341404358,0.363451087,138,535
3150,950,424.2640687,0.2994284551,3.148325359,3,418,11,1461,418,0.3492822967,0.372347707,146,544
3150,1050,424.2640687,0.2823388485,3.154411765,3,408,8,1473,408,0.3602941176,0.3727087576,147,549
3150,1150,424.2640687,0.2786734949,3.134939759,3,415,8,1464,415,0.356626506,0.3640710383,148,533
3150,1250,424.2640687,0.2808913567,3.234299517,3,414,6,1461,414,0.3671497585,0.3675564682,152,537
3150,1350,447.2135955,0.2762019398,3.253191489,3,470,6,1439,470,0.3723404255,0.362751911,175,522
3150,1450,424.2640687,0.2615680717,3.516990291,3,412,7,1442,412,0.3932038835,0.3703190014,162,534
3150,1550,424.2640687,0.2664991838,3.58432304,3,421,8,1431,421,0.3895486936,0.3703703704,164,530
3150,1650,412.3105626,0.2875681035,3.604422604,3,407,9,1433,407,0.3734643735,0.3628750872,152,520
3150,1750,412.3105626,0.3020119226,3.681265207,3,411,9,1443,411,0.3746958637,0.3652113652,154,527
3150,1850,412.3105626,0.3225557961,3.608173077,3,416,9,1442,416,0.3629807692,0.3696255201,151,533
3150,1950,412.3105626,0.2927182064,3.625899281,3,417,10,1462,417,0.3693045564,0.3755129959,154,549
3150,2050,412.3105626,0.3303586053,3.379052369,3,401,15,1474,401,0.3541147132,0.3710990502,142,547
3150,2150,412.3105626,0.315505936,3.404411765,3,408,11,1485,408,0.3529411765,0.3723905724,144,553
3150,2250,412.3105626,0.313502877,3.447688564,3,411,9,1500,411,0.3552311436,0.3633333333,146,545
3150,2350,412.3105626,0.2807282244,3.412621359,3,412,9,1467,412,0.3640776699,0.3626448534,150,532
3150,2450,412.3105626,0.27470671,3.544334975,3,406,5,1467,406,0.3768472906,0.3551465576,153,521
3150,2550,412.3105626,0.2482309953,3.394160584,3,411,8,1471,411,0.3600973236,0.3528212101,148,519
3150,2650,412.3105626,0.2210823825,3.409756098,3,410,8,1484,410,0.3682926829,0.3530997305,151,524
3150,2750,412.3105626,0.2400309332,3.311111111,3,405,8,1482,405,0.3604938272,0.3529014845,146,523
3150,2850,447.2135955,0.2590814346,3.109958506,3,482,3,1502,482,0.3547717842,0.3488681758,171,524
3150,2950,447.2135955,0.2573193398,3.158898305,3,472,11,1498,472,0.3686440678,0.3477970628,174,521
3150,3050,424.2640687,0.2647376533,2.81840796,3,402,12,1528,402,0.3383084577,0.3494764398,136,534
3150,3150,424.2640687,0.2845699728,2.952718676,3,423,7,1530,423,0.3356973995,0.354248366,142,542
3150,3250,424.2640687,0.2948518347,3.130536131,3,429,5,1520,429,0.3403263403,0.3559210526,146,541
3150,3350,412.3105626,0.2699980414,3.140811456,3,419,7,1475,419,0.3293556086,0.3525423729,138,520
3150,3450,412.3105626,0.2386436938,3.035377358,3,424,9,1401,424,0.320754717,0.3490364026,136,489
3150,3550,412.3105626,0.2590423903,3.15437788,3,434,11,1301,434,0.3179723502,0.3474250576,138,452
3150,3650,412.3105626,0.2433456873,3.301886792,3,424,9,1189,424,0.3301886792,0.3507148865,140,417
3150,3750,424.2640687,0.2567679059,3.46097561,3,410,9,1087,410,0.3414634146,0.346826127,140,377
3150,3850,447.2135955,0.2599033869,3.448877805,3,401,8,986,401,0.3316708229,0.3529411765,133,348
3150,3950,509.9019514,0.2497855237,3.405275779,3,417,7,868,417,0.3309352518,0.3513824885,138,305
3250,50,565.6854249,0.280419132,3.620347395,3,403,6,833,403,0.3846153846,0.356542617,155,297
3250,150,509.9019514,0.2749437698,3.562780269,3,446,7,971,446,0.3789237668,0.3614830072,169,351
3250,250,447.2135955,0.2784695476,3.646039604,3,404,12,1074,404,0.3861386139,0.3547486034,156,381
3250,350,424.2640687,0.2874084732,3.597122302,3,417,6,1181,417,0.376498801,0.3598645216,157,425
3250,450,412.3105626,0.2763337893,3.574572127,3,409,11,1276,409,0.3765281174,0.3667711599,154,468
3250,550,412.3105626,0.2721095851,3.482014388,3,417,10,1357,417,0.3645083933,0.3640383198,152,494
3250,650,412.3105626,0.2986617379,3.53286385,3.5,426,9,1430,426,0.3615023474,0.3664335664,154,524
3250,750,412.3105626,0.2888215981,3.033898305,3,413,7,1496,413,0.3292978208,0.3676470588,136,550
3250,850,412.3105626,0.2974624241,3.038647343,3,414,11,1488,414,0.3285024155,0.375672043,136,559
3250,950,412.3105626,0.2880467324,3.180722892,3,415,15,1484,415,0.3493975904,0.3908355795,145,580
3250,1050,412.3105626,0.2774327122,3.2039801,3,402,5,1493,402,0.3606965174,0.3811118553,145,569
3250,1150,424.2640687,0.2767901711,3.205542725,3,433,8,1459,433,0.3625866051,0.372172721,157,543
3250,1250,412.3105626,0.2416312741,3.2375,3,400,12,1461,400,0.3675,0.3661875428,147,535
3250,1350,424.2640687,0.2372385326,3.404205607,3,428,9,1466,428,0.3901869159,0.3744884038,167,549
3250,1450,424.2640687,0.2649673024,3.580046404,3,431,6,1472,431,0.4013921114,0.3743206522,173,551
3250,1550,412.3105626,0.2678167754,3.760391198,4,409,10,1455,409,0.4107579462,0.3738831615,168,544
3250,1650,412.3105626,0.2692761292,3.944844125,4,417,12,1461,417,0.412470024,0.3668720055,172,536
3250,1750,412.3105626,0.2815469381,3.848341232,4,422,5,1471,422,0.3909952607,0.3664174031,165,539
3250,1850,412.3105626,0.2974618968,3.612440191,3,418,14,1458,418,0.3755980861,0.3744855967,157,546
3250,1950,412.3105626,0.3060370013,3.594907407,3,432,9,1465,432,0.3703703704,0.3822525597,160,560
3250,2050,412.3105626,0.285158972,3.543529412,3,425,8,1499,425,0.3694117647,0.3775850567,157,566
3250,2150,412.3105626,0.3022554703,3.431654676,3,417,14,1489,417,0.3669064748,0.3700470114,153,551
3250,2250,412.3105626,0.2965309945,3.474299065,3,428,6,1490,428,0.3691588785,0.3718120805,158,554
3250,2350,412.3105626,0.2953833057,3.443127962,3,422,10,1493,422,0.3696682464,0.3643670462,156,544
3250,2450,412.3105626,0.2710245196,3.684834123,3,422,8,1498,422,0.3933649289,0.3664886515,166,549
3250,2550,412.3105626,0.2502720052,3.603960396,4,404,10,1477,404,0.4034653465,0.3771157752,163,557
3250,2650,412.3105626,0.2459019269,3.458128079,3,406,7,1462,406,0.3891625616,0.3693570451,158,540
3250,2750,412.3105626,0.2372352704,3.41031941,3,407,8,1491,407,0.3882063882,0.3608316566,158,538
3250,2850,424.2640687,0.2576389988,3.342723005,3,426,6,1514,426,0.3896713615,0.3626155878,166,549
3250,2950,424.2640687,0.2732338476,3.382978723,3,423,3,1520,423,0.3924349882,0.3611842105,166,549
3250,3050,424.2640687,0.2858957949,3.171149144,3,409,7,1533,409,0.3765281174,0.3555120678,154,545
3250,3150,412.3105626,0.2886018521,3.049751244,3,402,9,1552,402,0.3432835821,0.3640463918,138,565
3250,3250,412.3105626,0.2911743023,3.199052133,3,422,5,1522,422,0.3412322275,0.3666228647,144,558
3250,3350,412.3105626,0.2708212148,3.378504673,3,428,5,1477,428,0.3598130841,0.36492891,154,539
3250,3450,412.3105626,0.263962056,3.357777778,3,450,8,1378,450,0.3466666667,0.3599419448,156,496
3250,3550,412.3105626,0.2506530408,3.368995633,3,458,15,1283,458,0.3406113537,0.3569758379,156,458
3250,3650,412.3105626,0.239158363,3.322580645,3,434,15,1195,434,0.331797235,0.3573221757,144,427
3250,3750,412.3105626,0.2332516522,3.333333333,3,402,8,1085,402,0.3308457711,0.3594470046,133,390
3250,3850,447.2135955,0.2336295759,3.36159601,3,401,13,978,401,0.3266832918,0.3609406953,131,353
3250,3950,509.9019514,0.2501133587,3.46728972,3,428,8,873,428,0.3364485981,0.3562428408,144,311
3350,50,565.6854249,0.2722208645,3.651219512,3,410,7,826,410,0.3902439024,0.3644067797,160,301
3350,150,500,0.2680536799,3.7025,3,400,4,938,400,0.3875,0.368869936,155,346
3350,250,447.2135955,0.260872147,3.729411765,4,425,9,1056,425,0.3858823529,0.3731060606,164,394
3350,350,412.3105626,0.2612218802,3.768292683,4,410,7,1183,410,0.387804878,0.3744716822,159,443
3350,450,412.3105626,0.2630716481,3.614678899,3,436,10,1280,436,0.371559633,0.37109375,162,475
3350,550,412.3105626,0.2733419128,3.366359447,3,434,5,1357,434,0.3525345622,0.375092115,153,509
3350,650,412.3105626,0.2670515169,3.431415929,3,452,13,1429,452,0.3517699115,0.3771868439,159,539
3350,750,412.3105626,0.2871987839,3.512035011,3,457,9,1482,457,0.3544857768,0.3758434548,162,557
3350,850,412.3105626,0.2784372144,3.356043956,3,455,11,1480,455,0.3516483516,0.3831081081,160,567
3350,950,412.3105626,0.2834908585,3.339325843,3,445,6,1493,445,0.3573033708,0.3871399866,159,578
3350,1050,412.3105626,0.2643192588,3.196796339,3,437,9,1468,437,0.356979405,0.3835149864,156,563
3350,1150,412.3105626,0.2559556976,3.184210526,3,418,9,1453,418,0.3636363636,0.3854094976,152,560
3350,1250,412.3105626,0.2396448637,3.315403423,3,409,7,1467,409,0.3838630807,0.3803680982,157,558
3350,1350,412.3105626,0.2532926829,3.414634146,3,410,7,1469,410,0.3926829268,0.3812117086,161,560
3350,1450,412.3105626,0.2606662665,3.689411765,4,425,7,1478,425,0.4,0.3788903924,170,560
3350,1550,412.3105626,0.2712344586,3.771084337,4,415,13,1509,415,0.4144578313,0.3757455268,172,567
3350,1650,412.3105626,0.2695500615,3.828638498,4,426,2,1470,426,0.4131455399,0.3761904762,176,553
3350,1750,412.3105626,0.2616027081,3.9543379,4,438,9,1465,438,0.4086757991,0.3740614334,179,548
3350,1850,412.3105626,0.2765421979,3.839002268,4,441,8,1475,441,0.3922902494,0.3789830508,173,559
3350,1950,412.3105626,0.2910499846,3.561200924,3,433,6,1490,433,0.3718244804,0.3899328859,161,581
3350,2050,412.3105626,0.2919946333,3.386046512,3,430,8,1484,430,0.3674418605,0.3874663073,158,575
3350,2150,412.3105626,0.2906663492,3.562929062,3,437,4,1492,437,0.3821510297,0.3873994638,167,578
3350,2250,412.3105626,0.2928250762,3.535714286,3,420,8,1485,420,0.3904761905,0.3818181818,164,567
3350,2350,412.3105626,0.2733283674,3.709006928,3,433,7,1522,433,0.4041570439,0.3804204993,175,579
3350,2450,412.3105626,0.246464083,3.581775701,3,428,11,1493,428,0.4042056075,0.3724045546,173,556
3350,2550,412.3105626,0.2561557952,3.557692308,3,416,11,1472,416,0.4038461538,0.3858695652,168,568
3350,2650,412.3105626,0.2773274254,3.496277916,3,403,6,1465,403,0.4094292804,0.3822525597,165,560
3350,2750,412.3105626,0.2670419185,3.360696517,3,402,9,1485,402,0.3980099502,0.3744107744,160,556
3350,2850,412.3105626,0.253096288,3.375921376,3,407,8,1503,407,0.398034398,0.371922821,162,559
3350,2950,412.3105626,0.2732409471,3.465060241,3,415,4,1509,415,0.3975903614,0.3744201458,165,565
3350,3050,412.3105626,0.2810032119,3.326732673,3,404,5,1535,404,0.3910891089,0.3765472313,158,578
3350,3150,412.3105626,0.2822246799,3.038647343,3,414,5,1535,414,0.347826087,0.3778501629,144,580
3350,3250,412.3105626,0.2915779064,3.3926097,3,433,5,1518,433,0.3672055427,0.3741765481,159,568
3350,3350,412.3105626,0.2910923573,3.382882883,3,444,11,1466,444,0.3558558559,0.3703956344,158,543
3350,3450,412.3105626,0.2543676729,3.525531915,3,470,11,1372,470,0.3617021277,0.3695335277,170,507
3350,3550,400,0.2484445644,3.596059113,3,406,13,1267,406,0.3620689655,0.3701657459,147,469
3350,3650,400,0.2383438396,3.427860697,3,402,10,1173,402,0.3457711443,0.368286445,139,432
3350,3750,412.3105626,0.2242253785,3.317848411,3,409,8,1069,409,0.3349633252,0.3704396632,137,396
3350,3850,447.2135955,0.2225612373,3.315920398,3,402,10,974,402,0.3333333333,0.3747433265,134,365
3350,3950,509.9019514,0.2376043715,3.246305419,3,406,10,868,406,0.3325123153,0.3721198157,135,323
3450,50,565.6854249,0.2520007146,3.667487685,3,406,10,826,406,0.4014778325,0.3740920097,163,309
3450,150,500,0.258204745,3.527363184,3,402,8,950,402,0.3830845771,0.3726315789,154,354
3450,250,447.2135955,0.2505708792,3.6,3,430,8,1077,430,0.3813953488,0.3816155989,164,411
3450,350,412.3105626,0.2506627037,3.634433962,3,424,13,1196,424,0.3820754717,0.3804347826,162,455
3450,450,400,0.2530712531,3.695331695,4,407,5,1286,407,0.3759213759,0.3856920684,153,496
3450,550,360.5551275,0.2517340432,3.584577114,4,402,10,1375,402,0.3532338308,0.3869090909,142,532
3450,650,400,0.2510188354,3.518248175,3,411,9,1441,411,0.3698296837,0.386537127,152,557
3450,750,360.5551275,0.240827224,3.529850746,3.5,402,10,1489,402,0.3606965174,0.3868368032,145,576
3450,850,400,0.246739418,3.428571429,3,420,10,1480,420,0.3642857143,0.3918918919,153,580
3450,950,400,0.2558250469,3.310843373,3,415,8,1517,415,0.3542168675,0.3889255109,147,590
3450,1050,412.3105626,0.2643461619,3.19955157,3,446,12,1501,446,0.3542600897,0.3877415057,158,582
3450,1150,412.3105626,0.2622641042,3.319727891,3,441,5,1506,441,0.3764172336,0.3864541833,166,582
3450,1250,412.3105626,0.2678294911,3.3507109,3,422,10,1492,422,0.3933649289,0.3887399464,166,580
3450,1350,412.3105626,0.264596374,3.583908046,4,435,6,1516,435,0.4045977011,0.3898416887,176,591
3450,1450,412.3105626,0.2723764821,3.548837209,3,430,10,1493,430,0.3976744186,0.387809779,171,579
3450,1550,412.3105626,0.2778731488,3.700712589,4,421,5,1521,421,0.4133016627,0.382642998,174,582
3450,1650,412.3105626,0.2726093888,3.740566038,4,424,5,1507,424,0.4150943396,0.3908427339,176,589
3450,1750,412.3105626,0.272052501,3.622641509,4,424,15,1482,424,0.4056603774,0.3913630229,172,580
3450,1850,412.3105626,0.2787342,3.758928571,4,448,3,1507,448,0.3973214286,0.3948241539,178,595
3450,1950,412.3105626,0.2922820713,3.795555556,4,450,9,1472,450,0.3955555556,0.4042119565,178,595
3450,2050,412.3105626,0.3038466491,3.591928251,3,446,8,1507,446,0.3834080717,0.402786994,171,607
3450,2150,412.3105626,0.2893623109,3.549327354,3,446,8,1510,446,0.3856502242,0.4026490066,172,608
3450,2250,412.3105626,0.2829384524,3.62763466,3,427,5,1533,427,0.4121779859,0.3985649054,176,611
3450,2350,412.3105626,0.2525322764,3.527058824,3,425,4,1543,425,0.4164705882,0.3907971484,177,603
3450,2450,412.3105626,0.2500566401,3.502347418,3,426,7,1543,426,0.4131455399,0.3907971484,176,603
3450,2550,412.3105626,0.2763773894,3.442542787,3,409,6,1523,409,0.4180929095,0.3906762968,171,595
3450,2650,412.3105626,0.2754262686,3.462469734,3,413,10,1486,413,0.411622276,0.3862718708,170,574
3450,2750,412.3105626,0.2694803835,3.53699284,3,419,10,1506,419,0.4128878282,0.3884462151,173,585
3450,2850,412.3105626,0.2509380962,3.811235955,4,445,8,1512,445,0.4247191011,0.3849206349,189,582
3450,2950,412.3105626,0.2555804188,3.473067916,3,427,7,1519,427,0.4051522248,0.3831468071,173,582
3450,3050,412.3105626,0.2760272686,3.390588235,3,425,9,1511,425,0.3858823529,0.3917935142,164,592
3450,3150,412.3105626,0.267957801,3.41108545,3,433,7,1512,433,0.3856812933,0.3882275132,167,587
3450,3250,412.3105626,0.2811313808,3.34562212,3,434,10,1537,434,0.3755760369,0.3819128172,163,587
3450,3350,400,0.2976820407,3.523923445,3,418,8,1466,418,0.3660287081,0.3819918145,153,560
3450,3450,360.5551275,0.264739011,3.64,3,400,11,1376,400,0.3725,0.3779069767,149,520
3450,3550,360.5551275,0.2413066047,3.683698297,4,411,12,1271,411,0.3771289538,0.3815892998,155,485
3450,3650,360.5551275,0.222428647,3.533018868,3,424,3,1187,424,0.3561320755,0.3765796125,151,447
3450,3750,400,0.2238281134,3.563591022,3,401,9,1079,401,0.3566084788,0.3855421687,143,416
3450,3850,447.2135955,0.2341664499,3.515738499,3,413,10,976,413,0.3535108959,0.3842213115,146,375
3450,3950,509.9019514,0.2147937579,3.372315036,3,419,9,880,419,0.3484486874,0.3795454545,146,334
3550,50,538.5164807,0.2652712105,3.642512077,3,414,9,836,414,0.3913043478,0.3815789474,162,319
3550,150,500,0.2596442679,3.726862302,3,443,5,960,443,0.39503386,0.3791666667,175,364
3550,250,424.2640687,0.2563807122,3.616113744,3,422,3,1069,422,0.3838862559,0.3854069224,162,412
3550,350,400,0.2404759426,3.722352941,3,425,5,1199,425,0.3764705882,0.3928273561,160,471
3550,450,400,0.2379641218,3.649411765,3,425,16,1285,425,0.3717647059,0.386770428,158,497
3550,550,360.5551275,0.2427823136,3.624378109,4,402,6,1374,402,0.3631840796,0.384279476,146,528
3550,650,360.5551275,0.2558221753,3.868159204,4,402,12,1449,402,0.3930348259,0.3878536922,158,562
3550,750,360.5551275,0.2326913241,3.60591133,4,406,7,1490,406,0.3694581281,0.3899328859,150,581
3550,850,400,0.2441891329,3.504651163,3,430,11,1520,430,0.3627906977,0.3914473684,156,595
3550,950,400,0.2631714491,3.377990431,3,418,3,1495,418,0.3612440191,0.3886287625,151,581
3550,1050,400,0.2732140525,3.300248139,3,403,12,1516,403,0.3672456576,0.3931398417,148,596
3550,1150,412.3105626,0.2744084179,3.401315789,3,456,10,1504,456,0.3925438596,0.388962766,179,585
3550,1250,412.3105626,0.273434795,3.689956332,4,458,2,1515,458,0.4213973799,0.39669967,193,601
3550,1350,412.3105626,0.2751411482,3.613483146,4,445,6,1524,445,0.4134831461,0.4022309711,184,613
3550,1450,412.3105626,0.2849091097,3.477678571,3,448,5,1505,448,0.390625,0.4033222591,175,607
3550,1550,412.3105626,0.3002916425,3.515011547,3,433,6,1511,433,0.4018475751,0.4023825281,174,608
3550,1650,412.3105626,0.2789016882,3.756264237,4,439,12,1500,439,0.4214123007,0.3986666667,185,598
3550,1750,412.3105626,0.2699539915,3.696230599,4,451,11,1487,451,0.4124168514,0.3987895091,186,593
3550,1850,412.3105626,0.2704659593,3.826464208,4,461,9,1497,461,0.4143167028,0.4041416166,191,605
3550,1950,400,0.2753643121,3.72345679,3,405,3,1497,405,0.3975308642,0.4054776219,161,607
3550,2050,400,0.3048396354,3.7025,3,400,7,1514,400,0.395,0.4121532365,158,624
3550,2150,412.3105626,0.2992700928,3.539473684,3,456,6,1527,456,0.3925438596,0.4106090373,179,627
3550,2250,412.3105626,0.2593725357,3.575221239,3,452,11,1528,452,0.4137168142,0.4103403141,187,627
3550,2350,412.3105626,0.2464336063,3.5625,3,448,10,1526,448,0.4196428571,0.4017038008,188,613
3550,2450,412.3105626,0.2493923898,3.497706422,3,436,10,1535,436,0.4220183486,0.4006514658,184,615
3550,2550,412.3105626,0.2618712869,3.519187359,3,443,8,1521,443,0.4198645598,0.3977646285,186,605
3550,2650,412.3105626,0.2605373335,3.568232662,3,447,12,1514,447,0.4228187919,0.4029062087,189,610
3550,2750,412.3105626,0.256983614,3.77092511,4,454,10,1483,454,0.4295154185,0.4045853001,195,600
3550,2850,412.3105626,0.2518876079,3.726872247,4,454,6,1504,454,0.4251101322,0.3969414894,193,597
3550,2950,412.3105626,0.278105191,3.474387528,3,449,7,1520,449,0.3986636971,0.4,179,608
3550,3050,412.3105626,0.2704195879,3.545652174,3,460,6,1511,460,0.4,0.4063534083,184,614
3550,3150,412.3105626,0.271788078,3.549234136,3,457,8,1523,457,0.4004376368,0.4038082731,183,615
3550,3250,412.3105626,0.2640778117,3.5404814,3,457,12,1501,457,0.4026258206,0.3957361759,184,594
3550,3350,400,0.256190522,3.677184466,4,412,4,1438,412,0.3980582524,0.388038943,164,558
3550,3450,400,0.244303971,3.944186047,4,430,13,1387,430,0.411627907,0.3850036049,177,534
3550,3550,360.5551275,0.2352670522,3.928217822,4,404,9,1267,404,0.4034653465,0.3883188635,163,492
3550,3650,360.5551275,0.2166983578,3.639150943,4,424,11,1171,424,0.3679245283,0.3868488471,156,453
3550,3750,412.3105626,0.2183017919,3.566292135,3,445,11,1062,445,0.3685393258,0.3851224105,164,409
3550,3850,424.2640687,0.2196792145,3.608374384,4,406,6,961,406,0.3694581281,0.3922996878,150,377
3550,3950,500,0.2027746413,3.488997555,3,409,12,864,409,0.3643031785,0.3888888889,149,336
3650,50,538.5164807,0.2682876559,3.656612529,3,431,6,851,431,0.3967517401,0.3971797885,171,338
3650,150,500,0.2552483115,3.728888889,3,450,10,962,450,0.4,0.3846153846,180,370
3650,250,412.3105626,0.2434453292,3.889952153,4,418,14,1073,418,0.4019138756,0.4007455732,168,430
3650,350,412.3105626,0.2449780395,3.665924276,3,449,10,1198,449,0.3875278396,0.3956594324,174,474
3650,450,400,0.2376673125,3.559241706,3,422,5,1292,422,0.3672985782,0.3885448916,155,502
3650,550,400,0.2454465075,3.675862069,4,435,9,1390,435,0.3770114943,0.3942446043,164,548
3650,650,360.5551275,0.2588112667,3.9275,4,400,12,1485,400,0.4,0.3851851852,160,572
3650,750,400,0.2396046443,3.645833333,4,432,3,1526,432,0.3842592593,0.3925294889,166,599
3650,850,400,0.2355795985,3.584507042,4,426,11,1548,426,0.3849765258,0.3888888889,164,602
3650,950,400,0.2399621533,3.720095694,4,418,9,1516,418,0.4066985646,0.3944591029,170,598
3650,1050,412.3105626,0.2567354496,3.642706131,4,473,8,1540,473,0.4059196617,0.3922077922,192,604
3650,1150,412.3105626,0.2749879223,3.549450549,3,455,8,1516,455,0.4131868132,0.3997361478,188,606
3650,1250,412.3105626,0.2827907821,3.596112311,3,463,7,1527,463,0.4060475162,0.4014407335,188,613
3650,1350,412.3105626,0.2922427,3.641758242,4,455,7,1526,455,0.4043956044,0.4069462647,184,621
3650,1450,412.3105626,0.3061136939,3.523809524,3,441,6,1514,441,0.3945578231,0.4180977543,174,633
3650,1550,412.3105626,0.2873324127,3.646118721,4,438,8,1532,438,0.4086757991,0.4125326371,179,632
3650,1650,412.3105626,0.2848054248,3.606481481,4,432,14,1504,432,0.4143518519,0.4115691489,179,619
3650,1750,412.3105626,0.2710181935,3.932166302,4,457,2,1514,457,0.4266958425,0.4141347424,195,627
3650,1850,412.3105626,0.281972926,3.734966592,4,449,5,1514,449,0.4142538976,0.4095112285,186,620
3650,1950,412.3105626,0.2775489699,3.816993464,4,459,8,1499,459,0.4183006536,0.4162775183,192,624
3650,2050,412.3105626,0.2869777198,3.670967742,3,465,7,1512,465,0.3956989247,0.4226190476,184,639
3650,2150,412.3105626,0.286069997,3.526548673,3,452,8,1536,452,0.3982300885,0.41796875,180,642
3650,2250,412.3105626,0.2547451747,3.544247788,3,452,9,1523,452,0.4115044248,0.411687459,186,627
3650,2350,412.3105626,0.2515184778,3.455580866,3,439,8,1525,439,0.4123006834,0.406557377,181,620
3650,2450,412.3105626,0.243005589,3.573951435,3,453,5,1527,453,0.417218543,0.4047151277,189,618
3650,2550,412.3105626,0.2302188089,3.72967033,4,455,10,1499,455,0.4351648352,0.4102735157,198,615
3650,2650,412.3105626,0.237785907,3.75483871,4,465,6,1502,465,0.4279569892,0.4114513981,199,618
3650,2750,400,0.2519490075,3.6525,4,400,8,1511,400,0.415,0.4096624752,166,619
3650,2850,412.3105626,0.2637658272,3.684326711,4,453,8,1499,453,0.4216335541,0.40760507,191,611
3650,2950,412.3105626,0.2552466101,3.701986755,4,453,7,1501,453,0.4216335541,0.4123917388,191,619
3650,3050,412.3105626,0.2746426951,3.71459695,4,459,7,1490,459,0.4161220044,0.4174496644,191,622
3650,3150,412.3105626,0.2677964282,3.6,3,455,11,1513,455,0.4131868132,0.4190350297,188,634
3650,3250,400,0.2661916722,3.768856448,4,411,7,1506,411,0.4087591241,0.4083665339,168,615
3650,3350,400,0.2349472241,3.896039604,4,404,8,1453,404,0.4306930693,0.3971094288,174,577
3650,3450,400,0.2350184131,3.941747573,4,412,12,1373,412,0.4296116505,0.3947560087,177,542
3650,3550,400,0.2190327331,3.952914798,4,446,9,1270,446,0.4103139013,0.3881889764,183,493
3650,3650,400,0.2253996242,3.830588235,4,425,14,1185,425,0.4,0.3898734177,170,462
3650,3750,412.3105626,0.2237787711,3.603773585,4,424,8,1080,424,0.3867924528,0.3935185185,164,425
3650,3850,447.2135955,0.2167496217,3.678486998,4,423,6,945,423,0.390070922,0.3915343915,165,370
3650,3950,500,0.2331200209,3.677419355,4,403,13,868,403,0.3895781638,0.383640553,157,333
3750,50,509.9019514,0.2599080173,3.808823529,3,408,8,852,408,0.4068627451,0.3931924883,166,335
3750,150,500,0.2514501981,3.808189655,3,464,10,973,464,0.3987068966,0.3905447071,185,380
3750,250,412.3105626,0.2415443812,3.857487923,4,414,8,1089,414,0.4033816425,0.404040404,167,440
3750,350,400,0.2346230022,3.823671498,4,414,13,1219,414,0.3937198068,0.4003281378,163,488
3750,450,400,0.2510541775,3.664233577,3,411,7,1315,411,0.3844282238,0.3984790875,158,524
3750,550,400,0.2693047736,3.723004695,3,426,8,1431,426,0.3802816901,0.3997204752,162,572
3750,650,400,0.2442281088,3.743648961,4,433,14,1505,433,0.3903002309,0.3946843854,169,594
3750,750,400,0.2448068985,3.809859155,4,426,7,1587,426,0.4014084507,0.4007561437,171,636
3750,850,400,0.2387738931,3.777262181,4,431,8,1580,431,0.403712297,0.3981012658,174,629
3750,950,400,0.234653314,3.699029126,4,412,11,1579,412,0.4101941748,0.3983533882,169,629
3750,1050,400,0.2581362962,3.679104478,3,402,7,1574,402,0.4154228856,0.3996188056,167,629
3750,1150,412.3105626,0.2647236285,3.698030635,3,457,10,1566,457,0.4288840263,0.4093231162,196,641
3750,1250,412.3105626,0.2688165053,3.715517241,4,464,7,1556,464,0.4159482759,0.4087403599,193,636
3750,1350,412.3105626,0.3040666705,3.574660633,3,442,9,1546,442,0.4027149321,0.4172056921,178,645
3750,1450,412.3105626,0.2987666369,3.68018018,4,444,9,1542,444,0.4076576577,0.4169909209,181,643
3750,1550,412.3105626,0.2946142721,3.743764172,4,441,10,1551,441,0.4126984127,0.4223081883,182,655
3750,1650,412.3105626,0.2812694584,3.925274725,4,455,6,1531,455,0.4241758242,0.4219464402,193,646
3750,1750,412.3105626,0.282079573,3.754545455,4,440,9,1523,440,0.425,0.4182534471,187,637
3750,1850,400,0.2750720692,3.9025,4.5,400,13,1518,400,0.42,0.4156785244,168,631
3750,1950,400,0.2874343908,3.708955224,3,402,9,1520,402,0.3955223881,0.4296052632,159,653
3750,2050,412.3105626,0.3205877404,3.764573991,3,446,6,1521,446,0.4147982063,0.4293228139,185,653
3750,2150,400,0.2909698413,3.9375,3,400,6,1551,400,0.4275,0.4319793681,171,670
3750,2250,412.3105626,0.29161729,3.829268293,3,451,7,1529,451,0.4257206208,0.4244604317,192,649
3750,2350,412.3105626,0.253562824,3.545851528,3,458,3,1531,458,0.4082969432,0.4167210973,187,638
3750,2450,412.3105626,0.2307014955,3.80952381,4,462,4,1526,462,0.4372294372,0.4148099607,202,633
3750,2550,400,0.2041601435,3.8325,4,400,10,1513,400,0.44,0.424322538,176,642
3750,2650,400,0.2143556529,4.009876543,4,405,5,1504,405,0.449382716,0.4135638298,182,622
3750,2750,412.3105626,0.2428402108,3.796943231,4,458,10,1501,458,0.4344978166,0.4183877415,199,628
3750,2850,400,0.2385254429,3.748129676,4,401,9,1499,401,0.4264339152,0.4182788526,171,627
3750,2950,400,0.2489991238,3.690773067,4,401,12,1508,401,0.4164588529,0.4263925729,167,643
3750,3050,412.3105626,0.2801379577,3.709821429,4,448,9,1500,448,0.4263392857,0.426,191,639
3750,3150,400,0.2763829787,3.76,4,400,5,1498,400,0.42,0.4292389853,168,643
3750,3250,412.3105626,0.246147462,3.789247312,4,465,6,1516,465,0.423655914,0.4135883905,197,627
3750,3350,400,0.2294448039,3.909090909,4,407,9,1487,407,0.42997543,0.4088769334,175,608
3750,3450,412.3105626,0.2190472343,3.983086681,4,473,8,1424,473,0.44397463,0.4030898876,210,574
3750,3550,400,0.23732108,3.8425,4,400,9,1306,400,0.4325,0.3950995406,173,516
3750,3650,400,0.2299828522,3.688279302,4,401,2,1201,401,0.4039900249,0.3905079101,162,469
3750,3750,412.3105626,0.2079586318,3.810874704,4,423,8,1101,423,0.4137115839,0.3932788374,175,433
3750,3850,447.2135955,0.1963072898,3.772182254,4,417,8,983,417,0.4076738609,0.4018311292,170,395
3750,3950,509.9019514,0.2117936177,3.607476636,4,428,8,882,428,0.3971962617,0.3979591837,170,351
3850,50,509.9019514,0.2510939022,4.004694836,3,426,8,868,426,0.4107981221,0.400921659,175,348
3850,150,447.2135955,0.2550492762,4,4,413,6,1002,413,0.406779661,0.3962075848,168,397
3850,250,412.3105626,0.2446194491,3.929577465,4,426,8,1124,426,0.396713615,0.4048042705,169,455
3850,350,400,0.249800619,3.919239905,4,421,8,1241,421,0.3919239905,0.4093473006,165,508
3850,450,360.5551275,0.2249419355,3.875,4,400,7,1368,400,0.385,0.4071637427,154,557
3850,550,400,0.2231454519,3.758215962,4,426,13,1484,426,0.3849765258,0.4009433962,164,595
3850,650,400,0.2594310592,3.946386946,4,429,6,1569,429,0.4055944056,0.4002549395,174,628
3850,750,400,0.2421452181,3.855072464,4,414,7,1615,414,0.4154589372,0.4049535604,172,654
3850,850,400,0.2429216722,3.817307692,4,416,8,1636,416,0.4110576923,0.4052567237,171,663
3850,950,400,0.2482441472,3.768115942,3,414,7,1643,414,0.4130434783,0.405356056,171,666
3850,1050,400,0.2619144233,3.720194647,3,411,9,1620,411,0.4111922141,0.4086419753,169,662
3850,1150,400,0.2414785401,3.730864198,3,405,3,1624,405,0.4197530864,0.4131773399,170,671
3850,1250,412.3105626,0.2649507411,3.789823009,4,452,8,1624,452,0.4314159292,0.4205665025,195,683
3850,1350,412.3105626,0.2820753851,3.766666667,4,450,7,1607,450,0.42,0.4237710019,189,681
3850,1450,412.3105626,0.2772006947,3.738738739,4,444,8,1578,444,0.4144144144,0.427756654,184,675
3850,1550,412.3105626,0.2885745236,3.732300885,4,452,9,1574,452,0.4115044248,0.4269377382,186,672
3850,1650,412.3105626,0.2813561026,3.95814978,5,454,5,1581,454,0.4317180617,0.4256799494,196,673
3850,1750,400,0.2626126672,4.164215686,5,408,7,1550,408,0.4411764706,0.4225806452,180,655
3850,1850,412.3105626,0.2693507188,3.885964912,4,456,8,1547,456,0.4298245614,0.4253393665,196,658
3850,1950,400,0.3034994895,3.940740741,4,405,11,1557,405,0.4172839506,0.4335260116,169,675
3850,2050,400,0.3009245922,3.868486352,3,403,11,1568,403,0.4143920596,0.4343112245,167,681
3850,2150,412.3105626,0.2923975298,3.795652174,3,460,10,1580,460,0.4195652174,0.435443038,193,688
3850,2250,400,0.2808368239,3.958333333,3,408,9,1587,408,0.4240196078,0.4366729679,173,693
3850,2350,412.3105626,0.2673754259,3.989539749,4,478,8,1578,478,0.4288702929,0.4226869455,205,667
3850,2450,400,0.2183918526,3.973621103,4,417,6,1541,417,0.4364508393,0.4218040234,182,650
3850,2550,400,0.2178059122,4.026829268,4,410,9,1533,410,0.4487804878,0.4292237443,184,658
3850,2650,400,0.2239660566,3.904176904,4,407,2,1530,407,0.4348894349,0.4281045752,177,655
3850,2750,400,0.2262615283,3.795,4,400,13,1539,400,0.43,0.4314489929,172,664
3850,2850,400,0.229661692,3.948402948,4,407,9,1560,407,0.4398034398,0.4346153846,179,678
3850,2950,412.3105626,0.2611935444,3.627494457,4,451,12,1543,451,0.4235033259,0.430330525,191,664
3850,3050,412.3105626,0.2727201749,3.510964912,3,456,9,1542,456,0.4013157895,0.4351491569,183,671
3850,3150,400,0.266936849,3.84,4,400,4,1539,400,0.425,0.4320987654,170,665
3850,3250,400,0.2341805565,4.07654321,4,405,6,1591,405,0.449382716,0.4211187932,182,670
3850,3350,412.3105626,0.2227467811,4.077253219,4,466,11,1537,466,0.4549356223,0.4137931034,212,636
3850,3450,412.3105626,0.2397302407,3.846491228,4,456,7,1461,456,0.4385964912,0.4065708419,200,594
3850,3550,412.3105626,0.2377152358,3.699300699,4,429,10,1356,429,0.4405594406,0.4063421829,189,551
3850,3650,412.3105626,0.2215261443,3.868663594,4,434,7,1253,434,0.4377880184,0.4070231445,190,510
3850,3750,412.3105626,0.2092837061,3.990123457,4,405,7,1140,405,0.4395061728,0.4070175439,178,464
3850,3850,500,0.2069018031,3.897435897,4,468,11,1033,468,0.4209401709,0.4094869313,197,423
3850,3950,509.9019514,0.190504187,3.852112676,4,426,2,906,426,0.4178403756,0.4028697572,178,365
3950,50,509.9019514,0.2438142674,3.740384615,3,416,7,878,416,0.3990384615,0.410022779,166,360
3950,150,500,0.2400432718,3.717062635,3,463,6,1011,463,0.3887688985,0.412462908,180,417
3950,250,412.3105626,0.2296569293,3.68,3,400,3,1155,400,0.395,0.4138528139,158,478
3950,350,400,0.2098083444,3.845238095,4,420,10,1277,420,0.4,0.4228660924,168,540
3950,450,400,0.2180515177,3.970046083,4,434,8,1395,434,0.3986175115,0.4243727599,173,592
3950,550,400,0.2362171851,3.838554217,4,415,9,1507,415,0.4048192771,0.4167219642,168,628
3950,650,400,0.2407575685,3.941747573,4,412,9,1587,412,0.4174757282,0.4133585381,172,656
3950,750,400,0.2306176515,3.919621749,4,423,7,1631,423,0.4208037825,0.4114040466,178,671
3950,850,400,0.236044875,4.002386635,4,419,11,1642,419,0.4295942721,0.4171741778,180,685
3950,950,400,0.2292767788,3.95410628,4,414,8,1641,414,0.4275362319,0.4156002438,177,682
3950,1050,400,0.243219641,3.779661017,3,413,10,1626,413,0.4140435835,0.4169741697,171,678
3950,1150,400,0.2453605413,4.012048193,4,415,9,1635,415,0.4361445783,0.4171253823,181,682
3950,1250,412.3105626,0.2578699219,3.836601307,4,459,10,1614,459,0.4226579521,0.4250309789,194,686
3950,1350,412.3105626,0.2802607968,3.542923434,3,431,7,1600,431,0.4106728538,0.43,177,688
3950,1450,412.3105626,0.2693663062,3.718120805,4,447,5,1577,447,0.4228187919,0.4350031706,189,686
3950,1550,400,0.2466940589,4.019950125,4,401,6,1591,401,0.433915212,0.438089252,174,697
3950,1650,412.3105626,0.2740775313,4.060344828,4,464,7,1584,464,0.4396551724,0.4368686869,204,692
3950,1750,412.3105626,0.2810445784,4.045751634,5,459,3,1545,459,0.440087146,0.4355987055,202,673
3950,1850,400,0.294383171,4.156327543,4,403,10,1575,403,0.4367245658,0.4349206349,176,685
3950,1950,412.3105626,0.297869231,3.81838565,3,446,16,1569,446,0.4260089686,0.43722116,190,686
3950,2050,400,0.280095226,3.953316953,3,407,4,1587,407,0.4226044226,0.4417139256,172,701
3950,2150,400,0.2889488854,3.928217822,3,404,11,1567,404,0.4232673267,0.4390555201,171,688
3950,2250,400,0.2703640499,3.93062201,3,418,8,1591,418,0.4186602871,0.4362036455,175,694
3950,2350,400,0.2565415989,4.266009852,4,406,12,1578,406,0.4556650246,0.4258555133,185,672
3950,2450,400,0.2626303781,4.02905569,4,413,6,1549,413,0.4309927361,0.4293092318,178,665
3950,2550,412.3105626,0.2323250917,3.828389831,4,472,5,1541,472,0.4258474576,0.4328358209,201,667
3950,2650,400,0.2271368979,4,4,407,8,1562,407,0.4422604423,0.4340588988,180,678
3950,2750,400,0.2205369934,3.948402948,4,407,9,1547,407,0.4422604423,0.4369747899,180,676
3950,2850,412.3105626,0.2303659621,3.724604966,4,443,11,1542,443,0.4424379233,0.4429312581,196,683
3950,2950,412.3105626,0.2553272269,3.72,3,450,6,1543,450,0.4288888889,0.4406999352,193,680
3950,3050,400,0.2462539419,3.784653465,4,404,8,1542,404,0.4232673267,0.4435797665,171,684
3950,3150,412.3105626,0.2370516026,3.823779193,4,471,7,1544,471,0.4267515924,0.4384715026,201,677
3950,3250,412.3105626,0.253163763,3.944933921,4,454,6,1580,454,0.4471365639,0.4303797468,203,680
3950,3350,412.3105626,0.2428455011,3.993181818,4,440,8,1541,440,0.4613636364,0.4263465282,203,657
3950,3450,412.3105626,0.2398241934,3.770833333,4,432,13,1476,432,0.4490740741,0.4173441734,194,616
3950,3550,412.3105626,0.2325533265,3.847926267,4,434,8,1390,434,0.4516129032,0.4129496403,196,574
3950,3650,412.3105626,0.2140178854,3.961813842,4,419,5,1274,419,0.4558472554,0.4167974882,191,531
3950,3750,412.3105626,0.1959471649,3.88,4,400,7,1150,400,0.4325,0.4156521739,173,478
3950,3850,447.2135955,0.1979261878,3.873449132,4,403,8,1038,403,0.4193548387,0.4210019268,169,437
3950,3950,509.9019514,0.2123242373,3.76372315,4,419,7,903,419,0.4057279236,0.415282392,170,375
4050,50,509.9019514,0.2366453942,3.721549637,3,413,6,889,413,0.4043583535,0.4173228346,167,371
4050,150,447.2135955,0.2287264864,3.806845966,4,409,14,1012,409,0.4034229829,0.4258893281,165,431
4050,250,412.3105626,0.226518135,3.827423168,4,423,11,1143,423,0.3995271868,0.4286964129,169,490
4050,350,400,0.2294032976,3.763092269,3,401,3,1275,401,0.4014962594,0.4337254902,161,553
4050,450,400,0.230659649,3.77037037,4,405,9,1406,405,0.4,0.4281650071,162,602
4050,550,400,0.2411569593,4.007042254,4,426,8,1501,426,0.4107981221,0.4250499667,175,638
4050,650,400,0.2302881097,3.784688995,4,418,7,1565,418,0.4043062201,0.4249201278,169,665
4050,750,400,0.2375696502,3.962871287,4,404,12,1620,404,0.4331683168,0.4265432099,175,691
4050,850,400,0.2135185896,3.964705882,4,425,7,1632,425,0.4235294118,0.431372549,180,704
4050,950,400,0.222923498,3.965601966,4,407,7,1627,407,0.4398034398,0.4290104487,179,698
4050,1050,400,0.2276460385,4.048543689,4,412,11,1620,412,0.4344660194,0.4302469136,179,697
4050,1150,400,0.2470337621,3.8875,4,400,6,1594,400,0.4275,0.4335006274,171,691
4050,1250,412.3105626,0.2599173554,3.80952381,4,462,13,1636,462,0.4199134199,0.4358190709,194,713
4050,1350,412.3105626,0.2397045731,3.823144105,4,458,6,1592,458,0.4257641921,0.4422110553,195,704
4050,1450,412.3105626,0.2469166701,3.921875,4,448,13,1562,448,0.4464285714,0.447503201,200,699
4050,1550,412.3105626,0.246671843,4.070021882,4,457,5,1569,457,0.4551422319,0.4493307839,208,705
4050,1650,412.3105626,0.2627008965,4.105494505,5,455,9,1584,455,0.4549450549,0.4419191919,207,700
4050,1750,412.3105626,0.2952060519,4.298056156,5,463,10,1583,463,0.4514038877,0.4421983575,209,700
4050,1850,400,0.3090812028,4.182044888,4,401,6,1562,401,0.4389027431,0.4449423816,176,695
4050,1950,412.3105626,0.2935269624,4.071583514,4,461,6,1545,461,0.4338394794,0.4420711974,200,683
4050,2050,400,0.2764024651,4.02238806,4,402,10,1551,402,0.4303482587,0.4397163121,173,682
4050,2150,400,0.2634401684,4.029126214,4,412,11,1573,412,0.432038835,0.4469167196,178,703
4050,2250,400,0.2709578846,3.972568579,3,401,8,1590,401,0.4413965087,0.4427672956,177,704
4050,2350,412.3105626,0.2717430389,4.030172414,4,464,8,1553,464,0.4418103448,0.4423696072,205,687
4050,2450,412.3105626,0.2739024825,3.927472527,4,455,7,1555,455,0.4351648352,0.4398713826,198,684
4050,2550,412.3105626,0.2664360295,4.010683761,4,468,12,1565,468,0.4337606838,0.4383386581,203,686
4050,2650,400,0.2289252778,3.903703704,4,405,6,1552,405,0.4320987654,0.4387886598,175,681
4050,2750,412.3105626,0.2200263068,3.926724138,4,464,10,1558,464,0.4418103448,0.4409499358,205,687
4050,2850,412.3105626,0.2363199138,3.653932584,3,445,10,1558,445,0.4269662921,0.4473684211,190,697
4050,2950,412.3105626,0.2386057264,3.709090909,3,440,9,1522,440,0.4386363636,0.444152431,193,676
4050,3050,412.3105626,0.2464426229,3.971800434,4,461,10,1539,461,0.4490238612,0.4476933073,207,689
4050,3150,412.3105626,0.2543517303,3.827050998,4,451,8,1562,451,0.4412416851,0.4398207426,199,687
4050,3250,412.3105626,0.2391737511,3.814058957,4,441,4,1565,441,0.4535147392,0.4383386581,200,686
4050,3350,412.3105626,0.2470740103,3.778313253,4,415,4,1527,415,0.4674698795,0.4322200393,194,660
4050,3450,412.3105626,0.2422178945,3.798099762,4,421,5,1455,421,0.460807601,0.4240549828,194,617
4050,3550,412.3105626,0.2086709757,4.011111111,4,450,11,1377,450,0.4622222222,0.41902687,208,577
4050,3650,412.3105626,0.2119689826,3.876168224,4,428,5,1278,428,0.4392523364,0.4256651017,188,544
4050,3750,424.2640687,0.2205288361,3.858910891,4,404,3,1146,404,0.4306930693,0.4319371728,174,495
4050,3850,500,0.2214785425,3.803167421,4,442,8,1009,442,0.4208144796,0.4241823588,186,428
4050,3950,509.9019514,0.2182135561,3.867149758,4,414,12,893,414,0.4178743961,0.4266517357,173,381
4150,50,509.9019514,0.2316831357,3.795,3.5,400,4,891,400,0.4275,0.4354657688,171,388
4150,150,500,0.2367584905,3.833698031,4,457,8,1002,457,0.4157549234,0.4371257485,190,438
4150,250,424.2640687,0.2396293053,3.905437352,4,423,9,1125,423,0.4208037825,0.44,178,495
4150,350,412.3105626,0.2391229855,3.821670429,4,443,13,1272,443,0.4108352144,0.4402515723,182,560
4150,450,400,0.2340248348,4.014634146,4,410,11,1365,410,0.4219512195,0.4351648352,173,594
4150,550,400,0.2359615954,3.825436409,4,401,11,1468,401,0.4139650873,0.4373297003,166,642
4150,650,400,0.2247201039,3.995203837,4,417,13,1563,417,0.4268585132,0.4350607806,178,680
4150,750,400,0.2149958712,4.119047619,4,420,1,1627,420,0.4428571429,0.4357713583,186,709
4150,850,400,0.2149298921,4.002369668,4,422,11,1630,422,0.4312796209,0.4374233129,182,713
4150,950,400,0.2140484408,4.214797136,4,419,10,1620,419,0.4439140811,0.4487654321,186,727
4150,1050,400,0.2174363187,4.02238806,4,402,7,1617,402,0.4378109453,0.4458874459,176,721
4150,1150,400,0.2320558912,4.1375,4,400,9,1616,400,0.4425,0.4573019802,177,739
4150,1250,400,0.2476389992,4.014888337,4,403,12,1603,403,0.4317617866,0.4479101684,174,718
4150,1350,400,0.2347769966,3.950248756,4,402,10,1577,402,0.4303482587,0.4584654407,173,723
4150,1450,412.3105626,0.2202692667,3.967248908,4,458,3,1577,458,0.4454148472,0.4590995561,204,724
4150,1550,412.3105626,0.2576528961,3.893424036,4,441,14,1579,441,0.4489795918,0.4648511716,198,734
4150,1650,412.3105626,0.2722071279,3.984340045,4,447,6,1561,447,0.4496644295,0.4554772582,201,711
4150,1750,412.3105626,0.3012984117,4.129753915,4,447,8,1582,447,0.451901566,0.4456384324,202,705
4150,1850,412.3105626,0.2957837984,4.244988864,4,449,12,1553,449,0.4565701559,0.4443013522,205,690
4150,1950,400,0.2729693648,4.4475,4,400,9,1559,400,0.4775,0.4515715202,191,704
4150,2050,412.3105626,0.2531842519,4.182017544,4,456,4,1554,456,0.4605263158,0.4523809524,210,703
4150,2150,400,0.2676297327,4.078624079,4,407,16,1560,407,0.4398034398,0.4544871795,179,709
4150,2250,400,0.2598388953,4.23902439,4,410,9,1549,410,0.4463414634,0.4519044545,183,700
4150,2350,412.3105626,0.270391149,3.889135255,4,451,11,1550,451,0.4412416851,0.4593548387,199,712
4150,2450,412.3105626,0.2571770729,4.034858388,4,459,10,1560,459,0.4488017429,0.4538461538,206,708
4150,2550,400,0.2508878904,4.202933985,4,409,7,1568,409,0.4523227384,0.4572704082,185,717
4150,2650,412.3105626,0.2429715196,3.821978022,4,455,13,1561,455,0.4307692308,0.4490711083,196,701
4150,2750,412.3105626,0.2569472918,3.694196429,4,448,5,1576,448,0.421875,0.4517766497,189,712
4150,2850,412.3105626,0.2304567834,3.811529933,4,451,8,1567,451,0.4390243902,0.4537332482,198,711
4150,2950,412.3105626,0.2285952695,3.935555556,4,450,9,1567,450,0.4577777778,0.4582003829,206,718
4150,3050,412.3105626,0.2432138404,3.837899543,4,438,6,1554,438,0.4543378995,0.453024453,199,704
4150,3150,412.3105626,0.2449631515,3.872437358,4,439,9,1568,439,0.4555808656,0.4477040816,200,702
4150,3250,412.3105626,0.2446811996,3.807142857,4,420,9,1553,420,0.4666666667,0.4378622022,196,680
4150,3350,412.3105626,0.2375824567,3.806763285,4,414,8,1518,414,0.4734299517,0.442687747,196,672
4150,3450,412.3105626,0.2044266226,3.906323185,4,427,8,1449,427,0.4754098361,0.4423740511,203,641
4150,3550,412.3105626,0.2021648263,3.957777778,4,450,9,1353,450,0.4533333333,0.4345898004,204,588
4150,3650,412.3105626,0.2174005767,4.020642202,4,436,9,1238,436,0.4449541284,0.4345718901,194,538
4150,3750,424.2640687,0.2381937621,3.891089109,4,404,8,1116,404,0.4306930693,0.4318996416,174,482
4150,3850,500,0.2212202936,3.885393258,4,445,9,999,445,0.4269662921,0.4314314314,190,431
4150,3950,509.9019514,0.2337374152,3.895781638,4,403,12,894,403,0.4267990074,0.4407158837,172,394
4250,50,509.9019514,0.2393859885,3.918316832,4,404,6,865,404,0.4381188119,0.438150289,177,379
4250,150,500,0.2370061467,3.917225951,4,447,11,990,447,0.4362416107,0.4414141414,195,437
4250,250,424.2640687,0.2422002836,3.888349515,4,412,8,1115,412,0.4296116505,0.4511210762,177,503
4250,350,412.3105626,0.2406441303,3.876993166,4,439,14,1249,439,0.4214123007,0.4539631705,185,567
4250,450,400,0.2438888319,3.821782178,4,404,5,1337,404,0.4084158416,0.4525056096,165,605
4250,550,400,0.2260578615,4.050724638,4,414,8,1452,414,0.422705314,0.4511019284,175,655
4250,650,400,0.2207434698,4.103448276,4,406,6,1560,406,0.4433497537,0.4474358974,180,698
4250,750,400,0.2190108511,4.26056338,4,426,9,1617,426,0.4436619718,0.4452690167,189,720
4250,850,400,0.2202293763,4.226190476,4,420,5,1620,420,0.4428571429,0.4450617284,186,721
4250,950,400,0.2059037701,4.201438849,4,417,8,1598,417,0.4460431655,0.4561952441,186,729
4250,1050,400,0.2069187333,4.107579462,4,409,13,1585,409,0.4449877751,0.4548895899,182,721
4250,1150,400,0.2113166134,4.191646192,4,407,13,1588,407,0.4520884521,0.4571788413,184,726
4250,1250,400,0.2079602061,4.143902439,4,410,4,1580,410,0.4463414634,0.4601265823,183,727
4250,1350,400,0.2306725608,3.992592593,4,405,10,1548,405,0.4320987654,0.4644702842,175,719
4250,1450,412.3105626,0.2301430281,3.923245614,4,456,6,1577,456,0.4451754386,0.4692454027,203,740
4250,1550,412.3105626,0.2392163739,3.988864143,4,449,6,1557,449,0.4498886414,0.469492614,202,731
4250,1650,412.3105626,0.2648615924,3.886046512,4,430,7,1578,430,0.4511627907,0.4657794677,194,735
4250,1750,412.3105626,0.273854971,4.299319728,4,441,5,1603,441,0.4716553288,0.4578914535,208,734
4250,1850,412.3105626,0.2806571723,4.208920188,4,426,6,1565,426,0.4812206573,0.4555910543,205,713
4250,1950,412.3105626,0.2529066223,4.455555556,4,450,5,1567,450,0.4911111111,0.4582003829,221,718
4250,2050,412.3105626,0.24707594,4.331932773,4,476,11,1554,476,0.4663865546,0.4633204633,222,720
4250,2150,400,0.2415974427,4.269607843,4,408,4,1573,408,0.4534313725,0.4659885569,185,733
4250,2250,412.3105626,0.2593820074,3.961620469,4,469,11,1537,469,0.4221748401,0.46258946,198,711
4250,2350,400,0.2501977135,4.104738155,4,401,8,1544,401,0.4463840399,0.460492228,179,711
4250,2450,400,0.2737966609,4.054726368,4,402,12,1577,402,0.4427860697,0.4610019023,178,727
4250,2550,412.3105626,0.2753110432,4.011013216,4,454,8,1562,454,0.4471365639,0.4615877081,203,721
4250,2650,412.3105626,0.2449567351,3.91011236,4,445,7,1541,445,0.4516853933,0.464633355,201,716
4250,2750,412.3105626,0.2618094634,3.751152074,4,434,6,1538,434,0.435483871,0.4590377113,189,706
4250,2850,412.3105626,0.2465137135,3.938325991,4,454,11,1561,454,0.4449339207,0.4593209481,202,717
4250,2950,412.3105626,0.233385843,3.965675057,4,437,10,1546,437,0.471395881,0.468305304,206,724
4250,3050,412.3105626,0.2441081436,3.815602837,4,423,3,1546,423,0.463356974,0.4637774903,196,717
4250,3150,412.3105626,0.241609515,3.759036145,4,415,7,1549,415,0.4626506024,0.4525500323,192,701
4250,3250,412.3105626,0.2310193888,3.972286374,4,433,11,1557,433,0.4688221709,0.445728966,203,694
4250,3350,412.3105626,0.2100943273,4.060674157,4,445,9,1507,445,0.4696629213,0.4538818845,209,684
4250,3450,412.3105626,0.213091958,4.029680365,4,438,4,1422,438,0.4703196347,0.4465541491,206,635
4250,3550,412.3105626,0.2070347253,4.065359477,4,459,5,1330,459,0.4531590414,0.4466165414,208,594
4250,3650,412.3105626,0.2150416203,4.020361991,4,442,3,1234,442,0.4389140271,0.4448946515,194,549
4250,3750,412.3105626,0.2342990956,3.87,4,400,10,1116,400,0.425,0.4372759857,170,488
4250,3850,500,0.2207374415,3.988986784,4,454,5,1008,454,0.4317180617,0.4384920635,196,442
4250,3950,509.9019514,0.2272668363,3.895781638,4,403,11,879,403,0.4317617866,0.441410694,174,388
4350,50,509.9019514,0.2348626312,4.054054054,4,407,9,859,407,0.4471744472,0.4493597206,182,386
4350,150,500,0.2398534535,4.111111111,4,450,10,984,450,0.4511111111,0.450203252,203,443
4350,250,412.3105626,0.2346744718,4.061728395,4,405,1,1097,405,0.4395061728,0.4557885141,178,500
4350,350,400,0.2381714377,4.004950495,4,404,11,1230,404,0.4257425743,0.4577235772,172,563
4350,450,400,0.2275635673,4.131707317,4,410,5,1343,410,0.4390243902,0.4601638124,180,618
4350,550,412.3105626,0.2364943444,4.139784946,4,465,9,1437,465,0.4559139785,0.4592901879,212,660
4350,650,400,0.2219905784,4.169950739,4,406,5,1533,406,0.4433497537,0.4611872146,180,707
4350,750,400,0.2120684661,4.267942584,4,418,11,1593,418,0.45215311,0.458254865,189,730
4350,850,400,0.2200056388,4.220873786,4,412,5,1617,412,0.4441747573,0.4557823129,183,737
4350,950,412.3105626,0.2162759313,4.203862661,4,466,6,1597,466,0.4570815451,0.4621164684,213,738
4350,1050,400,0.1941213746,4.26405868,4,409,9,1575,409,0.4572127139,0.4704761905,187,741
4350,1150,400,0.2024063531,4.037220844,4,403,9,1581,403,0.4441687345,0.4693232132,179,742
4350,1250,400,0.2058955732,4.224096386,4,415,2,1543,415,0.4506024096,0.4782890473,187,738
4350,1350,412.3105626,0.2133470087,4.137254902,4,459,6,1560,459,0.4662309368,0.4724358974,214,737
4350,1450,412.3105626,0.2375248205,4.214285714,4,476,8,1579,476,0.4474789916,0.4768841039,213,753
4350,1550,412.3105626,0.2420856065,4.13876652,4,454,9,1573,454,0.4603524229,0.4742530197,209,746
4350,1650,412.3105626,0.2468125317,4.224537037,4,432,9,1590,432,0.4837962963,0.4729559748,209,752
4350,1750,412.3105626,0.2380421465,4.077858881,4,411,5,1593,411,0.496350365,0.461393597,204,735
4350,1850,412.3105626,0.2234514073,4.495495495,4,444,8,1577,444,0.5045045045,0.4698795181,224,741
4350,1950,412.3105626,0.2269468029,4.417040359,4,446,6,1561,446,0.5,0.465727098,223,727
4350,2050,412.3105626,0.2190887278,4.467532468,4,462,4,1539,462,0.4913419913,0.4710851202,227,725
4350,2150,400,0.2277020802,4.183622829,4,403,6,1539,403,0.4516129032,0.469785575,182,723
4350,2250,412.3105626,0.2452984128,4.047311828,4,465,7,1566,465,0.4430107527,0.4687100894,206,734
4350,2350,400,0.2669433344,4,4,403,6,1549,403,0.4193548387,0.471917366,169,731
4350,2450,412.3105626,0.2655985576,4.135371179,4,458,10,1567,458,0.4519650655,0.4696873006,207,736
4350,2550,412.3105626,0.247843826,3.918141593,4,452,4,1556,452,0.453539823,0.4601542416,205,716
4350,2650,412.3105626,0.2561943068,3.839002268,4,441,4,1530,441,0.4512471655,0.4660130719,199,713
4350,2750,412.3105626,0.2651931205,3.812064965,4,431,3,1539,431,0.4547563805,0.4658869396,196,717
4350,2850,412.3105626,0.256599407,3.906759907,4,429,9,1563,429,0.4638694639,0.4644913628,199,726
4350,2950,412.3105626,0.2619921139,3.808056872,4,422,6,1545,422,0.4573459716,0.4621359223,193,714
4350,3050,412.3105626,0.2321553032,3.775656325,4,419,7,1551,419,0.4653937947,0.4590586718,195,712
4350,3150,412.3105626,0.226417625,3.809638554,4,415,7,1559,415,0.4771084337,0.4573444516,198,713
4350,3250,412.3105626,0.2286585013,3.876777251,4,422,8,1566,422,0.4691943128,0.4546615581,198,712
4350,3350,412.3105626,0.2085667489,4.006681514,4,449,7,1497,449,0.4543429844,0.4535738143,204,679
4350,3450,400,0.1995483296,4.180693069,4,404,7,1419,404,0.4554455446,0.4531360113,184,643
4350,3550,412.3105626,0.223371431,4.059340659,4,455,3,1315,455,0.4549450549,0.4517110266,207,594
4350,3650,412.3105626,0.2163173888,4.056433409,4,443,5,1221,443,0.4469525959,0.4512694513,198,551
4350,3750,412.3105626,0.2202909368,4.022277228,4,404,14,1094,404,0.4405940594,0.4515539305,178,494
4350,3850,500,0.2313321338,3.90969163,4,454,12,997,454,0.4273127753,0.4473420261,194,446
4350,3950,509.9019514,0.236884354,3.869458128,4,406,14,883,406,0.4236453202,0.4382785957,172,387
4450,50,509.9019514,0.2388015622,4.211442786,4,402,9,857,402,0.4626865672,0.4655775963,186,399
4450,150,500,0.2281618653,4.247216036,4,449,12,986,449,0.4654788419,0.4665314402,209,460
4450,250,412.3105626,0.2413141516,4.201492537,4,402,10,1115,402,0.4527363184,0.467264574,182,521
4450,350,400,0.2216080921,4.2325,4.5,400,4,1227,400,0.465,0.4718826406,186,579
4450,450,400,0.2102815396,4.309133489,5,427,8,1334,427,0.4566744731,0.4737631184,195,632
4450,550,400,0.2278148911,4.2475,5,400,11,1432,400,0.46,0.4741620112,184,679
4450,650,400,0.2123794803,4.534653465,5,404,9,1540,404,0.4876237624,0.4733766234,197,729
4450,750,412.3105626,0.2170124687,4.262472885,4,461,10,1563,461,0.4685466377,0.4676903391,216,731
4450,850,412.3105626,0.2091102084,4.259259259,4,459,11,1604,459,0.4705882353,0.470074813,216,754
4450,950,412.3105626,0.2091870862,4.246153846,4,455,5,1603,455,0.4747252747,0.4716157205,216,756
4450,1050,400,0.1919189199,4.353510896,4,413,15,1576,413,0.4697336562,0.4841370558,194,763
4450,1150,400,0.1808024423,4.204488778,4,401,5,1564,401,0.4663341646,0.4859335038,187,760
4450,1250,400,0.1793778527,4.097014925,4,402,7,1555,402,0.4577114428,0.4887459807,184,760
4450,1350,400,0.211397885,4.351941748,4,412,9,1553,412,0.4660194175,0.4855119124,192,754
4450,1450,400,0.2104614264,4.596577017,4,409,11,1557,409,0.4938875306,0.4823378292,202,751
4450,1550,412.3105626,0.2239602997,4.33106576,4,441,7,1572,441,0.4988662132,0.4866412214,220,765
4450,1650,412.3105626,0.223845782,4.215311005,4,418,5,1592,418,0.5,0.4773869347,209,760
4450,1750,412.3105626,0.208331684,4.325740319,4,439,9,1593,439,0.5079726651,0.4701820465,223,749
4450,1850,412.3105626,0.2001626661,4.166666667,4,426,12,1594,426,0.5070422535,0.4717691343,216,752
4450,1950,412.3105626,0.2167552418,4.339449541,4,436,7,1568,436,0.504587156,0.4725765306,220,741
4450,2050,412.3105626,0.23059985,4.230769231,4,442,1,1560,442,0.4864253394,0.4769230769,215,744
4450,2150,400,0.2424196429,4.2,4,400,8,1548,400,0.46,0.4870801034,184,754
4450,2250,400,0.2383671334,4.184538653,4,401,8,1556,401,0.4563591022,0.485218509,183,755
4450,2350,412.3105626,0.2549178425,4.042222222,4,450,6,1516,450,0.4533333333,0.4868073879,204,738
4450,2450,412.3105626,0.2278821805,4.057649667,4,451,8,1531,451,0.4611973392,0.4787720444,208,733
4450,2550,412.3105626,0.242413975,4.202614379,4,459,6,1569,459,0.4749455338,0.4684512428,218,735
4450,2650,412.3105626,0.2495318906,4.044642857,4,448,10,1554,448,0.4665178571,0.4697554698,209,730
4450,2750,412.3105626,0.2693724335,4.009153318,4,437,8,1547,437,0.466819222,0.4673561732,204,723
4450,2850,412.3105626,0.2746646946,3.727923628,4,419,5,1562,419,0.4534606205,0.4724711908,190,738
4450,2950,412.3105626,0.2601144901,3.762711864,4,413,7,1548,413,0.4600484262,0.4677002584,190,724
4450,3050,412.3105626,0.2320147634,3.916666667,4,420,4,1552,420,0.4785714286,0.4645618557,201,721
4450,3150,412.3105626,0.2207578918,4.03962704,4,429,9,1540,429,0.4825174825,0.4655844156,207,717
4450,3250,412.3105626,0.2110012466,3.985948478,4,427,6,1542,427,0.4847775176,0.4656290532,207,718
4450,3350,412.3105626,0.2151858723,4.115646259,4,441,6,1492,441,0.4716553288,0.4544235925,208,678
4450,3450,412.3105626,0.2160646853,4.085526316,4,456,9,1402,456,0.4561403509,0.4657631954,208,653
4450,3550,400,0.2207362106,4.101485149,4,404,9,1301,404,0.448019802,0.4573405073,181,595
4450,3650,412.3105626,0.2150906918,4.038812785,4,438,9,1216,438,0.4497716895,0.4514802632,197,549
4450,3750,412.3105626,0.2132701278,4.024752475,4,404,15,1104,404,0.4405940594,0.4528985507,178,500
4450,3850,447.2135955,0.2057484103,4.09382716,4,405,5,990,405,0.437037037,0.4545454545,177,450
4450,3950,509.9019514,0.2003357642,4.08411215,4,428,8,869,428,0.4345794393,0.4418872267,186,384
4550,50,509.9019514,0.2286445194,4.313580247,4,405,6,863,405,0.4765432099,0.4774044032,193,412
4550,150,500,0.2407270719,4.246013667,4,439,5,992,439,0.4760820046,0.4768145161,209,473
4550,250,424.2640687,0.2321001661,4.192118227,4,406,6,1091,406,0.4778325123,0.4848762603,194,529
4550,350,412.3105626,0.2260436115,4.315909091,5,440,4,1229,440,0.4818181818,0.4890154597,212,601
4550,450,412.3105626,0.214454846,4.384288747,5,471,9,1318,471,0.4819532909,0.4848254932,227,639
4550,550,412.3105626,0.2074781062,4.344827586,5,464,7,1422,464,0.4849137931,0.4894514768,225,696
4550,650,412.3105626,0.2038837445,4.384615385,5,442,5,1521,442,0.5022624434,0.4786324786,222,728
4550,750,412.3105626,0.2241605046,4.366589327,4,431,13,1574,431,0.5081206497,0.4777636595,219,752
4550,850,412.3105626,0.2020602348,4.424175824,4,455,5,1585,455,0.4989010989,0.4744479495,227,752
4550,950,400,0.174168132,4.519704433,5,406,12,1573,406,0.4926108374,0.48633185,200,765
4550,1050,412.3105626,0.1824673861,4.377398721,4,469,7,1562,469,0.4818763326,0.4846350832,226,757
4550,1150,400,0.1697451504,4.417283951,4,405,11,1552,405,0.4864197531,0.4896907216,197,760
4550,1250,412.3105626,0.1853612631,4.338235294,4,476,7,1546,476,0.474789916,0.4870633894,226,753
4550,1350,400,0.202562288,4.428927681,4,401,12,1549,401,0.4887780549,0.490639122,196,760
4550,1450,412.3105626,0.2114800437,4.485714286,4,455,8,1563,455,0.5010989011,0.4881637876,228,763
4550,1550,412.3105626,0.2094494523,4.406392694,4,438,9,1571,438,0.5182648402,0.4856779122,227,763
4550,1650,412.3105626,0.2100532248,4.377314815,4,432,8,1566,432,0.5208333333,0.4846743295,225,759
4550,1750,412.3105626,0.2048800788,4.324884793,4,434,3,1592,434,0.5115207373,0.483040201,222,769
4550,1850,412.3105626,0.2055841266,4.45045045,4,444,10,1603,444,0.518018018,0.4797255147,230,769
4550,1950,412.3105626,0.1944837413,4.251162791,4,430,5,1594,430,0.511627907,0.4818067754,220,768
4550,2050,412.3105626,0.2207479937,4.206349206,4,441,1,1578,441,0.4829931973,0.4885931559,213,771
4550,2150,412.3105626,0.2284409817,4.141255605,4,446,9,1554,446,0.4753363229,0.4961389961,212,771
4550,2250,412.3105626,0.2429146804,4.271551724,4,464,11,1555,464,0.4655172414,0.4893890675,216,761
4550,2350,412.3105626,0.2103899484,4.137168142,4,452,12,1536,452,0.4756637168,0.4915364583,215,755
4550,2450,412.3105626,0.2305599102,4.156599553,4,447,7,1519,447,0.4742729306,0.4851876234,212,737
4550,2550,412.3105626,0.2268605863,4.160792952,4,454,9,1542,454,0.4779735683,0.4773022049,217,736
4550,2650,412.3105626,0.2448389138,4.245454545,5,440,4,1541,440,0.4909090909,0.4795587281,216,739
4550,2750,412.3105626,0.2569276074,4.127853881,4,438,8,1557,438,0.4817351598,0.4765574823,211,742
4550,2850,412.3105626,0.269740414,3.990498812,4,421,5,1544,421,0.4750593824,0.475388601,200,734
4550,2950,412.3105626,0.2550666261,3.794117647,4,408,7,1545,408,0.4754901961,0.4750809061,194,734
4550,3050,412.3105626,0.2311465884,4.030444965,4,427,10,1557,427,0.4824355972,0.4733461785,206,737
4550,3150,412.3105626,0.2044422311,4.08428246,4,439,13,1539,439,0.4874715262,0.4684860299,214,721
4550,3250,412.3105626,0.2080536078,4.007058824,4,425,4,1528,425,0.4870588235,0.4679319372,207,715
4550,3350,412.3105626,0.2142224191,4.121621622,4,444,7,1496,444,0.4774774775,0.4618983957,212,691
4550,3450,412.3105626,0.2258372565,4.094298246,4,456,8,1400,456,0.4561403509,0.4657142857,208,652
4550,3550,400,0.207528862,4.042183623,4,403,11,1314,403,0.4441687345,0.4657534247,179,612
4550,3650,412.3105626,0.2230867906,4.020408163,4,441,5,1223,441,0.4421768707,0.4627964023,195,566
4550,3750,412.3105626,0.2078888807,4.036585366,4,410,12,1117,410,0.4414634146,0.4601611459,181,514
4550,3850,447.2135955,0.2024359178,4.098086124,4,418,9,1004,418,0.4282296651,0.4521912351,179,454
4550,3950,509.9019514,0.204436508,4.079726651,4,439,8,894,439,0.4214123007,0.4474272931,185,400
4650,50,538.5164807,0.2211890545,4.352112676,5,426,8,872,426,0.4953051643,0.4885321101,211,426
4650,150,500,0.2282791697,4.330232558,5,430,7,968,430,0.4976744186,0.492768595,214,477
4650,250,447.2135955,0.2335703354,4.173611111,4,432,12,1089,432,0.4953703704,0.4903581267,214,534
4650,350,412.3105626,0.2309121166,4.305084746,5,413,9,1200,413,0.5036319613,0.4933333333,208,592
4650,450,412.3105626,0.2355913067,4.269585253,4,434,9,1313,434,0.5,0.495049505,217,650
4650,550,412.3105626,0.2163806886,4.347345133,4,452,10,1414,452,0.4955752212,0.4872701556,224,689
4650,650,412.3105626,0.199177205,4.260770975,4,441,8,1494,441,0.5056689342,0.4872824632,223,728
4650,750,412.3105626,0.2030023089,4.385135135,4,444,8,1559,444,0.5112612613,0.4836433611,227,754
4650,850,412.3105626,0.1888385738,4.565022422,5,446,14,1577,446,0.5269058296,0.4850982879,235,765
4650,950,412.3105626,0.1788451416,4.489130435,5,460,6,1589,460,0.5065217391,0.490874764,233,780
4650,1050,400,0.1689324851,4.604477612,5,402,4,1589,402,0.5074626866,0.4946507237,204,786
4650,1150,412.3105626,0.1882974824,4.479569892,4,465,4,1589,465,0.4946236559,0.4977973568,230,791
4650,1250,412.3105626,0.1991977835,4.356828194,4,454,10,1587,454,0.4933920705,0.4921235035,224,781
4650,1350,412.3105626,0.1987657805,4.412026726,4,449,7,1573,449,0.5055679287,0.4926891291,227,775
4650,1450,412.3105626,0.2080883409,4.363431151,4,443,8,1580,443,0.5124153499,0.4936708861,227,780
4650,1550,412.3105626,0.1978147622,4.55187638,4,453,7,1581,453,0.53200883,0.4939911448,241,781
4650,1650,412.3105626,0.1915800785,4.579064588,4,449,15,1595,449,0.5367483296,0.4952978056,241,790
4650,1750,412.3105626,0.2074439554,4.506818182,4,440,8,1579,440,0.525,0.491450285,231,776
4650,1850,412.3105626,0.2132018603,4.422897196,4,428,7,1569,428,0.523364486,0.4945825366,224,776
4650,1950,412.3105626,0.2051887251,4.247727273,4,440,8,1570,440,0.4977272727,0.4968152866,219,780
4650,2050,412.3105626,0.1905583166,4.123853211,4,436,11,1576,436,0.495412844,0.4987309645,216,786
4650,2150,412.3105626,0.1849835893,4.215730337,4,445,15,1557,445,0.4966292135,0.5035324342,221,784
4650,2250,412.3105626,0.1995162153,3.925339367,4,442,11,1536,442,0.4660633484,0.4986979167,206,766
4650,2350,412.3105626,0.2069478262,4.192560175,4,457,11,1520,457,0.47702407,0.4973684211,218,756
4650,2450,400,0.2113745049,4.239401496,4,401,9,1533,401,0.4788029925,0.4918460535,192,754
4650,2550,412.3105626,0.22474978,4.206208426,4,451,10,1555,451,0.487804878,0.4887459807,220,760
4650,2650,412.3105626,0.2376513657,4.043577982,4,436,6,1537,436,0.4839449541,0.4866623292,211,748
4650,2750,412.3105626,0.2485980617,4.058962264,4,424,11,1552,424,0.4905660377,0.4858247423,208,754
4650,2850,412.3105626,0.2515443538,4.103286385,4,426,3,1541,426,0.4882629108,0.4828033744,208,744
4650,2950,412.3105626,0.2275677405,4.304347826,5,437,7,1543,437,0.4988558352,0.4834737524,218,746
4650,3050,412.3105626,0.2149464931,4.061176471,4,425,6,1563,425,0.4941176471,0.4760076775,210,744
4650,3150,412.3105626,0.2011636562,4.163636364,4,440,7,1540,440,0.4931818182,0.475974026,217,733
4650,3250,412.3105626,0.2258365138,4.148063781,4,439,17,1535,439,0.4874715262,0.4684039088,214,719
4650,3350,412.3105626,0.2290077439,4.138392857,4,448,6,1507,448,0.4776785714,0.4698075647,214,708
4650,3450,412.3105626,0.2127793373,4.276086957,4,460,13,1410,460,0.4804347826,0.4680851064,221,660
4650,3550,412.3105626,0.2277172494,4.105960265,4,453,11,1325,453,0.4591611479,0.4679245283,208,620
4650,3650,400,0.2133884334,4.116049383,4,405,5,1223,405,0.4469135802,0.4677023712,181,572
4650,3750,412.3105626,0.2247339258,4.133333333,4,420,7,1117,420,0.4333333333,0.4700089526,182,525
4650,3850,447.2135955,0.2301672118,4.098557692,4,416,12,1014,416,0.4230769231,0.4674556213,176,474
4650,3950,500,0.2342473935,4.103448276,4,406,9,882,406,0.4137931034,0.4648526077,168,410
4750,50,538.5164807,0.2184743515,4.487058824,5,425,6,855,425,0.5152941176,0.4994152047,219,427
4750,150,500,0.2215753549,4.476744186,5,430,11,976,430,0.5139534884,0.4918032787,221,480
4750,250,447.2135955,0.2260235747,4.351981352,5,429,14,1073,429,0.5198135198,0.495806151,223,532
4750,350,424.2640687,0.2177973551,4.332574032,4,439,9,1193,439,0.5193621868,0.4928751048,228,588
4750,450,412.3105626,0.2147861204,4.646666667,5,450,10,1301,450,0.5288888889,0.4973097617,238,647
4750,550,412.3105626,0.2348769134,4.45890411,4,438,6,1425,438,0.5159817352,0.498245614,226,710
4750,650,412.3105626,0.2214397847,4.523076923,5,455,5,1500,455,0.5098901099,0.4946666667,232,742
4750,750,412.3105626,0.1857632262,4.424657534,4,438,9,1576,438,0.5273972603,0.4904822335,231,773
4750,850,412.3105626,0.1684409604,4.674008811,5,454,6,1561,454,0.5374449339,0.4907110826,244,766
4750,950,412.3105626,0.1778114217,4.52402746,5,437,4,1586,437,0.5354691076,0.4943253468,234,784
4750,1050,412.3105626,0.1761913561,4.470066519,4,451,5,1588,451,0.5166297118,0.4937027708,233,784
4750,1150,412.3105626,0.1914701933,4.456179775,4,445,9,1594,445,0.5123595506,0.5012547051,228,799
4750,1250,412.3105626,0.1955524774,4.579175705,4,461,10,1579,461,0.5075921909,0.5047498417,234,797
4750,1350,412.3105626,0.2054145726,4.262910798,4,426,9,1580,426,0.5164319249,0.4981012658,220,787
4750,1450,412.3105626,0.1906877757,4.412556054,4,446,8,1576,446,0.5246636771,0.5006345178,234,789
4750,1550,400,0.190964949,4.58560794,4,403,13,1577,403,0.5210918114,0.5028535193,210,793
4750,1650,412.3105626,0.1979151256,4.710920771,4,467,9,1570,467,0.5310492505,0.5076433121,248,797
4750,1750,412.3105626,0.2012578174,4.447488584,4,438,4,1567,438,0.5296803653,0.5098915124,232,799
4750,1850,412.3105626,0.1960634019,4.447488584,4,438,7,1561,438,0.5205479452,0.5086483024,228,794
4750,1950,412.3105626,0.1965507552,4.452054795,4,438,9,1581,438,0.5159817352,0.5041113219,226,797
4750,2050,412.3105626,0.1855064248,4.353741497,4,441,11,1564,441,0.5124716553,0.5070332481,226,793
4750,2150,412.3105626,0.158891455,4.249422633,4,433,4,1550,433,0.519630485,0.5135483871,225,796
4750,2250,412.3105626,0.1812860713,4.346666667,4,450,8,1542,450,0.5111111111,0.5103761349,230,787
4750,2350,400,0.1993580683,4.245,4,400,8,1547,400,0.485,0.5061409179,194,783
4750,2450,400,0.2029294413,4.445783133,4,415,7,1540,415,0.4963855422,0.5051948052,206,778
4750,2550,412.3105626,0.2360273815,4.167042889,4,443,10,1538,443,0.4920993228,0.4934980494,218,759
4750,2650,412.3105626,0.2428257069,4.048723898,4,431,9,1522,431,0.4872389791,0.4960578187,210,755
4750,2750,412.3105626,0.2455687002,3.980906921,4,419,7,1548,419,0.491646778,0.4967700258,206,769
4750,2850,412.3105626,0.2246580118,4.287015945,5,439,4,1570,439,0.4988610478,0.4898089172,219,769
4750,2950,412.3105626,0.2238990666,4.31712963,5,432,5,1530,432,0.5092592593,0.4941176471,220,756
4750,3050,412.3105626,0.2247923244,4.214285714,4,434,9,1545,434,0.5,0.4906148867,217,758
4750,3150,412.3105626,0.2080776126,4.259770115,4,435,5,1541,435,0.5057471264,0.4879948086,220,752
4750,3250,412.3105626,0.2074270749,4.184269663,4,445,5,1544,445,0.4898876404,0.4831606218,218,746
4750,3350,412.3105626,0.2188680781,4.106430155,4,451,7,1525,451,0.4789356984,0.4819672131,216,735
4750,3450,400,0.2264970588,4.25,4,400,8,1436,400,0.475,0.4777158774,190,686
4750,3550,400,0.2346931674,4.380246914,4,405,10,1320,405,0.4691358025,0.478030303,190,631
4750,3650,412.3105626,0.2187180495,4.275488069,4,461,7,1230,461,0.4490238612,0.4739837398,207,583
4750,3750,412.3105626,0.2246728406,4.081339713,4,418,8,1135,418,0.4377990431,0.472246696,183,536
4750,3850,447.2135955,0.2288513008,4.151300236,4,423,8,1025,423,0.4278959811,0.4780487805,181,490
4750,3950,500,0.2392526007,4.07635468,4,406,6,887,406,0.4187192118,0.4735062007,170,420
4850,50,509.9019514,0.2261215203,4.67,5,400,8,838,400,0.5275,0.4964200477,211,416
4850,150,500,0.2285254883,4.770454545,5,440,5,961,440,0.5363636364,0.4963579605,236,477
4850,250,447.2135955,0.225802756,4.607623318,5,446,3,1086,446,0.533632287,0.5009208103,238,544
4850,350,412.3105626,0.2104021661,4.622596154,5,416,9,1179,416,0.5408653846,0.5072094996,225,598
4850,450,412.3105626,0.225818608,4.490654206,4,428,8,1305,428,0.5373831776,0.5057471264,230,660
4850,550,412.3105626,0.2208031838,4.814569536,5,453,3,1411,453,0.5364238411,0.5074415308,243,716
4850,650,412.3105626,0.224922928,4.641723356,5,441,5,1507,441,0.5328798186,0.502322495,235,757
4850,750,412.3105626,0.2135108253,4.738839286,5,448,11,1563,448,0.5401785714,0.5022392834,242,785
4850,850,412.3105626,0.1982801595,4.442352941,4,425,9,1558,425,0.5388235294,0.501283697,229,781
4850,950,412.3105626,0.1812159531,4.527149321,5,442,8,1566,442,0.5316742081,0.4993614304,235,782
4850,1050,412.3105626,0.2044886083,4.444700461,4,434,7,1566,434,0.5253456221,0.5051085568,228,791
4850,1150,412.3105626,0.2075674087,4.602197802,4,455,11,1558,455,0.5142857143,0.5083440308,234,792
4850,1250,412.3105626,0.215368507,4.456422018,4,436,11,1566,436,0.5275229358,0.5114942529,230,801
4850,1350,412.3105626,0.204038913,4.448660714,4,448,8,1561,448,0.515625,0.5092889174,231,795
4850,1450,412.3105626,0.1965214273,4.496674058,4,451,6,1571,451,0.5232815965,0.5105028644,236,802
4850,1550,412.3105626,0.1999385821,4.572354212,4,463,4,1573,463,0.5183585313,0.5079465989,240,799
4850,1650,412.3105626,0.2034278086,4.540130152,4,461,7,1579,461,0.5184381779,0.5193160228,239,820
4850,1750,412.3105626,0.1947925949,4.560706402,4,453,6,1546,453,0.5298013245,0.5213454075,240,806
4850,1850,412.3105626,0.1829533676,4.537946429,4,448,5,1568,448,0.5245535714,0.5229591837,235,820
4850,1950,412.3105626,0.1829058127,4.602678571,4,448,5,1570,448,0.5245535714,0.5101910828,235,801
4850,2050,412.3105626,0.1783523358,4.59375,4,448,5,1584,448,0.5334821429,0.5107323232,239,809
4850,2150,412.3105626,0.1712146162,4.438914027,4,442,4,1559,442,0.5294117647,0.5176395125,234,807
4850,2250,400,0.176797644,4.516129032,4,403,8,1535,403,0.5136476427,0.5211726384,207,800
4850,2350,400,0.1816133181,4.420792079,4,404,7,1532,404,0.504950495,0.5124020888,204,785
4850,2450,400,0.200669101,4.382716049,4,405,10,1529,405,0.4987654321,0.5134074559,202,785
4850,2550,412.3105626,0.2246251549,4.258351893,4,449,7,1533,449,0.5011135857,0.5035877365,225,772
4850,2650,412.3105626,0.2355274527,4.227790433,4,439,13,1506,439,0.5056947608,0.5092961487,222,767
4850,2750,412.3105626,0.2187788091,4.255125285,4,439,10,1517,439,0.5102505695,0.4990112063,224,757
4850,2850,412.3105626,0.2265859547,4.2529274,5,427,8,1550,427,0.5105386417,0.5032258065,218,780
4850,2950,412.3105626,0.2212666735,4.287671233,5,438,7,1528,438,0.497716895,0.502617801,218,768
4850,3050,412.3105626,0.237761264,4.300904977,4,442,7,1523,442,0.4954751131,0.501641497,219,764
4850,3150,412.3105626,0.2211176787,4.248858447,4,438,8,1548,438,0.49543379,0.4980620155,217,771
4850,3250,412.3105626,0.2102557297,4.181609195,4,435,13,1557,435,0.4988505747,0.4971098266,217,774
4850,3350,400,0.2075201269,4.465517241,4,406,7,1502,406,0.4901477833,0.4953395473,199,744
4850,3450,412.3105626,0.233974183,4.203947368,4,456,8,1441,456,0.4736842105,0.493407356,216,711
4850,3550,400,0.2466475075,4.23573201,4,403,5,1339,403,0.4615384615,0.4943988051,186,662
4850,3650,400,0.2308834356,4.43872549,5,408,10,1255,408,0.4705882353,0.4876494024,192,612
4850,3750,412.3105626,0.2184622889,4.338028169,5,426,9,1150,426,0.4507042254,0.4843478261,192,557
4850,3850,447.2135955,0.2235112384,4.283687943,4,423,5,1028,423,0.4397163121,0.4844357977,186,498
4850,3950,500,0.2301114945,4.465853659,5,410,9,910,410,0.4512195122,0.4747252747,185,432
4950,50,538.5164807,0.2365825301,4.780885781,5,429,7,830,429,0.5361305361,0.5096385542,230,423
4950,150,500,0.2403831463,4.710588235,5,425,3,959,425,0.5364705882,0.5140771637,228,493
4950,250,424.2640687,0.2145853684,4.902985075,5,402,6,1068,402,0.552238806,0.5009363296,222,535
4950,350,412.3105626,0.2189999077,4.702179177,5,413,10,1180,413,0.5447941889,0.5050847458,225,596
4950,450,412.3105626,0.2309016999,4.697940503,5,437,7,1298,437,0.5400457666,0.5138674884,236,667
4950,550,412.3105626,0.2453447327,4.486997636,4,423,5,1384,423,0.5271867612,0.5101156069,223,706
4950,650,412.3105626,0.2182738958,4.766743649,5,433,4,1474,433,0.5542725173,0.5088195387,240,750
4950,750,412.3105626,0.2439838427,4.597122302,5,417,7,1520,417,0.5467625899,0.5085526316,228,773
4950,850,412.3105626,0.2390027322,4.496487119,4,427,5,1561,427,0.5292740047,0.5086483024,226,794
4950,950,412.3105626,0.2214945803,4.324519231,4,416,12,1554,416,0.5240384615,0.5096525097,218,792
4950,1050,412.3105626,0.1945468024,4.583892617,4,447,4,1574,447,0.5324384787,0.5184243964,238,816
4950,1150,412.3105626,0.2070785178,4.415137615,4,436,7,1566,436,0.5252293578,0.5249042146,229,822
4950,1250,412.3105626,0.2364385015,4.653333333,4,450,7,1586,450,0.52,0.5195460277,234,824
4950,1350,400,0.2317270408,4.9,5,400,6,1579,400,0.535,0.5243825206,214,828
4950,1450,400,0.2130833792,4.5425,4,400,9,1548,400,0.5075,0.5251937984,203,813
4950,1550,412.3105626,0.2194742023,4.539956803,4,463,9,1563,463,0.5097192225,0.5239923225,236,819
4950,1650,400,0.2151580227,4.6275,4,400,6,1538,400,0.5175,0.5253576073,207,808
4950,1750,412.3105626,0.194026608,4.745140389,4,463,9,1533,463,0.5313174946,0.5264187867,246,807
4950,1850,412.3105626,0.1713727262,4.678492239,4,451,7,1556,451,0.5454545455,0.5257069409,246,818
4950,1950,412.3105626,0.1721953503,4.592760181,4,442,11,1578,442,0.5475113122,0.5196451204,242,820
4950,2050,412.3105626,0.1744596605,4.542792793,4,444,10,1571,444,0.5382882883,0.5181413113,239,814
4950,2150,412.3105626,0.1739656612,4.623059867,4,451,9,1559,451,0.5321507761,0.5202052598,240,811
4950,2250,412.3105626,0.1863363091,4.533185841,4,452,7,1534,452,0.5265486726,0.5221642764,238,801
4950,2350,412.3105626,0.2116937823,4.454945055,4,455,10,1534,455,0.5120879121,0.5169491525,233,793
4950,2450,412.3105626,0.204166533,4.272123894,4,452,8,1520,452,0.5022123894,0.5131578947,227,780
4950,2550,412.3105626,0.222387237,4.346153846,4,442,4,1518,442,0.5135746606,0.5164690382,227,784
4950,2650,412.3105626,0.2205737973,4.397752809,5,445,7,1526,445,0.5191011236,0.5163826999,231,788
4950,2750,412.3105626,0.2199882986,4.546275395,5,443,11,1529,443,0.5282167043,0.5173315893,234,791
4950,2850,412.3105626,0.2185711733,4.476297968,5,443,5,1530,443,0.5214446953,0.5071895425,231,776
4950,2950,412.3105626,0.2332892836,4.424036281,5,441,6,1523,441,0.5170068027,0.5068942876,228,772
4950,3050,412.3105626,0.2215370206,4.404977376,5,442,8,1517,442,0.5067873303,0.5154911009,224,782
4950,3150,412.3105626,0.2424936687,3.98108747,4,423,9,1548,423,0.4775413712,0.5083979328,202,787
4950,3250,412.3105626,0.226365676,4.32166302,4,457,5,1557,457,0.4814004376,0.5105973025,220,795
4950,3350,400,0.2235734864,4.369077307,4,401,5,1497,401,0.4812967581,0.50501002,193,756
4950,3450,412.3105626,0.2276426517,4.281995662,4,461,7,1437,461,0.4750542299,0.5052192067,219,726
4950,3550,400,0.244872358,4.302211302,4,407,8,1333,407,0.4619164619,0.5018754689,188,669
4950,3650,400,0.2361158988,4.311720698,4,401,9,1254,401,0.4663341646,0.4968102073,187,623
4950,3750,412.3105626,0.2373495344,4.492857143,4.5,420,7,1151,420,0.4738095238,0.493483927,199,568
4950,3850,447.2135955,0.2267839533,4.452784504,4,413,10,1037,413,0.4721549637,0.4898746384,195,508
4950,3950,509.9019514,0.2401951736,4.495327103,4,428,15,928,428,0.476635514,0.4859913793,204,451
5050,50,538.5164807,0.2425871693,4.661835749,5,414,9,820,414,0.5289855072,0.5207317073,219,427
5050,150,500,0.2192116746,4.789115646,5,441,7,947,441,0.5283446712,0.5195353749,233,492
5050,250,424.2640687,0.2258402275,4.835,5,400,10,1061,400,0.54,0.5155513666,216,547
5050,350,412.3105626,0.2161560975,5.018348624,5,436,3,1179,436,0.5504587156,0.5131467345,240,605
5050,450,412.3105626,0.2412505252,4.629370629,5,429,6,1284,429,0.5314685315,0.519470405,228,667
5050,550,412.3105626,0.2309299635,4.665882353,5,425,6,1394,425,0.5458823529,0.5150645624,232,718
5050,650,412.3105626,0.2439805934,4.544794189,5,413,13,1490,413,0.5520581114,0.5161073826,228,769
5050,750,412.3105626,0.2389657099,4.564164649,5,413,9,1540,413,0.5544794189,0.5175324675,229,797
5050,850,412.3105626,0.2488534297,4.519047619,4,420,5,1558,420,0.530952381,0.5173299101,223,806
5050,950,412.3105626,0.2365433033,4.565217391,4,437,9,1566,437,0.5263157895,0.5204342273,230,815
5050,1050,412.3105626,0.2137635269,4.330296128,4,439,8,1583,439,0.5056947608,0.5255843335,222,832
5050,1150,412.3105626,0.2187926675,4.646017699,4,452,4,1551,452,0.5265486726,0.528691167,238,820
5050,1250,400,0.2225999004,4.713580247,5,405,7,1559,405,0.5135802469,0.5311096857,208,828
5050,1350,400,0.2391047976,4.724815725,4,407,8,1573,407,0.5061425061,0.5282898919,206,831
5050,1450,400,0.2370874581,5.075294118,4,425,12,1569,425,0.5247058824,0.5347355003,223,839
5050,1550,412.3105626,0.2344324915,4.860169492,4,472,5,1558,472,0.5254237288,0.5333761232,248,831
5050,1650,400,0.2017589626,4.790640394,4,406,9,1559,406,0.5295566502,0.5388069275,215,840
5050,1750,412.3105626,0.196831952,4.746724891,4,458,13,1560,458,0.5371179039,0.5371794872,246,838
5050,1850,412.3105626,0.1896952425,4.834801762,4,454,6,1569,454,0.5550660793,0.5302740599,252,832
5050,1950,412.3105626,0.1721217799,4.622171946,4,442,6,1568,442,0.5520361991,0.5318877551,244,834
5050,2050,412.3105626,0.172326205,4.692650334,4,449,7,1573,449,0.5456570156,0.5257469803,245,827
5050,2150,412.3105626,0.1817710626,4.682119205,4,453,9,1560,453,0.5386313466,0.5237179487,244,817
5050,2250,412.3105626,0.1861624326,4.434180139,4,433,8,1557,433,0.5334872979,0.5253692999,231,818
5050,2350,412.3105626,0.2044039315,4.529279279,4,444,6,1520,444,0.5292792793,0.5296052632,235,805
5050,2450,412.3105626,0.2166540153,4.623632385,4,457,9,1523,457,0.5251641138,0.5246224557,240,799
5050,2550,412.3105626,0.2121274168,4.569536424,5,453,11,1523,453,0.527593819,0.5279054498,239,804
5050,2650,412.3105626,0.2092823935,4.662251656,5,453,6,1531,453,0.5298013245,0.5218811234,240,799
5050,2750,412.3105626,0.2106771382,4.654185022,5,454,7,1511,454,0.5330396476,0.5248180013,242,793
5050,2850,412.3105626,0.2170056319,4.422818792,5,447,9,1513,447,0.514541387,0.5274289491,230,798
5050,2950,412.3105626,0.2408897935,4.495327103,5,428,4,1537,428,0.5257009346,0.5204944697,225,800
5050,3050,412.3105626,0.2430149036,4.374117647,4,425,13,1533,425,0.5223529412,0.5179386823,222,794
5050,3150,412.3105626,0.2321093765,4.455947137,4,454,12,1559,454,0.5,0.5189223861,227,809
5050,3250,412.3105626,0.2798248763,4.54,4,450,8,1555,450,0.4933333333,0.5215434084,222,811
5050,3350,412.3105626,0.2654940327,4.557986871,4,457,12,1522,457,0.4901531729,0.5229960578,224,796
5050,3450,412.3105626,0.2543217599,4.673640167,4,478,8,1429,478,0.489539749,0.5192442267,234,742
5050,3550,400,0.2447379304,4.526054591,5,403,5,1341,403,0.4888337469,0.5070842655,197,680
5050,3650,400,0.2494691781,4.38,4,400,12,1268,400,0.4725,0.5063091483,189,642
5050,3750,412.3105626,0.2432753165,4.557692308,4,416,4,1160,416,0.4831730769,0.500862069,201,581
5050,3850,447.2135955,0.2317031464,4.531862745,4,408,11,1045,408,0.4852941176,0.4956937799,198,518
5050,3950,509.9019514,0.2332723803,4.556338028,4,426,5,936,426,0.4882629108,0.4914529915,208,460
5150,50,538.5164807,0.2405138283,4.588785047,5,428,7,823,428,0.5070093458,0.5309842041,217,437
5150,150,500,0.2510278105,4.573113208,4.5,424,14,928,424,0.516509434,0.5290948276,219,491
5150,250,424.2640687,0.2468138041,4.702233251,5,403,9,1051,403,0.5136476427,0.5233111323,207,550
5150,350,412.3105626,0.2527028457,4.756690998,5,411,9,1179,411,0.5304136253,0.5216284987,218,615
5150,450,412.3105626,0.2489700918,4.997695853,5,434,10,1275,434,0.5622119816,0.5254901961,244,670
5150,550,412.3105626,0.2623833088,4.815850816,5,429,13,1370,429,0.5501165501,0.5255474453,236,720
5150,650,412.3105626,0.2569055237,4.59478673,5,422,6,1469,422,0.5379146919,0.5296119809,227,778
5150,750,412.3105626,0.2465064631,4.510791367,5,417,7,1568,417,0.5323741007,0.5235969388,222,821
5150,850,412.3105626,0.235163704,4.529137529,5,429,8,1564,429,0.5314685315,0.5268542199,228,824
5150,950,412.3105626,0.2391333793,4.472093023,4,430,9,1570,430,0.523255814,0.5369426752,225,843
5150,1050,412.3105626,0.2387847889,4.669584245,4,457,6,1577,457,0.5142231947,0.5345592898,235,843
5150,1150,400,0.236105889,4.542288557,4,402,11,1571,402,0.4925373134,0.5295989815,198,832
5150,1250,400,0.2280109534,4.733009709,4,412,3,1545,412,0.5072815534,0.5346278317,209,826
5150,1350,400,0.2373887978,4.809290954,4,409,5,1562,409,0.5134474328,0.5358514725,210,837
5150,1450,400,0.2363723733,4.896039604,4,404,9,1551,404,0.5297029703,0.5390070922,214,836
5150,1550,400,0.2453831513,4.95320197,4,406,9,1557,406,0.5295566502,0.5427103404,215,845
5150,1650,400,0.2218463742,5.037406484,5,401,8,1569,401,0.5486284289,0.5423836839,220,851
5150,1750,412.3105626,0.1943231441,4.759825328,4,458,8,1565,458,0.5436681223,0.5412140575,249,847
5150,1850,412.3105626,0.1892669075,4.753812636,4,459,6,1586,459,0.5381263617,0.5346784363,247,848
5150,1950,412.3105626,0.1842728024,4.84009009,5,444,11,1597,444,0.5608108108,0.5309956168,249,848
5150,2050,412.3105626,0.1794702929,4.748868778,4,442,2,1568,442,0.5542986425,0.5318877551,245,834
5150,2150,412.3105626,0.1871997502,4.557603687,4,434,7,1575,434,0.5414746544,0.5352380952,235,843
5150,2250,412.3105626,0.1983210962,4.520737327,4,434,9,1540,434,0.5368663594,0.538961039,233,830
5150,2350,412.3105626,0.1866404426,4.663716814,4,452,7,1551,452,0.5353982301,0.5357833656,242,831
5150,2450,412.3105626,0.2053958639,4.77383592,5,451,11,1546,451,0.5454545455,0.5368693402,246,830
5150,2550,412.3105626,0.2123932978,4.842572062,5,451,5,1531,451,0.5432372506,0.5323318093,245,815
5150,2650,412.3105626,0.20449237,4.817982456,5,456,5,1533,456,0.5350877193,0.5290280496,244,811
5150,2750,412.3105626,0.2143580363,4.621315193,5,441,10,1542,441,0.5306122449,0.5272373541,234,813
5150,2850,412.3105626,0.2219199457,4.568181818,5,440,5,1530,440,0.5363636364,0.5241830065,236,802
5150,2950,412.3105626,0.2232342353,4.529816514,5,436,7,1543,436,0.5366972477,0.5288399222,234,816
5150,3050,412.3105626,0.2230702864,4.546697039,5,439,4,1547,439,0.5284738041,0.5371687136,232,831
5150,3150,412.3105626,0.264584534,4.783295711,5,443,7,1589,443,0.5304740406,0.5298930145,235,842
5150,3250,412.3105626,0.2692177468,4.767857143,4.5,448,8,1592,448,0.5267857143,0.5270100503,236,839
5150,3350,412.3105626,0.272848155,4.66741573,4,445,5,1542,445,0.5123595506,0.5317769131,228,820
5150,3450,412.3105626,0.2588018183,4.859213251,5,483,6,1459,483,0.4989648033,0.525017135,241,766
5150,3550,400,0.255006175,4.978365385,5,416,14,1363,416,0.5120192308,0.5223771093,213,712
5150,3650,400,0.2306541348,4.669154229,5,402,7,1265,402,0.4975124378,0.5169960474,200,654
5150,3750,412.3105626,0.2377705118,4.753623188,5,414,5,1176,414,0.5048309179,0.5110544218,209,601
5150,3850,447.2135955,0.2385668443,4.624078624,5,407,13,1033,407,0.4914004914,0.5004840271,200,517
5150,3950,509.9019514,0.234469496,4.781609195,5,435,11,926,435,0.4942528736,0.5097192225,215,472
5250,50,538.5164807,0.252362309,4.578199052,5,422,11,806,422,0.5118483412,0.5446650124,216,439
5250,150,500,0.2625817283,4.926436782,5,435,12,915,435,0.5379310345,0.5267759563,234,482
5250,250,447.2135955,0.2688985181,4.772009029,5,443,7,1034,443,0.5259593679,0.5309477756,233,549
5250,350,412.3105626,0.2553989065,4.914081146,5,419,5,1145,419,0.5393794749,0.5336244541,226,611
5250,450,412.3105626,0.2560234234,4.888111888,5,429,8,1253,429,0.5524475524,0.53471668,237,670
5250,550,412.3105626,0.2558859293,4.820276498,5,434,6,1357,434,0.5414746544,0.5320560059,235,722
5250,650,412.3105626,0.2584472198,4.536057692,5,416,12,1450,416,0.53125,0.5303448276,221,769
5250,750,412.3105626,0.2468972896,4.779545455,5,440,4,1549,440,0.5318181818,0.5326016785,234,825
5250,850,412.3105626,0.2324553023,4.535962877,5,431,7,1553,431,0.5197215777,0.5363811977,224,833
5250,950,412.3105626,0.240603512,4.822616408,5,451,7,1545,451,0.5299334812,0.5449838188,239,842
5250,1050,412.3105626,0.2593054034,4.527272727,4,440,6,1550,440,0.5090909091,0.5432258065,224,842
5250,1150,412.3105626,0.2353484162,4.659482759,4,464,12,1540,464,0.5086206897,0.5396103896,236,831
5250,1250,400,0.2339958781,4.613861386,4,404,7,1552,404,0.5024752475,0.5393041237,203,837
5250,1350,400,0.2524005044,4.876811594,4,414,9,1538,414,0.5144927536,0.5383615085,213,828
5250,1450,400,0.2536407539,4.866666667,4,405,5,1520,405,0.5185185185,0.5421052632,210,824
5250,1550,400,0.2330489489,4.983293556,4,419,12,1521,419,0.5202863962,0.5430637738,218,826
5250,1650,400,0.2215032313,4.99031477,4,413,10,1546,413,0.5351089588,0.5446313066,221,842
5250,1750,400,0.1973420754,5.097852029,5,419,10,1556,419,0.5489260143,0.5398457584,230,840
5250,1850,412.3105626,0.1920825888,4.760869565,4,460,8,1573,460,0.5434782609,0.5384615385,250,847
5250,1950,412.3105626,0.1888194628,4.825892857,5,448,14,1560,448,0.5535714286,0.5397435897,248,842
5250,2050,412.3105626,0.2076741006,4.947963801,5,442,9,1565,442,0.5656108597,0.5392971246,250,844
5250,2150,412.3105626,0.1968936379,4.694570136,4,442,11,1586,442,0.5452488688,0.5390920555,241,855
5250,2250,412.3105626,0.2007578172,4.850649351,4,462,8,1561,462,0.5346320346,0.5451633568,247,851
5250,2350,412.3105626,0.1813768135,4.954446855,5,461,1,1548,461,0.557483731,0.5406976744,257,837
5250,2450,412.3105626,0.2063404474,4.803571429,5,448,7,1558,448,0.5446428571,0.5410783055,244,843
5250,2550,412.3105626,0.228776038,4.81655481,5,447,8,1541,447,0.5436241611,0.5360155743,243,826
5250,2650,412.3105626,0.2276171331,4.613793103,5,435,12,1558,435,0.5287356322,0.5359435173,230,835
5250,2750,412.3105626,0.2263189879,4.787810384,5,443,7,1528,443,0.539503386,0.5379581152,239,822
5250,2850,412.3105626,0.2183067294,4.699095023,5,442,12,1535,442,0.5407239819,0.5328990228,239,818
5250,2950,412.3105626,0.2135885292,4.579069767,5,430,4,1553,430,0.5534883721,0.5370251127,238,834
5250,3050,412.3105626,0.251695054,4.849658314,5,439,13,1545,439,0.5489749431,0.5385113269,241,832
5250,3150,412.3105626,0.2512720768,4.872146119,5,438,10,1580,438,0.5433789954,0.5348101266,238,845
5250,3250,412.3105626,0.2513816098,4.925507901,5,443,2,1581,443,0.546275395,0.5281467426,242,835
5250,3350,400,0.260673292,5.062189055,5,402,6,1531,402,0.5348258706,0.5310254735,215,813
5250,3450,412.3105626,0.2632581264,5.112068966,5,464,12,1474,464,0.5344827586,0.5271370421,248,777
5250,3550,400,0.2798164417,5.151442308,5,416,5,1354,416,0.5144230769,0.5295420975,214,717
5250,3650,400,0.2511129748,5.240291262,5,412,8,1263,412,0.5291262136,0.5273159145,218,666
5250,3750,412.3105626,0.2221995017,4.919621749,5,423,14,1163,423,0.5130023641,0.5219260533,217,607
5250,3850,447.2135955,0.2247754733,5.051764706,5,425,10,1044,425,0.5105882353,0.5210727969,217,544
5250,3950,500,0.2139145957,5.225419664,5,417,8,902,417,0.5179856115,0.512195122,216,462
5350,50,538.5164807,0.2711251583,4.673076923,5,416,8,771,416,0.5216346154,0.5408560311,217,417
5350,150,500,0.28775231,4.854800937,5,427,14,869,427,0.5269320843,0.5431530495,225,472
5350,250,424.2640687,0.2672133655,4.920199501,5,401,10,993,401,0.536159601,0.5357502518,215,532
5350,350,412.3105626,0.2809608778,5.039906103,5,426,4,1104,426,0.5399061033,0.5380434783,230,594
5350,450,412.3105626,0.2587114015,5.112334802,5,454,2,1203,454,0.5462555066,0.5419783874,248,652
5350,550,412.3105626,0.2820798705,4.858796296,5,432,10,1312,432,0.5393518519,0.5426829268,233,712
5350,650,412.3105626,0.2581962362,4.469483568,4,426,2,1401,426,0.5164319249,0.5360456817,220,751
5350,750,412.3105626,0.2500370782,4.56091954,5,435,7,1471,435,0.5172413793,0.5343303875,225,786
5350,850,412.3105626,0.2361804158,4.734204793,5,459,4,1473,459,0.5119825708,0.5478615071,235,807
5350,950,412.3105626,0.2603785064,4.512761021,5,431,8,1470,431,0.5081206497,0.5523809524,219,812
5350,1050,412.3105626,0.2582834464,4.594036697,4,436,11,1457,436,0.5183486239,0.5497597804,226,801
5350,1150,412.3105626,0.2448742065,4.538631347,4,453,8,1462,453,0.5055187638,0.5424076607,229,793
5350,1250,400,0.2529262204,5,5,416,10,1458,416,0.5192307692,0.5432098765,216,792
5350,1350,400,0.2457902324,5.158536585,5,410,17,1460,410,0.543902439,0.545890411,223,797
5350,1450,400,0.2220719015,5.084541063,4,414,12,1460,414,0.5434782609,0.55,225,803
5350,1550,400,0.2213649718,4.99513382,4,411,10,1486,411,0.5377128954,0.5471063257,221,813
5350,1650,400,0.2139691761,4.956097561,4,410,13,1480,410,0.5341463415,0.5466216216,219,809
5350,1750,400,0.2096282797,5.102941176,5,408,7,1492,408,0.5514705882,0.5569705094,225,831
5350,1850,412.3105626,0.1959602888,5.032397408,5,463,8,1522,463,0.5701943844,0.5473061761,264,833
5350,1950,412.3105626,0.1993802925,4.92699115,4.5,452,8,1495,452,0.5553097345,0.5518394649,251,825
5350,2050,412.3105626,0.2016855098,4.837104072,4,442,8,1509,442,0.5588235294,0.5513585156,247,832
5350,2150,412.3105626,0.1906608332,4.825991189,5,454,3,1521,454,0.5440528634,0.5476660092,247,833
5350,2250,412.3105626,0.1860407123,5.074946467,5,467,6,1499,467,0.5610278373,0.5503669113,262,825
5350,2350,412.3105626,0.2206547469,4.883002208,4,453,4,1497,453,0.5408388521,0.545758183,245,817
5350,2450,412.3105626,0.2067475611,4.791666667,5,456,6,1501,456,0.5372807018,0.546302465,245,820
5350,2550,412.3105626,0.2315081812,4.696347032,5,438,9,1473,438,0.5388127854,0.5451459606,236,803
5350,2650,412.3105626,0.2239592531,4.79006772,5,443,10,1485,443,0.5485327314,0.5501683502,243,817
5350,2750,412.3105626,0.2344654259,4.740318907,5,439,4,1475,439,0.5375854214,0.5511864407,236,813
5350,2850,412.3105626,0.2174622349,4.798627002,5,437,12,1497,437,0.5537757437,0.5524382098,242,827
5350,2950,412.3105626,0.2385769185,4.984234234,5,444,9,1484,444,0.5518018018,0.5417789757,245,804
5350,3050,412.3105626,0.2361318854,4.912442396,5,434,6,1501,434,0.564516129,0.5416389074,245,813
5350,3150,412.3105626,0.2636388608,5.004662005,5,429,5,1520,429,0.5641025641,0.5427631579,242,825
5350,3250,412.3105626,0.2663066146,5.160714286,5,448,7,1531,448,0.5535714286,0.5323318093,248,815
5350,3350,412.3105626,0.2778666953,5.271714922,5,449,11,1478,449,0.5567928731,0.5338294993,250,789
5350,3450,412.3105626,0.2587992839,5.289978678,5,469,6,1402,469,0.552238806,0.5320970043,259,746
5350,3550,400,0.2401403993,5.640963855,5,415,6,1309,415,0.5710843373,0.5294117647,237,693
5350,3650,400,0.244643119,5.411904762,5,420,8,1193,420,0.5428571429,0.5322715842,228,635
5350,3750,412.3105626,0.2439537941,5.5,5,440,11,1107,440,0.5363636364,0.5284552846,236,585
5350,3850,424.2640687,0.2137841411,5.441975309,5,405,12,986,405,0.5283950617,0.5324543611,214,525
5350,3950,500,0.2130170623,5.402380952,5,420,9,862,420,0.530952381,0.5255220418,223,453
5450,50,538.5164807,0.2671703887,4.751207729,5,414,8,724,414,0.5362318841,0.5386740331,222,390
5450,150,500,0.2780563636,4.87587822,5,427,4,822,427,0.5386416862,0.5340632603,230,439
5450,250,424.2640687,0.273900193,4.957711443,5,402,8,925,402,0.5373134328,0.5351351351,216,495
5450,350,412.3105626,0.2661258825,5.101149425,5,435,7,1028,435,0.5448275862,0.5359922179,237,551
5450,450,412.3105626,0.2979634178,4.758700696,5,431,12,1133,431,0.5266821346,0.5419240953,227,614
5450,550,412.3105626,0.2716023047,4.860411899,5,437,7,1205,437,0.5354691076,0.5385892116,234,649
5450,650,412.3105626,0.2538886472,4.75,5,440,6,1301,440,0.5295454545,0.5441967717,233,708
5450,750,412.3105626,0.238499983,4.578587699,5,439,5,1350,439,0.5193621868,0.542962963,228,733
5450,850,412.3105626,0.2405298086,4.552511416,5,438,7,1390,438,0.5182648402,0.5460431655,227,759
5450,950,412.3105626,0.2462514295,4.82781457,5,453,13,1359,453,0.527593819,0.5511405445,239,749
5450,1050,412.3105626,0.2338111942,4.686800895,5,447,11,1370,447,0.5234899329,0.5467153285,234,749
5450,1150,412.3105626,0.2521163005,4.92173913,5,460,9,1373,460,0.5347826087,0.5484340859,246,753
5450,1250,400,0.2430662192,5.117788462,5,416,10,1405,416,0.5384615385,0.5444839858,224,765
5450,1350,400,0.2328906822,5.285377358,5,424,5,1378,424,0.5424528302,0.5471698113,230,754
5450,1450,400,0.229984414,5.200477327,5,419,10,1377,419,0.5441527446,0.5541031227,228,763
5450,1550,400,0.2338650152,4.945,4,400,6,1392,400,0.5375,0.5545977011,215,772
5450,1650,400,0.2002874559,5.159904535,5,419,5,1402,419,0.553699284,0.5527817404,232,775
5450,1750,400,0.1952243942,4.865336658,5,401,4,1409,401,0.5486284289,0.5571327182,220,785
5450,1850,412.3105626,0.2166173389,5.006651885,4,451,9,1411,451,0.5676274945,0.5620127569,256,793
5450,1950,412.3105626,0.2213232231,4.959090909,5,440,3,1404,440,0.5704545455,0.5548433048,251,779
5450,2050,412.3105626,0.207847475,4.991091314,5,449,11,1402,449,0.5590200445,0.5584878745,251,783
5450,2150,412.3105626,0.189426099,5.136752137,5,468,9,1401,468,0.5598290598,0.5560314061,262,779
5450,2250,412.3105626,0.2089677547,5.041575492,5,457,9,1409,457,0.5557986871,0.5649396735,254,796
5450,2350,412.3105626,0.213931652,4.89380531,5,452,5,1389,452,0.5486725664,0.5637149028,248,783
5450,2450,412.3105626,0.228264657,4.880794702,5,453,11,1382,453,0.5474613687,0.5528219971,248,764
5450,2550,412.3105626,0.2108552545,4.775280899,5,445,17,1399,445,0.5483146067,0.5582558971,244,781
5450,2650,412.3105626,0.2256234045,4.773972603,5,438,6,1395,438,0.5479452055,0.5569892473,240,777
5450,2750,412.3105626,0.2271073182,4.803240741,5,432,10,1400,432,0.5625,0.5557142857,243,778
5450,2850,412.3105626,0.2259077879,4.756818182,5,440,8,1416,440,0.5454545455,0.5579096045,240,790
5450,2950,412.3105626,0.2351502119,5.116071429,5,448,3,1403,448,0.5558035714,0.5466856736,249,767
5450,3050,412.3105626,0.2478522565,5.158256881,5,436,11,1413,436,0.5711009174,0.5513092711,249,779
5450,3150,412.3105626,0.2536096933,5.108352144,5,443,11,1425,443,0.5620767494,0.5480701754,249,781
5450,3250,412.3105626,0.2856753057,5.484234234,5,444,8,1450,444,0.5765765766,0.5413793103,256,785
5450,3350,412.3105626,0.2785138971,5.751633987,5,459,17,1393,459,0.5882352941,0.5405599426,270,753
5450,3450,400,0.2682073982,5.741545894,5,414,7,1312,414,0.5748792271,0.5403963415,238,709
5450,3550,412.3105626,0.2498428128,5.55626327,5,471,10,1228,471,0.5732484076,0.5374592834,270,660
5450,3650,360.5551275,0.2265723961,5.688118812,5,404,8,1118,404,0.5618811881,0.5393559928,227,603
5450,3750,412.3105626,0.2256466778,5.740088106,6,454,6,1022,454,0.5484581498,0.5371819961,249,549
5450,3850,447.2135955,0.2142855742,5.465277778,6,432,11,923,432,0.5416666667,0.5384615385,234,497
5450,3950,500,0.2051259082,5.562352941,6,425,5,824,425,0.5411764706,0.5376213592,230,443
5550,50,538.5164807,0.2615112116,4.908415842,5,404,7,668,404,0.5445544554,0.5389221557,220,360
5550,150,500,0.2594217696,4.860520095,5,423,9,755,423,0.5460992908,0.5390728477,231,407
5550,250,447.2135955,0.2591803644,4.808126411,5,443,4,846,443,0.5440180587,0.5319148936,241,450
5550,350,412.3105626,0.2726260829,4.689320388,5,412,5,936,412,0.5339805825,0.5331196581,220,499
5550,450,412.3105626,0.2764898258,4.884526559,5,433,8,1031,433,0.5519630485,0.5412221145,239,558
5550,550,412.3105626,0.263427107,4.718969555,5,427,14,1117,427,0.5362997658,0.5416293644,229,605
5550,650,412.3105626,0.2548669082,4.812064965,5,431,9,1206,431,0.5475638051,0.539800995,236,651
5550,750,412.3105626,0.2513441794,4.649651972,5,431,11,1264,431,0.535962877,0.5435126582,231,687
5550,850,412.3105626,0.2233203483,4.541950113,5,441,6,1278,441,0.5260770975,0.544600939,232,696
5550,950,412.3105626,0.2230168792,4.613995485,5,443,8,1276,443,0.5282167043,0.552507837,234,705
5550,1050,400,0.2313581126,5.007462687,5,402,7,1276,402,0.5373134328,0.5493730408,216,701
5550,1150,400,0.2471400383,5.134939759,5,415,7,1288,415,0.534939759,0.5458074534,222,703
5550,1250,400,0.2367401258,5.126213592,5,412,5,1279,412,0.5461165049,0.5449569977,225,697
5550,1350,400,0.237016078,5.270531401,5,414,9,1289,414,0.5555555556,0.543056633,230,700
5550,1450,400,0.2330630156,5.209876543,5,405,6,1286,405,0.562962963,0.5520995334,228,710
5550,1550,400,0.2296337093,5.133004926,5,406,11,1300,406,0.5517241379,0.5546153846,224,721
5550,1650,412.3105626,0.2308472503,5.057522124,5,452,10,1293,452,0.5663716814,0.5552977572,256,718
5550,1750,412.3105626,0.217342763,4.948314607,5,445,12,1284,445,0.5730337079,0.5576323988,255,716
5550,1850,412.3105626,0.2059382142,5.039911308,5,451,7,1298,451,0.5742793792,0.5593220339,259,726
5550,1950,412.3105626,0.2189205262,5.04954955,5,444,11,1317,444,0.5743243243,0.5550493546,255,731
5550,2050,412.3105626,0.1970828546,4.995535714,5,448,7,1297,448,0.5714285714,0.5597532768,256,726
5550,2150,412.3105626,0.2159926364,5.046460177,5,452,5,1288,452,0.5619469027,0.5628881988,254,725
5550,2250,412.3105626,0.2125798372,5.101098901,5,455,11,1294,455,0.567032967,0.5602782071,258,725
5550,2350,412.3105626,0.2250930476,5.121475054,5,461,7,1296,461,0.5596529284,0.5671296296,258,735
5550,2450,412.3105626,0.2182453975,5.079913607,5,463,10,1289,463,0.555075594,0.5562451513,257,717
5550,2550,412.3105626,0.2284900978,5.040358744,5,446,10,1295,446,0.5605381166,0.5583011583,250,723
5550,2650,412.3105626,0.2049082004,4.820224719,5,445,1,1306,445,0.5528089888,0.5620214395,246,734
5550,2750,412.3105626,0.206784897,4.965909091,5,440,6,1328,440,0.5727272727,0.5602409639,252,744
5550,2850,412.3105626,0.1945241917,5.045351474,5,441,8,1303,441,0.5782312925,0.5556408289,255,724
5550,2950,412.3105626,0.255097556,5.286036036,5,444,6,1316,444,0.5765765766,0.5478723404,256,721
5550,3050,412.3105626,0.2588161113,5.077464789,5,426,5,1326,426,0.5727699531,0.5497737557,244,729
5550,3150,412.3105626,0.2670280173,5.528508772,5,456,8,1331,456,0.5789473684,0.5514650639,264,734
5550,3250,412.3105626,0.2699750211,5.665934066,5,455,3,1333,455,0.5934065934,0.5491372843,270,732
5550,3350,412.3105626,0.2983170256,5.52402746,5,437,7,1282,437,0.585812357,0.5499219969,256,705
5550,3450,412.3105626,0.2716414577,5.915584416,5,462,6,1213,462,0.5952380952,0.5457543281,275,662
5550,3550,400,0.2563191703,6.061643836,6,438,14,1141,438,0.5753424658,0.5460122699,252,623
5550,3650,360.5551275,0.2322273335,5.892156863,6,408,3,1042,408,0.568627451,0.5460652591,232,569
5550,3750,412.3105626,0.2265968711,5.695852535,6,434,10,956,434,0.5668202765,0.5366108787,246,513
5550,3850,447.2135955,0.2111733452,5.397163121,6,423,11,859,423,0.5508274232,0.5343422584,233,459
5550,3950,500,0.2074909132,5.5025,6,400,10,767,400,0.555,0.5475880052,222,420
5650,50,600,0.2569076718,4.895883777,5,413,7,621,413,0.5520581114,0.5426731079,228,337
5650,150,509.9019514,0.2645080104,4.780193237,5,414,8,698,414,0.538647343,0.5329512894,223,372
5650,250,500,0.267197327,4.641509434,4,424,11,786,424,0.5448113208,0.5419847328,231,426
5650,350,424.2640687,0.2648055224,4.592592593,4,405,7,877,405,0.5456790123,0.5404789054,221,474
5650,450,424.2640687,0.2743091815,4.473933649,4,422,7,946,422,0.5331753555,0.5412262156,225,512
5650,550,412.3105626,0.2447580836,4.718204489,5,401,4,1037,401,0.5610972569,0.5419479267,225,562
5650,650,412.3105626,0.254643976,4.727047146,5,403,9,1113,403,0.5459057072,0.5408805031,220,602
5650,750,412.3105626,0.2364757948,4.849878935,5,413,3,1162,413,0.5593220339,0.5413080895,231,629
5650,850,412.3105626,0.2411907283,4.690072639,5,413,3,1153,413,0.5399515738,0.5472679965,223,631
5650,950,412.3105626,0.2259292889,4.780092593,5,432,8,1174,432,0.5347222222,0.5494037479,231,645
5650,1050,412.3105626,0.2222968961,4.670560748,5,428,11,1175,428,0.5280373832,0.5506382979,226,647
5650,1150,412.3105626,0.2237434373,5.194570136,5,442,5,1184,442,0.5633484163,0.5489864865,249,650
5650,1250,412.3105626,0.2293176628,5.129251701,5,441,6,1170,441,0.5578231293,0.5478632479,246,641
5650,1350,412.3105626,0.2375750449,4.939252336,4,428,11,1174,428,0.5560747664,0.5425894378,238,637
5650,1450,412.3105626,0.2432347531,5.06323185,4,427,5,1183,427,0.5644028103,0.5519864751,241,653
5650,1550,412.3105626,0.2364989327,5.169811321,5,424,7,1190,424,0.5801886792,0.5605042017,246,667
5650,1650,412.3105626,0.2250415812,4.856790123,4,405,4,1205,405,0.5777777778,0.5626556017,234,678
5650,1750,412.3105626,0.2265829236,5.210526316,5,418,7,1218,418,0.5956937799,0.5599343186,249,682
5650,1850,412.3105626,0.2159824209,5.043165468,5,417,5,1219,417,0.5827338129,0.5611156686,243,684
5650,1950,412.3105626,0.1973854381,5.021077283,5,427,9,1206,427,0.5737704918,0.5597014925,245,675
5650,2050,412.3105626,0.2043875276,4.988179669,5,423,6,1205,423,0.5768321513,0.5609958506,244,676
5650,2150,412.3105626,0.2164687027,4.995391705,5,434,13,1202,434,0.564516129,0.5682196339,245,683
5650,2250,412.3105626,0.22686522,5.244131455,5,426,9,1189,426,0.5751173709,0.5626576955,245,669
5650,2350,412.3105626,0.2224076151,5.158730159,5,441,13,1175,441,0.5555555556,0.5634042553,245,662
5650,2450,412.3105626,0.2250607457,5.069124424,5,434,7,1170,434,0.5552995392,0.5606837607,241,656
5650,2550,412.3105626,0.2179873459,4.997722096,5,439,8,1179,439,0.5489749431,0.5631891433,241,664
5650,2650,412.3105626,0.2007775353,4.946135831,5,427,7,1195,427,0.5620608899,0.5656903766,240,676
5650,2750,412.3105626,0.191148508,5.013921114,5,431,7,1203,431,0.56612529,0.5627597672,244,677
5650,2850,412.3105626,0.2261372735,5.161764706,5,408,9,1209,408,0.5931372549,0.5574855252,242,674
5650,2950,424.2640687,0.2319749903,5.007025761,5,427,5,1226,427,0.5901639344,0.5546492659,252,680
5650,3050,412.3105626,0.2720299905,5.409090909,5,418,3,1218,418,0.5837320574,0.5533661741,244,674
5650,3150,412.3105626,0.2678529989,5.796839729,5,443,8,1238,443,0.5936794582,0.5613893376,263,695
5650,3250,412.3105626,0.2897933762,5.6,5,425,3,1240,425,0.5811764706,0.5572580645,247,691
5650,3350,412.3105626,0.2756436298,5.773972603,5,438,7,1172,438,0.5844748858,0.5546075085,256,650
5650,3450,412.3105626,0.2757290884,5.773755656,5,442,7,1111,442,0.5837104072,0.5517551755,258,613
5650,3550,400,0.2591110354,6.175480769,6,416,14,1040,416,0.59375,0.5519230769,247,574
5650,3650,360.5551275,0.2429294636,6.140394089,6,406,7,970,406,0.5837438424,0.5494845361,237,533
5650,3750,412.3105626,0.2038484968,5.726392252,6,413,11,880,413,0.5714285714,0.55,236,484
5650,3850,447.2135955,0.2030843193,5.76119403,6,402,5,795,402,0.5671641791,0.5496855346,228,437
5650,3950,509.9019514,0.1936738552,5.627160494,6,405,15,717,405,0.5555555556,0.5536959554,225,397
5750,50,632.455532,0.2671363028,4.758536585,4,410,5,576,410,0.5414634146,0.5416666667,222,312
5750,150,583.0951895,0.261163134,4.747524752,5,404,8,631,404,0.551980198,0.5356576862,223,338
5750,250,509.9019514,0.2658131705,4.671604938,4,405,8,708,405,0.5481481481,0.5381355932,222,381
5750,350,500,0.2699441889,4.509478673,4,422,9,806,422,0.5331753555,0.5334987593,225,430
5750,450,447.2135955,0.2666599029,4.397560976,4,410,14,872,410,0.5365853659,0.5321100917,220,464
5750,550,447.2135955,0.2302614693,4.59178744,4,414,8,945,414,0.5652173913,0.5417989418,234,512
5750,650,447.2135955,0.2292177837,4.752336449,5,428,10,1009,428,0.558411215,0.5401387512,239,545
5750,750,447.2135955,0.2235733718,4.781105991,5,434,8,1054,434,0.5599078341,0.5426944972,243,572
5750,850,447.2135955,0.2292183623,4.792626728,5,434,10,1039,434,0.5576036866,0.5505293551,242,572
5750,950,447.2135955,0.214289776,4.795505618,5,445,6,1061,445,0.5505617978,0.5523091423,245,586
5750,1050,424.2640687,0.1982530439,4.699004975,5,402,6,1058,402,0.5447761194,0.5519848771,219,584
5750,1150,447.2135955,0.2165899587,5.094922737,5,453,9,1062,453,0.5695364238,0.549905838,258,584
5750,1250,424.2640687,0.2212784633,5.21446384,5,401,12,1052,401,0.5860349127,0.5522813688,235,581
5750,1350,424.2640687,0.2393228363,5.059850374,5,401,15,1060,401,0.5685785536,0.5471698113,228,580
5750,1450,447.2135955,0.2411092046,5.070294785,5,441,8,1083,441,0.5759637188,0.5521698984,254,598
5750,1550,447.2135955,0.238067188,5.048611111,5,432,10,1091,432,0.5856481481,0.5637030247,253,615
5750,1650,447.2135955,0.2325962606,4.895981087,4,423,6,1100,423,0.5839243499,0.5572727273,247,613
5750,1750,447.2135955,0.230740015,5.207459207,5,429,9,1091,429,0.6083916084,0.5673693859,261,619
5750,1850,447.2135955,0.2141579334,5.084705882,5,425,7,1090,425,0.6094117647,0.5605504587,259,611
5750,1950,447.2135955,0.2042912855,4.974770642,5,436,6,1098,436,0.5848623853,0.5619307832,255,617
5750,2050,447.2135955,0.2066489566,5.006756757,5,444,5,1087,444,0.5810810811,0.5584176633,258,607
5750,2150,424.2640687,0.2190831712,5.027227723,5,404,6,1070,404,0.5717821782,0.5719626168,231,612
5750,2250,424.2640687,0.2235779021,5.146634615,5,416,7,1072,416,0.5600961538,0.5671641791,233,608
5750,2350,424.2640687,0.2271623811,5.214634146,5,410,8,1060,410,0.5682926829,0.5650943396,233,599
5750,2450,412.3105626,0.224187844,5.181141439,5,403,7,1077,403,0.5558312655,0.5645311049,224,608
5750,2550,412.3105626,0.2023866062,5.271186441,5,413,8,1058,413,0.5665859564,0.5642722117,234,597
5750,2650,412.3105626,0.1917252549,5.02244389,5,401,7,1070,401,0.5561097257,0.5663551402,223,606
5750,2750,424.2640687,0.2064157543,5.051980198,5,404,10,1087,404,0.5668316832,0.5639374425,229,613
5750,2850,447.2135955,0.2226949159,5.308390023,5,441,12,1097,441,0.5986394558,0.5587967183,264,613
5750,2950,447.2135955,0.2464054976,5.193396226,5,424,8,1088,424,0.5990566038,0.5523897059,254,601
5750,3050,447.2135955,0.275551337,5.512761021,5,431,7,1110,431,0.6009280742,0.554954955,259,616
5750,3150,447.2135955,0.2654019426,5.792576419,5,458,4,1129,458,0.6048034934,0.5589016829,277,631
5750,3250,412.3105626,0.2719520599,5.855745721,5,409,14,1116,409,0.5843520782,0.5627240143,239,628
5750,3350,412.3105626,0.2796230218,5.824257426,5,404,5,1060,404,0.5792079208,0.5688679245,234,603
5750,3450,412.3105626,0.2742651137,5.849148418,5,411,8,1018,411,0.5766423358,0.5667976424,237,577
5750,3550,412.3105626,0.2645041568,6.080760095,6,421,9,946,421,0.5866983373,0.5665961945,247,536
5750,3650,412.3105626,0.245133331,5.990074442,6,403,8,878,403,0.5831265509,0.5615034169,235,493
5750,3750,447.2135955,0.2263071895,5.882352941,6,408,7,792,408,0.5808823529,0.5568181818,237,441
5750,3850,509.9019514,0.2203326241,5.889671362,6,426,10,722,426,0.5727699531,0.5595567867,244,404
5750,3950,583.0951895,0.20496462,5.733990148,6,406,13,653,406,0.5689655172,0.5558958652,231,363
5850,50,707.1067812,0.2617242114,4.740825688,4.5,436,6,506,436,0.5389908257,0.5434782609,235,275
5850,150,608.276253,0.2695362473,4.69,4,400,6,573,400,0.54,0.5427574171,216,311
5850,250,583.0951895,0.2684994553,4.59,4,400,5,641,400,0.5375,0.5475819033,215,351
5850,350,538.5164807,0.2660579018,4.556085919,4,419,6,709,419,0.5369928401,0.5472496474,225,388
5850,450,509.9019514,0.2625090457,4.38424821,4,419,8,775,419,0.5393794749,0.5432258065,226,421
5850,550,500,0.2254440863,4.65942029,5,414,5,827,414,0.5652173913,0.5417170496,234,448
5850,650,500,0.2244681209,4.786570743,5,417,8,902,417,0.5659472422,0.544345898,236,491
5850,750,500,0.2196729621,4.872641509,5,424,9,923,424,0.5731132075,0.548212351,243,506
5850,850,500,0.2367333623,4.736842105,5,418,7,941,418,0.5550239234,0.5589798087,232,526
5850,950,500,0.2088015045,4.825174825,5,429,9,930,429,0.5594405594,0.5537634409,240,515
5850,1050,500,0.2062597403,4.583333333,5,420,9,940,420,0.5428571429,0.5542553191,228,521
5850,1150,500,0.2075959324,4.927058824,5,425,6,933,425,0.5741176471,0.5605573419,244,523
5850,1250,500,0.2113115593,4.873809524,5,420,9,942,420,0.5738095238,0.5520169851,241,520
5850,1350,500,0.2325938064,5.054631829,5,421,6,945,421,0.5819477435,0.5513227513,245,521
5850,1450,500,0.2249356534,4.794044665,4,403,6,970,403,0.5856079404,0.5525773196,236,536
5850,1550,500,0.2197177831,4.906633907,5,407,4,963,407,0.5896805897,0.5659397715,240,545
5850,1650,500,0.2350432125,5.014888337,4,403,10,987,403,0.5980148883,0.5663627153,241,559
5850,1750,500,0.2279433885,5.169902913,5,412,5,980,412,0.6067961165,0.5663265306,250,555
5850,1850,500,0.213039864,4.912935323,5,402,4,966,402,0.6019900498,0.5652173913,242,546
5850,1950,500,0.2046653126,4.995283019,5,424,3,957,424,0.5849056604,0.5600835946,248,536
5850,2050,500,0.2126496876,4.986046512,5,430,15,955,430,0.5744186047,0.5706806283,247,545
5850,2150,500,0.2163855709,5.067264574,5,446,11,951,446,0.5650224215,0.570977918,252,543
5850,2250,500,0.2246364645,5.098850575,5,435,13,958,435,0.5632183908,0.5762004175,245,552
5850,2350,500,0.2260445606,5.136054422,5,441,7,940,441,0.5623582766,0.5691489362,248,535
5850,2450,500,0.2132344163,5.247787611,5,452,8,955,452,0.5707964602,0.5685863874,258,543
5850,2550,447.2135955,0.2021098246,5.263027295,5,403,7,955,403,0.5682382134,0.5748691099,229,549
5850,2650,500,0.1923923456,5.006726457,5,446,6,962,446,0.5582959641,0.5758835759,249,554
5850,2750,500,0.2037724181,4.956321839,5,435,4,951,435,0.5586206897,0.5667718191,243,539
5850,2850,500,0.2405625879,5.448275862,5,435,6,983,435,0.5908045977,0.5656154629,257,556
5850,2950,500,0.2529086446,5.341288783,5,419,12,980,419,0.5990453461,0.5581632653,251,547
5850,3050,500,0.2811678546,5.458536585,5,410,10,999,410,0.6,0.5635635636,246,563
5850,3150,500,0.27089611,5.823927765,5,443,12,980,443,0.6004514673,0.5755102041,266,564
5850,3250,447.2135955,0.2626681059,5.982673267,5,404,4,987,404,0.5965346535,0.5714285714,241,564
5850,3350,447.2135955,0.274165256,5.9075,5,400,16,945,400,0.5825,0.5735449735,233,542
5850,3450,500,0.2650520834,5.827133479,5,457,14,900,457,0.5842450766,0.5744444444,267,517
5850,3550,447.2135955,0.2598894199,6.105011933,6,419,5,843,419,0.5823389021,0.5765124555,244,486
5850,3650,500,0.2552198509,6.164351852,6,432,12,787,432,0.5902777778,0.5679796696,255,447
5850,3750,509.9019514,0.2318643941,6.066666667,6,420,5,714,420,0.5904761905,0.5602240896,248,400
5850,3850,583.0951895,0.2263071895,5.882352941,6,408,9,665,408,0.5808823529,0.5609022556,237,373
5850,3950,632.455532,0.2176798379,5.930952381,6,420,8,585,420,0.5738095238,0.5658119658,241,331
5950,50,728.0109889,0.2695362473,4.69,4,400,8,438,400,0.54,0.5456621005,216,239
5950,150,707.1067812,0.2645364985,4.678486998,5,423,4,497,423,0.548463357,0.5412474849,232,269
5950,250,640.3124237,0.2636239018,4.579710145,4,414,7,552,414,0.5410628019,0.5434782609,224,300
5950,350,608.276253,0.2617854995,4.451219512,4,410,9,619,410,0.5414634146,0.5476575121,222,339
5950,450,583.0951895,0.2613323885,4.411192214,4,411,8,665,411,0.5401459854,0.5428571429,222,361
5950,550,538.5164807,0.2375542331,4.666666667,5,402,4,723,402,0.5646766169,0.5518672199,227,399
5950,650,538.5164807,0.2284553176,4.848410758,5,409,6,767,409,0.5770171149,0.5449804433,236,418
5950,750,538.5164807,0.2248853612,4.893975904,5,415,8,787,415,0.5759036145,0.5514612452,239,434
5950,850,538.5164807,0.2271717997,5.035377358,5,424,7,812,424,0.5731132075,0.5615763547,243,456
5950,950,538.5164807,0.220063344,4.875,5,416,6,822,416,0.5673076923,0.5644768856,236,464
5950,1050,538.5164807,0.1970561723,4.619512195,5,410,11,827,410,0.5536585366,0.5574365175,227,461
5950,1150,538.5164807,0.2103335853,4.5995086,5,407,4,828,407,0.5528255528,0.5555555556,225,460
5950,1250,538.5164807,0.2186131959,4.861728395,5,405,6,810,405,0.5827160494,0.5518518519,236,447
5950,1350,565.6854249,0.2120133145,4.861575179,5,419,6,823,419,0.5871121718,0.5565006075,246,458
5950,1450,565.6854249,0.2207331434,4.814814815,4,405,4,842,405,0.5950617284,0.5736342043,241,483
5950,1550,565.6854249,0.2300376172,4.886419753,5,405,4,854,405,0.5950617284,0.5690866511,241,486
5950,1650,565.6854249,0.2260571227,4.916666667,4,408,7,864,408,0.5980392157,0.5729166667,244,495
5950,1750,538.5164807,0.2252269181,5.12967581,5,401,5,861,401,0.608478803,0.5679442509,244,489
5950,1850,538.5164807,0.2195374224,5.071960298,5,403,7,857,403,0.6004962779,0.5717619603,242,490
5950,1950,538.5164807,0.206775476,5.040865385,5,416,9,855,416,0.5865384615,0.5660818713,244,484
5950,2050,538.5164807,0.2079871128,5.056074766,5,428,5,825,428,0.5771028037,0.5757575758,247,475
5950,2150,509.9019514,0.2213051524,5.069651741,5,402,7,824,402,0.5696517413,0.5776699029,229,476
5950,2250,538.5164807,0.2208725282,5.085648148,5,432,6,821,432,0.5717592593,0.5700365408,247,468
5950,2350,538.5164807,0.2218185256,5.151029748,5,437,12,820,437,0.5629290618,0.5756097561,246,472
5950,2450,509.9019514,0.2169113379,5.22705314,5,414,13,832,414,0.5579710145,0.5757211538,231,479
5950,2550,509.9019514,0.2028193524,5.356973995,5,423,13,828,423,0.5697399527,0.5809178744,241,481
5950,2650,509.9019514,0.1909924888,5.019559902,5,409,2,829,409,0.5599022005,0.5802171291,229,481
5950,2750,538.5164807,0.2141208797,5.137209302,5,430,7,872,430,0.5720930233,0.5779816514,246,504
5950,2850,538.5164807,0.2548855612,5.231884058,5,414,8,877,414,0.5869565217,0.5701254276,243,500
5950,2950,538.5164807,0.2691928915,5.313868613,5,411,8,883,411,0.5863746959,0.5696489241,241,503
5950,3050,538.5164807,0.253131354,5.354368932,5,412,5,865,412,0.5995145631,0.5710982659,247,494
5950,3150,538.5164807,0.2697842129,5.804651163,5,430,9,866,430,0.6046511628,0.5762124711,260,499
5950,3250,509.9019514,0.2682157132,5.847826087,5,414,9,858,414,0.5869565217,0.5804195804,243,498
5950,3350,509.9019514,0.2740145687,5.852579853,5,407,7,839,407,0.5921375921,0.5768772348,241,484
5950,3450,509.9019514,0.2681183345,5.883054893,5,419,4,789,419,0.5823389021,0.5830164766,244,460
5950,3550,509.9019514,0.2493922354,5.827250608,5,411,12,749,411,0.5742092457,0.5821094793,236,436
5950,3650,538.5164807,0.2510618306,5.881067961,6,412,10,699,412,0.5703883495,0.5751072961,235,402
5950,3750,600,0.241176378,5.990291262,6,412,12,637,412,0.5849514563,0.5745682889,241,366
5950,3850,632.455532,0.2243014211,6.173493976,7,415,5,579,415,0.5975903614,0.5751295337,248,333
5950,3950,700,0.2198857259,5.975308642,6,405,9,521,405,0.5851851852,0.5777351248,237,301
